Time,Open,High,Low,Last,Change,%Chg,Volume
2025-08-17 17:00,64.87,65.04,64.51,64.54,-0.49,-0.75%,185
2025-08-17 17:05,64.55,64.59,64.53,64.58,0.04,0.06%,117
2025-08-17 17:10,64.56,64.63,64.54,64.63,0.05,0.08%,61
2025-08-17 17:15,64.65,64.71,64.65,64.67,0.04,0.06%,64
2025-08-17 17:20,64.68,64.68,64.65,64.65,-0.02,-0.03%,15
2025-08-17 17:25,64.68,64.76,64.68,64.75,0.1,0.15%,66
2025-08-17 17:30,64.72,64.72,64.66,64.66,-0.09,-0.14%,9
2025-08-17 17:35,64.66,64.66,64.66,64.66,0,0.00%,1
2025-08-17 17:40,64.64,64.64,64.61,64.64,-0.02,-0.03%,13
2025-08-17 17:45,64.64,64.64,64.64,64.64,0,0.00%,3
2025-08-17 17:50,64.63,64.63,64.63,64.63,-0.01,-0.02%,1
2025-08-17 18:00,64.64,64.64,64.62,64.63,0,0.00%,18
2025-08-17 18:05,64.6,64.6,64.6,64.6,-0.03,-0.05%,1
2025-08-17 18:10,64.59,64.6,64.58,64.58,-0.02,-0.03%,8
2025-08-17 18:15,64.6,64.62,64.6,64.62,0.04,0.06%,11
2025-08-17 18:20,64.61,64.61,64.61,64.61,-0.01,-0.02%,4
2025-08-17 18:25,64.61,64.65,64.61,64.64,0.03,0.05%,58
2025-08-17 18:30,64.64,64.65,64.64,64.64,0,0.00%,15
2025-08-17 18:35,64.65,64.65,64.65,64.65,0.01,0.02%,71
2025-08-17 18:40,64.64,64.65,64.61,64.61,-0.04,-0.06%,115
2025-08-17 18:45,64.63,64.63,64.61,64.62,0.01,0.02%,22
2025-08-17 18:50,64.6,64.62,64.6,64.62,0,0.00%,17
2025-08-17 18:55,64.6,64.6,64.58,64.58,-0.04,-0.06%,14
2025-08-17 19:00,64.59,64.61,64.55,64.57,-0.01,-0.02%,20
2025-08-17 19:05,64.56,64.63,64.56,64.59,0.02,0.03%,37
2025-08-17 19:10,64.6,64.69,64.6,64.67,0.08,0.12%,211
2025-08-17 19:15,64.67,64.69,64.67,64.67,0,0.00%,29
2025-08-17 19:20,64.67,64.68,64.66,64.67,0,0.00%,26
2025-08-17 19:25,64.66,64.66,64.63,64.64,-0.03,-0.05%,7
2025-08-17 19:30,64.65,64.65,64.63,64.63,-0.01,-0.02%,5
2025-08-17 19:35,64.65,64.68,64.65,64.68,0.05,0.08%,4
2025-08-17 19:40,64.69,64.78,64.69,64.77,0.09,0.14%,35
2025-08-17 19:45,64.77,64.77,64.74,64.74,-0.03,-0.05%,2
2025-08-17 19:50,64.77,64.84,64.77,64.83,0.09,0.14%,20
2025-08-17 19:55,64.81,64.84,64.81,64.82,-0.01,-0.02%,18
2025-08-17 20:00,64.83,64.83,64.54,64.6,-0.22,-0.34%,269
2025-08-17 20:05,64.64,64.67,64.55,64.55,-0.05,-0.08%,158
2025-08-17 20:10,64.59,64.67,64.57,64.63,0.08,0.12%,117
2025-08-17 20:15,64.65,64.73,64.62,64.73,0.1,0.15%,137
2025-08-17 20:20,64.75,64.77,64.74,64.75,0.02,0.03%,61
2025-08-17 20:25,64.76,64.76,64.68,64.71,-0.04,-0.06%,63
2025-08-17 20:30,64.72,64.76,64.72,64.73,0.02,0.03%,201
2025-08-17 20:35,64.75,64.75,64.68,64.7,-0.03,-0.05%,97
2025-08-17 20:40,64.71,64.73,64.7,64.72,0.02,0.03%,88
2025-08-17 20:45,64.78,64.83,64.77,64.82,0.1,0.15%,40
2025-08-17 20:50,64.82,64.83,64.82,64.82,0,0.00%,4
2025-08-17 20:55,64.84,64.84,64.81,64.82,0,0.00%,24
2025-08-17 21:00,64.82,64.84,64.79,64.79,-0.03,-0.05%,103
2025-08-17 21:05,64.8,64.83,64.79,64.8,0.01,0.02%,52
2025-08-17 21:10,64.82,64.83,64.79,64.8,0,0.00%,42
2025-08-17 21:15,64.79,64.82,64.78,64.79,-0.01,-0.02%,93
2025-08-17 21:20,64.79,64.82,64.78,64.82,0.03,0.05%,97
2025-08-17 21:30,64.78,64.85,64.76,64.82,0,0.00%,347
2025-08-17 21:35,64.82,64.82,64.74,64.79,-0.03,-0.05%,160
2025-08-17 21:40,64.79,64.84,64.79,64.83,0.04,0.06%,32
2025-08-17 21:45,64.84,64.88,64.83,64.84,0.01,0.02%,78
2025-08-17 21:50,64.84,64.84,64.77,64.77,-0.07,-0.11%,17
2025-08-17 21:55,64.78,64.83,64.78,64.81,0.04,0.06%,21
2025-08-17 22:00,64.82,64.86,64.82,64.83,0.02,0.03%,39
2025-08-17 22:05,64.81,64.81,64.74,64.78,-0.05,-0.08%,80
2025-08-17 22:10,64.76,64.85,64.75,64.83,0.05,0.08%,60
2025-08-17 22:15,64.83,64.83,64.8,64.8,-0.03,-0.05%,47
2025-08-17 22:20,64.82,64.86,64.81,64.84,0.04,0.06%,39
2025-08-17 22:25,64.84,64.88,64.83,64.83,-0.01,-0.02%,230
2025-08-17 22:30,64.83,64.85,64.8,64.85,0.02,0.03%,209
2025-08-17 22:35,64.85,64.88,64.85,64.87,0.02,0.03%,49
2025-08-17 22:40,64.87,64.87,64.87,64.87,0,0.00%,61
2025-08-17 22:45,64.87,64.87,64.82,64.85,-0.02,-0.03%,37
2025-08-17 22:50,64.86,64.88,64.86,64.88,0.03,0.05%,9
2025-08-17 22:55,64.9,64.93,64.9,64.91,0.03,0.05%,82
2025-08-17 23:00,64.93,64.93,64.9,64.9,-0.01,-0.02%,5
2025-08-17 23:05,64.91,64.92,64.9,64.92,0.02,0.03%,22
2025-08-17 23:10,64.91,64.92,64.91,64.92,0,0.00%,6
2025-08-17 23:15,64.91,64.91,64.91,64.91,-0.01,-0.02%,4
2025-08-17 23:20,64.94,64.94,64.92,64.92,0.01,0.02%,34
2025-08-17 23:25,64.92,64.95,64.92,64.95,0.03,0.05%,64
2025-08-17 23:30,64.95,64.98,64.95,64.96,0.01,0.02%,55
2025-08-17 23:40,64.95,64.95,64.95,64.95,-0.01,-0.02%,1
2025-08-17 23:45,64.93,64.95,64.93,64.94,-0.01,-0.02%,12
2025-08-17 23:55,64.9,64.9,64.9,64.9,-0.04,-0.06%,6
2025-08-18 0:00,64.95,64.95,64.92,64.93,0.03,0.05%,20
2025-08-18 0:10,64.91,64.92,64.91,64.92,-0.01,-0.02%,4
2025-08-18 0:15,64.93,64.96,64.93,64.95,0.03,0.05%,17
2025-08-18 0:20,64.94,64.94,64.94,64.94,-0.01,-0.02%,1
2025-08-18 0:25,64.94,64.94,64.86,64.89,-0.05,-0.08%,24
2025-08-18 0:30,64.88,64.99,64.87,64.93,0.04,0.06%,141
2025-08-18 0:35,64.95,64.97,64.94,64.96,0.03,0.05%,164
2025-08-18 0:40,64.94,64.97,64.92,64.93,-0.03,-0.05%,119
2025-08-18 0:45,64.93,64.95,64.92,64.93,0,0.00%,100
2025-08-18 0:50,64.93,64.96,64.92,64.96,0.03,0.05%,63
2025-08-18 0:55,64.95,64.97,64.93,64.93,-0.03,-0.05%,65
2025-08-18 1:00,64.95,65.02,64.93,65.02,0.09,0.14%,68
2025-08-18 1:05,65,65,64.95,64.95,-0.07,-0.11%,59
2025-08-18 1:10,64.98,65.1,64.98,65.06,0.11,0.17%,81
2025-08-18 1:15,65.06,65.12,65.06,65.12,0.06,0.09%,121
2025-08-18 1:20,65.13,65.27,65.11,65.27,0.15,0.23%,433
2025-08-18 1:25,65.24,65.24,65.18,65.2,-0.07,-0.11%,173
2025-08-18 1:30,65.21,65.29,65.21,65.25,0.05,0.08%,195
2025-08-18 1:35,65.25,65.28,65.23,65.28,0.03,0.05%,88
2025-08-18 1:40,65.27,65.27,65.2,65.25,-0.03,-0.05%,138
2025-08-18 1:45,65.27,65.28,65.2,65.22,-0.03,-0.05%,363
2025-08-18 1:50,65.19,65.22,65.13,65.14,-0.08,-0.12%,294
2025-08-18 1:55,65.15,65.22,65.15,65.16,0.02,0.03%,266
2025-08-18 2:00,65.16,65.16,65.04,65.04,-0.12,-0.18%,73
2025-08-18 2:05,65.04,65.05,64.95,64.97,-0.07,-0.11%,513
2025-08-18 2:10,64.98,65.02,64.95,64.98,0.01,0.02%,72
2025-08-18 2:15,64.98,65.02,64.98,65.02,0.04,0.06%,65
2025-08-18 2:20,65.02,65.06,65.01,65.04,0.02,0.03%,230
2025-08-18 2:25,65.05,65.05,65,65.04,0,0.00%,38
2025-08-18 2:30,65.04,65.08,64.96,64.98,-0.06,-0.09%,82
2025-08-18 2:35,64.96,64.96,64.89,64.93,-0.05,-0.08%,156
2025-08-18 2:40,64.93,64.94,64.86,64.91,-0.02,-0.03%,102
2025-08-18 2:45,64.89,64.91,64.82,64.82,-0.09,-0.14%,81
2025-08-18 2:50,64.83,64.89,64.82,64.89,0.07,0.11%,58
2025-08-18 2:55,64.89,64.92,64.82,64.84,-0.05,-0.08%,141
2025-08-18 3:00,64.84,64.92,64.84,64.9,0.06,0.09%,124
2025-08-18 3:05,64.91,64.93,64.83,64.84,-0.06,-0.09%,250
2025-08-18 3:10,64.83,64.9,64.83,64.86,0.02,0.03%,172
2025-08-18 3:15,64.87,64.87,64.78,64.82,-0.04,-0.06%,78
2025-08-18 3:20,64.81,64.95,64.79,64.9,0.08,0.12%,218
2025-08-18 3:25,64.91,64.91,64.8,64.85,-0.05,-0.08%,664
2025-08-18 3:30,64.87,64.93,64.86,64.9,0.05,0.08%,364
2025-08-18 3:35,64.89,64.92,64.88,64.92,0.02,0.03%,153
2025-08-18 3:40,64.92,64.97,64.91,64.96,0.04,0.06%,159
2025-08-18 3:45,64.93,64.98,64.92,64.93,-0.03,-0.05%,57
2025-08-18 3:50,64.92,64.95,64.92,64.92,-0.01,-0.02%,68
2025-08-18 3:55,64.93,65.09,64.93,64.97,0.05,0.08%,341
2025-08-18 4:00,64.98,64.99,64.93,64.97,0,0.00%,72
2025-08-18 4:05,64.96,65.04,64.96,65.03,0.06,0.09%,81
2025-08-18 4:10,65.03,65.1,65.03,65.09,0.06,0.09%,67
2025-08-18 4:15,65.1,65.16,65.09,65.14,0.05,0.08%,102
2025-08-18 4:20,65.16,65.31,65.15,65.28,0.14,0.21%,360
2025-08-18 4:25,65.29,65.33,65.22,65.24,-0.04,-0.06%,650
2025-08-18 4:30,65.27,65.28,65.2,65.27,0.03,0.05%,99
2025-08-18 4:35,65.27,65.29,65.26,65.29,0.02,0.03%,12
2025-08-18 4:40,65.28,65.3,65.28,65.3,0.01,0.02%,33
2025-08-18 4:45,65.28,65.32,65.28,65.31,0.01,0.02%,201
2025-08-18 4:50,65.31,65.37,65.31,65.31,0,0.00%,121
2025-08-18 4:55,65.32,65.35,65.26,65.27,-0.04,-0.06%,234
2025-08-18 5:00,65.26,65.29,65.2,65.2,-0.07,-0.11%,216
2025-08-18 5:05,65.2,65.21,65.15,65.18,-0.02,-0.03%,51
2025-08-18 5:10,65.19,65.19,65.15,65.15,-0.03,-0.05%,90
2025-08-18 5:15,65.14,65.15,65.07,65.07,-0.08,-0.12%,144
2025-08-18 5:20,65.07,65.09,64.99,65.03,-0.04,-0.06%,192
2025-08-18 5:25,65.02,65.1,64.97,65.1,0.07,0.11%,493
2025-08-18 5:30,65.11,65.15,65.09,65.15,0.05,0.08%,292
2025-08-18 5:35,65.13,65.19,65.12,65.14,-0.01,-0.02%,139
2025-08-18 5:40,65.14,65.14,65.09,65.11,-0.03,-0.05%,39
2025-08-18 5:45,65.11,65.11,65.07,65.09,-0.02,-0.03%,90
2025-08-18 5:50,65.09,65.12,65.03,65.04,-0.05,-0.08%,340
2025-08-18 5:55,65.02,65.21,65.02,65.21,0.17,0.26%,779
2025-08-18 6:00,65.2,65.24,65.19,65.2,-0.01,-0.02%,87
2025-08-18 6:05,65.19,65.2,65.13,65.13,-0.07,-0.11%,71
2025-08-18 6:10,65.12,65.12,65,65.05,-0.08,-0.12%,124
2025-08-18 6:15,65.04,65.07,65,65.03,-0.02,-0.03%,76
2025-08-18 6:20,65.06,65.12,65.06,65.1,0.07,0.11%,144
2025-08-18 6:25,65.1,65.12,65.09,65.1,0,0.00%,20
2025-08-18 6:30,65.11,65.22,65.11,65.18,0.08,0.12%,37
2025-08-18 6:35,65.19,65.23,65.19,65.21,0.03,0.05%,62
2025-08-18 6:40,65.21,65.23,65.21,65.21,0,0.00%,31
2025-08-18 6:45,65.22,65.24,65.16,65.17,-0.04,-0.06%,252
2025-08-18 6:50,65.16,65.16,65.09,65.1,-0.07,-0.11%,91
2025-08-18 6:55,65.11,65.15,65.11,65.11,0.01,0.02%,78
2025-08-18 7:00,65.12,65.15,65.1,65.13,0.02,0.03%,129
2025-08-18 7:05,65.13,65.15,65.08,65.13,0,0.00%,159
2025-08-18 7:10,65.12,65.16,65.12,65.16,0.03,0.05%,172
2025-08-18 7:15,65.16,65.17,65.12,65.13,-0.03,-0.05%,78
2025-08-18 7:20,65.13,65.16,65.11,65.14,0.01,0.02%,259
2025-08-18 7:25,65.14,65.21,65.12,65.16,0.02,0.03%,510
2025-08-18 7:30,65.13,65.16,65.07,65.09,-0.07,-0.11%,382
2025-08-18 7:35,65.08,65.08,64.96,64.96,-0.13,-0.20%,219
2025-08-18 7:40,65.01,65.05,65.01,65.03,0.07,0.11%,58
2025-08-18 7:45,65.04,65.11,65.02,65.03,0,0.00%,98
2025-08-18 7:50,65.04,65.11,65.03,65.08,0.05,0.08%,41
2025-08-18 7:55,65.08,65.08,65.01,65.05,-0.03,-0.05%,164
2025-08-18 8:00,65.01,65.07,64.91,65,-0.05,-0.08%,467
2025-08-18 8:05,65,65,64.86,64.92,-0.08,-0.12%,183
2025-08-18 8:10,64.92,64.93,64.85,64.92,0,0.00%,243
2025-08-18 8:15,64.92,65.02,64.83,64.85,-0.07,-0.11%,423
2025-08-18 8:20,64.84,64.92,64.83,64.86,0.01,0.02%,247
2025-08-18 8:25,64.87,64.89,64.81,64.83,-0.03,-0.05%,190
2025-08-18 8:30,64.83,64.83,64.48,64.48,-0.35,-0.54%,1755
2025-08-18 8:35,64.47,64.62,64.43,64.61,0.13,0.20%,1017
2025-08-18 8:40,64.61,64.74,64.59,64.65,0.04,0.06%,739
2025-08-18 8:45,64.65,64.69,64.6,64.66,0.01,0.02%,171
2025-08-18 8:50,64.66,64.77,64.64,64.68,0.02,0.03%,280
2025-08-18 8:55,64.68,64.72,64.64,64.68,0,0.00%,106
2025-08-18 9:00,64.67,64.74,64.64,64.68,0,0.00%,380
2025-08-18 9:05,64.66,64.71,64.58,64.6,-0.08,-0.12%,92
2025-08-18 9:10,64.61,64.61,64.57,64.58,-0.02,-0.03%,185
2025-08-18 9:15,64.57,64.67,64.57,64.66,0.08,0.12%,188
2025-08-18 9:20,64.67,64.79,64.67,64.72,0.06,0.09%,461
2025-08-18 9:25,64.72,64.74,64.68,64.68,-0.04,-0.06%,63
2025-08-18 9:30,64.66,64.87,64.64,64.86,0.18,0.28%,519
2025-08-18 9:35,64.88,65.01,64.84,65.01,0.15,0.23%,319
2025-08-18 9:40,65.01,65.11,64.99,65.06,0.05,0.08%,410
2025-08-18 9:45,65.06,65.1,65.01,65.02,-0.04,-0.06%,394
2025-08-18 9:50,65.03,65.03,64.95,64.95,-0.07,-0.11%,323
2025-08-18 9:55,64.96,65.02,64.96,64.99,0.04,0.06%,150
2025-08-18 10:00,65.01,65.1,65,65.05,0.06,0.09%,256
2025-08-18 10:05,65.04,65.13,64.97,64.98,-0.07,-0.11%,379
2025-08-18 10:10,64.98,65,64.94,64.94,-0.04,-0.06%,119
2025-08-18 10:15,64.95,65.05,64.94,65.04,0.1,0.15%,237
2025-08-18 10:20,65.04,65.21,65.04,65.17,0.13,0.20%,774
2025-08-18 10:25,65.18,65.25,65.13,65.14,-0.03,-0.05%,830
2025-08-18 10:30,65.15,65.18,65.02,65.02,-0.12,-0.18%,354
2025-08-18 10:35,65.02,65.13,65.02,65.1,0.08,0.12%,229
2025-08-18 10:40,65.11,65.12,65.08,65.1,0,0.00%,108
2025-08-18 10:45,65.11,65.12,65.03,65.12,0.02,0.03%,325
2025-08-18 10:50,65.12,65.19,65.11,65.16,0.04,0.06%,289
2025-08-18 10:55,65.17,65.21,65.15,65.21,0.05,0.08%,286
2025-08-18 11:00,65.21,65.27,65.16,65.19,-0.02,-0.03%,578
2025-08-18 11:05,65.18,65.22,65.12,65.15,-0.04,-0.06%,289
2025-08-18 11:10,65.16,65.22,65.16,65.2,0.05,0.08%,101
2025-08-18 11:15,65.18,65.2,65.13,65.15,-0.05,-0.08%,237
2025-08-18 11:20,65.16,65.2,65.15,65.16,0.01,0.02%,322
2025-08-18 11:25,65.17,65.22,65.14,65.22,0.06,0.09%,116
2025-08-18 11:30,65.21,65.21,65.13,65.19,-0.03,-0.05%,79
2025-08-18 11:35,65.2,65.25,65.2,65.22,0.03,0.05%,91
2025-08-18 11:40,65.23,65.25,65.2,65.2,-0.02,-0.03%,98
2025-08-18 11:45,65.21,65.25,65.2,65.22,0.02,0.03%,87
2025-08-18 11:50,65.21,65.24,65.21,65.22,0,0.00%,22
2025-08-18 11:55,65.22,65.25,65.21,65.24,0.02,0.03%,152
2025-08-18 12:00,65.24,65.28,65.21,65.27,0.03,0.05%,232
2025-08-18 12:05,65.28,65.45,65.28,65.41,0.14,0.21%,306
2025-08-18 12:10,65.41,65.46,65.36,65.39,-0.02,-0.03%,271
2025-08-18 12:15,65.4,65.73,65.4,65.72,0.33,0.50%,1033
2025-08-18 12:20,65.73,65.79,65.48,65.48,-0.24,-0.37%,1099
2025-08-18 12:25,65.48,65.55,65.47,65.53,0.05,0.08%,183
2025-08-18 12:30,65.54,65.6,65.51,65.59,0.06,0.09%,153
2025-08-18 12:35,65.57,65.6,65.51,65.53,-0.06,-0.09%,181
2025-08-18 12:40,65.54,65.59,65.53,65.53,0,0.00%,89
2025-08-18 12:45,65.52,65.55,65.48,65.5,-0.03,-0.05%,253
2025-08-18 12:50,65.5,65.55,65.47,65.53,0.03,0.05%,57
2025-08-18 12:55,65.52,65.56,65.51,65.55,0.02,0.03%,49
2025-08-18 13:00,65.53,65.58,65.52,65.54,-0.01,-0.02%,154
2025-08-18 13:05,65.53,65.58,65.53,65.57,0.03,0.05%,138
2025-08-18 13:10,65.54,65.58,65.54,65.55,-0.02,-0.03%,68
2025-08-18 13:15,65.53,65.61,65.51,65.59,0.04,0.06%,189
2025-08-18 13:20,65.6,65.67,65.54,65.57,-0.02,-0.03%,215
2025-08-18 13:25,65.56,65.63,65.52,65.63,0.06,0.09%,356
2025-08-18 13:30,65.6,65.66,65.57,65.63,0,0.00%,544
2025-08-18 13:35,65.61,65.64,65.61,65.62,-0.01,-0.02%,104
2025-08-18 13:40,65.62,65.69,65.6,65.65,0.03,0.05%,161
2025-08-18 13:45,65.65,65.65,65.61,65.63,-0.02,-0.03%,169
2025-08-18 13:50,65.63,65.63,65.58,65.59,-0.04,-0.06%,35
2025-08-18 13:55,65.58,65.58,65.55,65.57,-0.02,-0.03%,63
2025-08-18 14:00,65.56,65.59,65.49,65.53,-0.04,-0.06%,171
2025-08-18 14:05,65.52,65.52,65.44,65.44,-0.09,-0.14%,39
2025-08-18 14:10,65.44,65.47,65.44,65.46,0.02,0.03%,14
2025-08-18 14:15,65.47,65.47,65.39,65.41,-0.05,-0.08%,109
2025-08-18 14:20,65.44,65.5,65.44,65.5,0.09,0.14%,33
2025-08-18 14:25,65.52,65.55,65.51,65.52,0.02,0.03%,61
2025-08-18 14:30,65.52,65.54,65.51,65.53,0.01,0.02%,25
2025-08-18 14:35,65.53,65.53,65.44,65.53,0,0.00%,195
2025-08-18 14:40,65.53,65.55,65.48,65.48,-0.05,-0.08%,69
2025-08-18 14:45,65.48,65.51,65.48,65.51,0.03,0.05%,19
2025-08-18 14:50,65.53,65.56,65.53,65.55,0.04,0.06%,142
2025-08-18 14:55,65.57,65.57,65.51,65.53,-0.02,-0.03%,33
2025-08-18 15:00,65.54,65.54,65.52,65.52,-0.01,-0.02%,19
2025-08-18 15:05,65.52,65.53,65.51,65.52,0,0.00%,31
2025-08-18 15:10,65.52,65.53,65.51,65.53,0.01,0.02%,27
2025-08-18 15:15,65.53,65.55,65.53,65.55,0.02,0.03%,20
2025-08-18 15:20,65.54,65.56,65.54,65.56,0.01,0.02%,7
2025-08-18 15:25,65.57,65.58,65.57,65.58,0.02,0.03%,9
2025-08-18 15:30,65.57,65.59,65.57,65.58,0,0.00%,15
2025-08-18 15:35,65.58,65.58,65.54,65.54,-0.04,-0.06%,24
2025-08-18 15:40,65.52,65.54,65.51,65.53,-0.01,-0.02%,105
2025-08-18 15:45,65.53,65.55,65.53,65.53,0,0.00%,14
2025-08-18 15:50,65.54,65.55,65.54,65.55,0.02,0.03%,53
2025-08-18 15:55,65.54,65.54,65.47,65.51,-0.04,-0.06%,73
2025-08-18 16:00,65.5,65.5,65.46,65.46,-0.05,-0.08%,10
2025-08-18 16:05,65.42,65.42,65.42,65.42,-0.04,-0.06%,3
2025-08-18 16:45,65.45,65.46,65.45,65.46,0.04,0.06%,2
2025-08-18 16:55,65.51,65.51,65.46,65.46,0,0.00%,4
2025-08-18 19:00,65.57,65.57,65.48,65.55,0.09,0.14%,70
2025-08-18 19:05,65.53,65.53,65.53,65.53,-0.02,-0.03%,1
2025-08-18 19:10,65.54,65.54,65.54,65.54,0.01,0.02%,2
2025-08-18 19:15,65.5,65.5,65.48,65.48,-0.06,-0.09%,4
2025-08-18 19:20,65.49,65.49,65.49,65.49,0.01,0.02%,3
2025-08-18 19:25,65.48,65.48,65.45,65.47,-0.02,-0.03%,6
2025-08-18 19:30,65.46,65.47,65.46,65.47,0,0.00%,3
2025-08-18 19:35,65.49,65.5,65.49,65.5,0.03,0.05%,4
2025-08-18 19:40,65.47,65.47,65.46,65.46,-0.04,-0.06%,17
2025-08-18 19:45,65.46,65.48,65.46,65.48,0.02,0.03%,7
2025-08-18 19:50,65.47,65.49,65.47,65.49,0.01,0.02%,16
2025-08-18 19:55,65.47,65.47,65.47,65.47,-0.02,-0.03%,1
2025-08-18 20:00,65.45,65.45,65.34,65.35,-0.12,-0.18%,83
2025-08-18 20:05,65.35,65.37,65.33,65.37,0.02,0.03%,143
2025-08-18 20:10,65.37,65.38,65.32,65.33,-0.04,-0.06%,8
2025-08-18 20:15,65.37,65.38,65.36,65.37,0.04,0.06%,36
2025-08-18 20:20,65.37,65.45,65.37,65.44,0.07,0.11%,116
2025-08-18 20:25,65.41,65.44,65.41,65.41,-0.03,-0.05%,43
2025-08-18 20:30,65.42,65.43,65.42,65.43,0.02,0.03%,6
2025-08-18 20:35,65.4,65.41,65.37,65.38,-0.05,-0.08%,13
2025-08-18 20:40,65.37,65.37,65.37,65.37,-0.01,-0.02%,2
2025-08-18 20:45,65.37,65.38,65.35,65.36,-0.01,-0.02%,47
2025-08-18 20:50,65.34,65.36,65.34,65.36,0,0.00%,21
2025-08-18 20:55,65.36,65.37,65.33,65.34,-0.02,-0.03%,97
2025-08-18 21:00,65.35,65.35,65.26,65.26,-0.08,-0.12%,106
2025-08-18 21:05,65.25,65.34,65.25,65.34,0.08,0.12%,60
2025-08-18 21:10,65.33,65.34,65.32,65.34,0,0.00%,14
2025-08-18 21:15,65.33,65.33,65.3,65.31,-0.03,-0.05%,18
2025-08-18 21:20,65.33,65.33,65.3,65.3,-0.01,-0.02%,27
2025-08-18 21:25,65.31,65.31,65.31,65.31,0.01,0.02%,5
2025-08-18 21:30,65.31,65.34,65.31,65.34,0.03,0.05%,40
2025-08-18 21:35,65.35,65.35,65.35,65.35,0.01,0.02%,7
2025-08-18 21:40,65.33,65.33,65.3,65.3,-0.05,-0.08%,6
2025-08-18 21:45,65.3,65.3,65.27,65.29,-0.01,-0.02%,16
2025-08-18 21:50,65.28,65.28,65.28,65.28,-0.01,-0.02%,4
2025-08-18 21:55,65.26,65.28,65.26,65.27,-0.01,-0.02%,8
2025-08-18 22:00,65.26,65.35,65.26,65.35,0.08,0.12%,38
2025-08-18 22:05,65.34,65.34,65.33,65.33,-0.02,-0.03%,4
2025-08-18 22:10,65.34,65.37,65.33,65.35,0.02,0.03%,51
2025-08-18 22:15,65.34,65.35,65.33,65.35,0,0.00%,12
2025-08-18 22:20,65.35,65.36,65.35,65.35,0,0.00%,40
2025-08-18 22:25,65.35,65.35,65.31,65.34,-0.01,-0.02%,24
2025-08-18 22:30,65.3,65.3,65.3,65.3,-0.04,-0.06%,1
2025-08-18 22:35,65.25,65.26,65.25,65.25,-0.05,-0.08%,94
2025-08-18 22:40,65.26,65.28,65.25,65.28,0.03,0.05%,6
2025-08-18 22:50,65.28,65.29,65.26,65.27,-0.01,-0.02%,28
2025-08-18 23:00,65.27,65.27,65.25,65.25,-0.02,-0.03%,16
2025-08-18 23:05,65.24,65.24,65.23,65.24,-0.01,-0.02%,18
2025-08-18 23:10,65.24,65.24,65.24,65.24,0,0.00%,4
2025-08-18 23:15,65.23,65.23,65.22,65.22,-0.02,-0.03%,10
2025-08-18 23:20,65.22,65.22,65.21,65.22,0,0.00%,4
2025-08-18 23:25,65.21,65.21,65.17,65.19,-0.03,-0.05%,68
2025-08-18 23:35,65.2,65.2,65.18,65.19,0,0.00%,18
2025-08-18 23:40,65.19,65.21,65.17,65.2,0.01,0.02%,14
2025-08-18 23:45,65.21,65.22,65.2,65.21,0.01,0.02%,79
2025-08-18 23:50,65.22,65.22,65.2,65.2,-0.01,-0.02%,9
2025-08-18 23:55,65.19,65.19,65.19,65.19,-0.01,-0.02%,2
2025-08-19 0:00,65.18,65.2,65.16,65.2,0.01,0.02%,34
2025-08-19 0:05,65.2,65.24,65.2,65.23,0.03,0.05%,19
2025-08-19 0:10,65.22,65.23,65.22,65.22,-0.01,-0.02%,8
2025-08-19 0:20,65.23,65.23,65.2,65.2,-0.02,-0.03%,12
2025-08-19 0:25,65.2,65.2,65.19,65.2,0,0.00%,109
2025-08-19 0:30,65.2,65.21,65.14,65.17,-0.03,-0.05%,125
2025-08-19 0:35,65.14,65.17,65.13,65.17,0,0.00%,32
2025-08-19 0:40,65.17,65.17,65.1,65.11,-0.06,-0.09%,67
2025-08-19 0:45,65.1,65.14,65.08,65.11,0,0.00%,75
2025-08-19 0:50,65.1,65.12,65.08,65.12,0.01,0.02%,96
2025-08-19 0:55,65.11,65.2,65.11,65.19,0.07,0.11%,73
2025-08-19 1:00,65.2,65.35,65.19,65.33,0.14,0.21%,191
2025-08-19 1:05,65.33,65.37,65.32,65.32,-0.01,-0.02%,125
2025-08-19 1:10,65.31,65.31,65.19,65.21,-0.11,-0.17%,355
2025-08-19 1:15,65.21,65.25,65.2,65.22,0.01,0.02%,48
2025-08-19 1:20,65.22,65.3,65.21,65.26,0.04,0.06%,87
2025-08-19 1:25,65.25,65.3,65.24,65.28,0.02,0.03%,72
2025-08-19 1:30,65.28,65.28,65.23,65.24,-0.04,-0.06%,137
2025-08-19 1:35,65.26,65.3,65.25,65.29,0.05,0.08%,35
2025-08-19 1:40,65.3,65.39,65.3,65.37,0.08,0.12%,60
2025-08-19 1:45,65.37,65.39,65.34,65.34,-0.03,-0.05%,143
2025-08-19 1:50,65.33,65.34,65.22,65.26,-0.08,-0.12%,45
2025-08-19 1:55,65.25,65.26,65.24,65.25,-0.01,-0.02%,31
2025-08-19 2:00,65.24,65.24,65.09,65.12,-0.13,-0.20%,253
2025-08-19 2:05,65.13,65.18,65.08,65.12,0,0.00%,408
2025-08-19 2:10,65.13,65.14,65.08,65.08,-0.04,-0.06%,321
2025-08-19 2:15,65.09,65.15,65.09,65.11,0.03,0.05%,50
2025-08-19 2:20,65.08,65.08,65.05,65.07,-0.04,-0.06%,38
2025-08-19 2:25,65.08,65.11,65.08,65.11,0.04,0.06%,72
2025-08-19 2:30,65.09,65.09,65,65.04,-0.07,-0.11%,465
2025-08-19 2:35,65.05,65.14,65.05,65.09,0.05,0.08%,116
2025-08-19 2:40,65.09,65.1,65.05,65.07,-0.02,-0.03%,54
2025-08-19 2:45,65.09,65.15,65.09,65.14,0.07,0.11%,75
2025-08-19 2:50,65.14,65.14,65.11,65.12,-0.02,-0.03%,98
2025-08-19 2:55,65.12,65.14,65.09,65.09,-0.03,-0.05%,112
2025-08-19 3:00,65.11,65.2,65.06,65.17,0.08,0.12%,212
2025-08-19 3:05,65.12,65.15,65.11,65.15,-0.02,-0.03%,112
2025-08-19 3:10,65.12,65.15,65.08,65.14,-0.01,-0.02%,59
2025-08-19 3:15,65.14,65.22,65.13,65.18,0.04,0.06%,204
2025-08-19 3:20,65.16,65.16,65.06,65.08,-0.1,-0.15%,80
2025-08-19 3:25,65.12,65.17,65.01,65.03,-0.05,-0.08%,503
2025-08-19 3:30,65.04,65.11,65.04,65.09,0.06,0.09%,357
2025-08-19 3:35,65.1,65.1,64.95,64.96,-0.13,-0.20%,587
2025-08-19 3:40,64.94,65,64.93,64.99,0.03,0.05%,100
2025-08-19 3:45,65,65.07,64.95,64.97,-0.02,-0.03%,383
2025-08-19 3:50,64.96,65.01,64.93,64.94,-0.03,-0.05%,229
2025-08-19 3:55,64.93,64.96,64.91,64.91,-0.03,-0.05%,373
2025-08-19 4:00,64.9,64.96,64.9,64.96,0.05,0.08%,258
2025-08-19 4:05,64.98,64.98,64.89,64.94,-0.02,-0.03%,255
2025-08-19 4:10,64.93,64.95,64.87,64.87,-0.07,-0.11%,163
2025-08-19 4:15,64.88,64.92,64.85,64.86,-0.01,-0.02%,210
2025-08-19 4:20,64.86,64.99,64.86,64.98,0.12,0.19%,248
2025-08-19 4:25,64.98,65,64.95,64.97,-0.01,-0.02%,314
2025-08-19 4:30,64.96,64.98,64.94,64.94,-0.03,-0.05%,40
2025-08-19 4:35,64.95,64.97,64.9,64.94,0,0.00%,210
2025-08-19 4:40,64.94,65.02,64.92,65.01,0.07,0.11%,393
2025-08-19 4:45,65.02,65.06,64.99,65.01,0,0.00%,227
2025-08-19 4:50,65.01,65.01,64.92,64.93,-0.08,-0.12%,245
2025-08-19 4:55,64.97,65.02,64.96,65,0.07,0.11%,104
2025-08-19 5:00,65,65.04,64.97,65.01,0.01,0.02%,203
2025-08-19 5:05,65.02,65.07,64.99,65.02,0.01,0.02%,134
2025-08-19 5:10,65.01,65.07,65.01,65.04,0.02,0.03%,58
2025-08-19 5:15,65.05,65.08,65.01,65.01,-0.03,-0.05%,40
2025-08-19 5:20,65.03,65.04,64.97,64.98,-0.03,-0.05%,109
2025-08-19 5:25,64.98,64.98,64.88,64.94,-0.04,-0.06%,40
2025-08-19 5:30,64.92,64.99,64.9,64.98,0.04,0.06%,33
2025-08-19 5:35,64.97,64.97,64.9,64.91,-0.07,-0.11%,38
2025-08-19 5:40,64.91,65.01,64.87,64.89,-0.02,-0.03%,343
2025-08-19 5:45,64.89,64.91,64.84,64.84,-0.05,-0.08%,71
2025-08-19 5:50,64.84,64.88,64.81,64.84,0,0.00%,101
2025-08-19 5:55,64.85,64.89,64.83,64.85,0.01,0.02%,131
2025-08-19 6:00,64.87,64.89,64.84,64.89,0.04,0.06%,253
2025-08-19 6:05,64.89,64.92,64.83,64.84,-0.05,-0.08%,274
2025-08-19 6:10,64.84,64.93,64.84,64.91,0.07,0.11%,473
2025-08-19 6:15,64.91,65,64.88,64.95,0.04,0.06%,195
2025-08-19 6:20,64.95,64.95,64.93,64.95,0,0.00%,24
2025-08-19 6:25,64.94,64.97,64.94,64.95,0,0.00%,12
2025-08-19 6:30,64.94,64.96,64.9,64.96,0.01,0.02%,18
2025-08-19 6:35,64.97,65.05,64.95,64.96,0,0.00%,261
2025-08-19 6:40,64.96,65.08,64.96,65.07,0.11,0.17%,82
2025-08-19 6:45,65.09,65.14,65.08,65.08,0.01,0.02%,263
2025-08-19 6:50,65.08,65.08,65.03,65.06,-0.02,-0.03%,60
2025-08-19 6:55,65.06,65.14,65.06,65.11,0.05,0.08%,183
2025-08-19 7:00,65.12,65.14,65.08,65.14,0.03,0.05%,88
2025-08-19 7:05,65.13,65.18,65.08,65.13,-0.01,-0.02%,167
2025-08-19 7:10,65.15,65.18,65.1,65.11,-0.02,-0.03%,143
2025-08-19 7:15,65.1,65.19,65.1,65.12,0.01,0.02%,140
2025-08-19 7:20,65.1,65.1,65.02,65.07,-0.05,-0.08%,142
2025-08-19 7:25,65.07,65.09,65.04,65.06,-0.01,-0.02%,132
2025-08-19 7:30,65.07,65.07,64.99,65.03,-0.03,-0.05%,155
2025-08-19 7:35,65.03,65.08,64.98,64.99,-0.04,-0.06%,395
2025-08-19 7:40,64.98,65.02,64.95,64.96,-0.03,-0.05%,276
2025-08-19 7:45,64.97,65,64.96,65,0.04,0.06%,84
2025-08-19 7:50,64.98,65,64.93,64.93,-0.07,-0.11%,84
2025-08-19 7:55,64.93,65,64.93,65,0.07,0.11%,142
2025-08-19 8:00,64.99,65,64.85,64.88,-0.12,-0.18%,705
2025-08-19 8:05,64.88,64.91,64.82,64.85,-0.03,-0.05%,434
2025-08-19 8:10,64.83,64.88,64.78,64.86,0.01,0.02%,789
2025-08-19 8:15,64.86,64.9,64.85,64.88,0.02,0.03%,132
2025-08-19 8:20,64.88,64.95,64.88,64.94,0.06,0.09%,262
2025-08-19 8:25,64.97,65.04,64.97,65.02,0.08,0.12%,239
2025-08-19 8:30,65.01,65.03,64.94,64.99,-0.03,-0.05%,182
2025-08-19 8:35,64.98,65,64.97,64.97,-0.02,-0.03%,155
2025-08-19 8:40,64.97,65.03,64.94,65,0.03,0.05%,422
2025-08-19 8:45,65,65.1,65,65.09,0.09,0.14%,391
2025-08-19 8:50,65.08,65.24,65.08,65.15,0.06,0.09%,605
2025-08-19 8:55,65.14,65.15,64.99,65.04,-0.11,-0.17%,262
2025-08-19 9:00,65.04,65.05,65,65.03,-0.01,-0.02%,407
2025-08-19 9:05,65.03,65.03,64.96,65.02,-0.01,-0.02%,375
2025-08-19 9:10,65.03,65.05,64.97,65.05,0.03,0.05%,862
2025-08-19 9:15,65.03,65.25,65.02,65.19,0.14,0.22%,863
2025-08-19 9:20,65.2,65.28,65.15,65.17,-0.02,-0.03%,398
2025-08-19 9:25,65.18,65.25,65.09,65.21,0.04,0.06%,252
2025-08-19 9:30,65.21,65.24,65.16,65.23,0.02,0.03%,241
2025-08-19 9:35,65.22,65.23,65.12,65.12,-0.11,-0.17%,115
2025-08-19 9:40,65.13,65.15,65.08,65.13,0.01,0.02%,160
2025-08-19 9:45,65.14,65.19,65.11,65.18,0.05,0.08%,115
2025-08-19 9:50,65.18,65.24,65.14,65.16,-0.02,-0.03%,234
2025-08-19 9:55,65.15,65.18,65.14,65.17,0.01,0.02%,90
2025-08-19 10:00,65.16,65.19,65.13,65.18,0.01,0.02%,163
2025-08-19 10:05,65.16,65.25,65.13,65.13,-0.05,-0.08%,247
2025-08-19 10:10,65.15,65.29,65.13,65.29,0.16,0.25%,226
2025-08-19 10:15,65.29,65.29,65.21,65.26,-0.03,-0.05%,203
2025-08-19 10:20,65.27,65.29,65.21,65.24,-0.02,-0.03%,302
2025-08-19 10:25,65.24,65.26,65.19,65.2,-0.04,-0.06%,589
2025-08-19 10:30,65.19,65.22,65.14,65.18,-0.02,-0.03%,296
2025-08-19 10:35,65.19,65.22,65.15,65.22,0.04,0.06%,69
2025-08-19 10:40,65.22,65.29,65.17,65.18,-0.04,-0.06%,163
2025-08-19 10:45,65.16,65.19,65.08,65.12,-0.06,-0.09%,160
2025-08-19 10:50,65.11,65.15,64.96,64.98,-0.14,-0.21%,533
2025-08-19 10:55,64.96,64.98,64.89,64.91,-0.07,-0.11%,102
2025-08-19 11:00,64.89,64.97,64.87,64.96,0.05,0.08%,372
2025-08-19 11:05,64.96,65.1,64.96,65.02,0.06,0.09%,394
2025-08-19 11:10,65.02,65.03,64.97,64.97,-0.05,-0.08%,169
2025-08-19 11:15,64.96,65.02,64.96,65.02,0.05,0.08%,221
2025-08-19 11:20,65,65.02,64.99,65.01,-0.01,-0.02%,162
2025-08-19 11:25,65.02,65.06,65.02,65.03,0.02,0.03%,79
2025-08-19 11:30,65.03,65.03,64.98,65,-0.03,-0.05%,110
2025-08-19 11:35,65.01,65.02,64.98,65.01,0.01,0.02%,59
2025-08-19 11:40,65.01,65.03,64.98,65,-0.01,-0.02%,45
2025-08-19 11:45,64.99,65.01,64.95,64.97,-0.03,-0.05%,116
2025-08-19 11:50,64.97,64.97,64.94,64.95,-0.02,-0.03%,74
2025-08-19 11:55,64.95,64.95,64.91,64.92,-0.03,-0.05%,193
2025-08-19 12:00,64.93,64.97,64.92,64.94,0.02,0.03%,64
2025-08-19 12:05,64.93,64.95,64.92,64.95,0.01,0.02%,25
2025-08-19 12:10,64.95,64.95,64.78,64.81,-0.14,-0.22%,274
2025-08-19 12:15,64.82,64.89,64.82,64.86,0.05,0.08%,167
2025-08-19 12:20,64.87,64.87,64.84,64.85,-0.01,-0.02%,187
2025-08-19 12:25,64.85,64.86,64.83,64.85,0,0.00%,122
2025-08-19 12:30,64.84,64.86,64.81,64.82,-0.03,-0.05%,90
2025-08-19 12:35,64.81,64.88,64.81,64.88,0.06,0.09%,101
2025-08-19 12:40,64.89,64.91,64.87,64.88,0,0.00%,44
2025-08-19 12:45,64.89,64.91,64.83,64.86,-0.02,-0.03%,209
2025-08-19 12:50,64.86,64.91,64.84,64.87,0.01,0.02%,98
2025-08-19 12:55,64.88,64.88,64.84,64.85,-0.02,-0.03%,102
2025-08-19 13:00,64.86,64.88,64.83,64.87,0.02,0.03%,108
2025-08-19 13:05,64.87,64.91,64.87,64.88,0.01,0.02%,121
2025-08-19 13:10,64.89,64.9,64.86,64.87,-0.01,-0.02%,59
2025-08-19 13:15,64.89,64.9,64.81,64.81,-0.06,-0.09%,144
2025-08-19 13:20,64.81,64.9,64.8,64.87,0.06,0.09%,357
2025-08-19 13:25,64.88,64.93,64.86,64.91,0.04,0.06%,408
2025-08-19 13:30,64.92,64.98,64.92,64.98,0.07,0.11%,111
2025-08-19 13:35,64.98,65.02,64.97,65.02,0.04,0.06%,32
2025-08-19 13:40,65.01,65.01,64.99,65,-0.02,-0.03%,91
2025-08-19 13:45,65.01,65.03,65.01,65.03,0.03,0.05%,32
2025-08-19 13:50,65.03,65.09,65.03,65.04,0.01,0.02%,56
2025-08-19 13:55,65.04,65.05,65.02,65.02,-0.02,-0.03%,23
2025-08-19 14:00,65.05,65.07,65.03,65.03,0.01,0.02%,23
2025-08-19 14:05,65.02,65.04,65.01,65.04,0.01,0.02%,76
2025-08-19 14:10,65.04,65.05,65.04,65.05,0.01,0.02%,7
2025-08-19 14:15,65.04,65.06,65.04,65.06,0.01,0.02%,22
2025-08-19 14:20,65.08,65.08,65.07,65.08,0.02,0.03%,25
2025-08-19 14:25,65.09,65.11,65.07,65.07,-0.01,-0.02%,167
2025-08-19 14:30,65.06,65.07,65.05,65.06,-0.01,-0.02%,67
2025-08-19 14:35,65.07,65.09,65.04,65.07,0.01,0.02%,34
2025-08-19 14:40,65.06,65.06,65.02,65.02,-0.05,-0.08%,63
2025-08-19 14:45,65.03,65.03,64.98,64.98,-0.04,-0.06%,127
2025-08-19 14:50,64.97,64.99,64.96,64.96,-0.02,-0.03%,107
2025-08-19 14:55,64.96,65.02,64.95,65,0.04,0.06%,112
2025-08-19 15:00,65.01,65.04,65,65.01,0.01,0.02%,68
2025-08-19 15:05,65,65.04,64.99,65.03,0.02,0.03%,54
2025-08-19 15:10,65.04,65.05,65.04,65.05,0.02,0.03%,12
2025-08-19 15:15,65.04,65.05,65.02,65.02,-0.03,-0.05%,58
2025-08-19 15:20,65.02,65.06,65.02,65.06,0.04,0.06%,25
2025-08-19 15:25,65.06,65.08,65.06,65.08,0.02,0.03%,31
2025-08-19 15:30,65.07,65.15,65.07,65.12,0.04,0.06%,183
2025-08-19 15:35,65.12,65.13,65.09,65.1,-0.02,-0.03%,80
2025-08-19 15:40,65.1,65.1,65.09,65.1,0,0.00%,47
2025-08-19 15:45,65.11,65.13,65.11,65.11,0.01,0.02%,6
2025-08-19 15:50,65.11,65.11,65.07,65.09,-0.02,-0.03%,81
2025-08-19 15:55,65.1,65.1,65.09,65.09,0,0.00%,15
2025-08-19 16:00,65.09,65.09,65.07,65.07,-0.02,-0.03%,17
2025-08-19 16:10,65.08,65.08,65.08,65.08,0.01,0.02%,9
2025-08-19 16:20,65.08,65.08,65.08,65.08,0,0.00%,50
2025-08-19 16:50,65.06,65.06,65.03,65.03,-0.05,-0.08%,103
2025-08-19 19:00,65.16,65.21,65.15,65.19,0.16,0.25%,127
2025-08-19 19:05,65.2,65.2,65.19,65.19,0,0.00%,4
2025-08-19 19:10,65.18,65.18,65.15,65.15,-0.04,-0.06%,11
2025-08-19 19:15,65.17,65.18,65.17,65.18,0.03,0.05%,15
2025-08-19 19:20,65.17,65.18,65.16,65.16,-0.02,-0.03%,16
2025-08-19 19:25,65.16,65.17,65.15,65.15,-0.01,-0.02%,49
2025-08-19 19:30,65.19,65.2,65.18,65.2,0.05,0.08%,24
2025-08-19 19:35,65.2,65.2,65.2,65.2,0,0.00%,2
2025-08-19 19:40,65.19,65.2,65.19,65.2,0,0.00%,24
2025-08-19 19:45,65.18,65.19,65.18,65.19,-0.01,-0.02%,10
2025-08-19 19:50,65.2,65.2,65.19,65.19,0,0.00%,7
2025-08-19 19:55,65.21,65.22,65.2,65.21,0.02,0.03%,13
2025-08-19 20:00,65.2,65.29,65.18,65.27,0.06,0.09%,176
2025-08-19 20:05,65.27,65.27,65.2,65.2,-0.07,-0.11%,106
2025-08-19 20:10,65.17,65.2,65.17,65.2,0,0.00%,7
2025-08-19 20:15,65.18,65.19,65.12,65.12,-0.08,-0.12%,27
2025-08-19 20:20,65.13,65.13,65.1,65.1,-0.02,-0.03%,24
2025-08-19 20:25,65.1,65.11,65.08,65.09,-0.01,-0.02%,25
2025-08-19 20:30,65.05,65.05,65,65.05,-0.04,-0.06%,67
2025-08-19 20:35,65.04,65.04,65.01,65.04,-0.01,-0.02%,27
2025-08-19 20:40,65.04,65.09,65.04,65.08,0.04,0.06%,84
2025-08-19 20:45,65.05,65.06,65.02,65.04,-0.04,-0.06%,51
2025-08-19 20:50,65.05,65.08,65.04,65.05,0.01,0.02%,42
2025-08-19 20:55,65.04,65.04,65.02,65.02,-0.03,-0.05%,25
2025-08-19 21:00,65.01,65.02,64.96,64.97,-0.05,-0.08%,66
2025-08-19 21:05,64.96,65.02,64.96,65.02,0.05,0.08%,109
2025-08-19 21:10,65,65.03,64.99,65.01,-0.01,-0.02%,148
2025-08-19 21:15,64.99,65.05,64.99,65.03,0.02,0.03%,28
2025-08-19 21:20,65.03,65.03,65.03,65.03,0,0.00%,2
2025-08-19 21:30,65.04,65.07,65.03,65.07,0.04,0.06%,66
2025-08-19 21:35,65.03,65.07,65.03,65.05,-0.02,-0.03%,43
2025-08-19 21:40,65.01,65.04,64.98,64.98,-0.07,-0.11%,67
2025-08-19 21:45,64.98,65.05,64.98,65.04,0.06,0.09%,36
2025-08-19 21:50,65.04,65.05,65.02,65.04,0,0.00%,127
2025-08-19 21:55,65.02,65.03,65,65,-0.04,-0.06%,125
2025-08-19 22:00,64.99,65.03,64.99,65.02,0.02,0.03%,33
2025-08-19 22:05,65.03,65.07,65.03,65.05,0.03,0.05%,32
2025-08-19 22:10,65.05,65.06,65.03,65.04,-0.01,-0.02%,33
2025-08-19 22:15,65.04,65.05,64.93,64.97,-0.07,-0.11%,221
2025-08-19 22:20,64.96,64.98,64.95,64.98,0.01,0.02%,56
2025-08-19 22:25,64.97,64.98,64.92,64.95,-0.03,-0.05%,329
2025-08-19 22:30,64.98,64.98,64.98,64.98,0.03,0.05%,3
2025-08-19 22:35,64.96,64.96,64.96,64.96,-0.02,-0.03%,1
2025-08-19 22:40,64.96,64.96,64.96,64.96,0,0.00%,2
2025-08-19 22:55,64.96,64.98,64.96,64.98,0.02,0.03%,3
2025-08-19 23:00,64.98,64.98,64.98,64.98,0,0.00%,1
2025-08-19 23:05,64.99,64.99,64.98,64.98,0,0.00%,3
2025-08-19 23:10,64.99,64.99,64.99,64.99,0.01,0.02%,2
2025-08-19 23:15,64.99,64.99,64.99,64.99,0,0.00%,3
2025-08-19 23:25,64.99,64.99,64.97,64.98,-0.01,-0.02%,12
2025-08-19 23:30,64.99,65.01,64.98,65,0.02,0.03%,25
2025-08-19 23:35,64.98,65.06,64.98,65.06,0.06,0.09%,11
2025-08-19 23:40,65.06,65.06,65.05,65.05,-0.01,-0.02%,2
2025-08-19 23:50,65.09,65.09,65.09,65.09,0.04,0.06%,1
2025-08-20 0:05,65.07,65.08,65.07,65.08,-0.01,-0.02%,5
2025-08-20 0:10,65.08,65.12,65.08,65.12,0.04,0.06%,11
2025-08-20 0:15,65.13,65.13,65.13,65.13,0.01,0.02%,4
2025-08-20 0:20,65.12,65.12,65.11,65.11,-0.02,-0.03%,4
2025-08-20 0:25,65.1,65.1,65.1,65.1,-0.01,-0.02%,2
2025-08-20 0:30,65.1,65.12,65.08,65.11,0.01,0.02%,58
2025-08-20 0:35,65.11,65.15,65.11,65.15,0.04,0.06%,29
2025-08-20 0:40,65.15,65.15,65.13,65.14,-0.01,-0.02%,41
2025-08-20 0:45,65.12,65.14,65.12,65.13,-0.01,-0.02%,18
2025-08-20 0:50,65.15,65.23,65.15,65.23,0.1,0.15%,113
2025-08-20 0:55,65.23,65.3,65.23,65.3,0.07,0.11%,404
2025-08-20 1:00,65.29,65.41,65.28,65.37,0.07,0.11%,488
2025-08-20 1:05,65.36,65.36,65.26,65.28,-0.09,-0.14%,310
2025-08-20 1:10,65.28,65.36,65.28,65.34,0.06,0.09%,188
2025-08-20 1:15,65.34,65.36,65.31,65.36,0.02,0.03%,89
2025-08-20 1:20,65.36,65.38,65.33,65.37,0.01,0.02%,317
2025-08-20 1:25,65.36,65.38,65.32,65.36,-0.01,-0.02%,265
2025-08-20 1:30,65.35,65.4,65.34,65.38,0.02,0.03%,220
2025-08-20 1:35,65.37,65.43,65.37,65.42,0.04,0.06%,615
2025-08-20 1:40,65.42,65.44,65.4,65.42,0,0.00%,322
2025-08-20 1:45,65.4,65.42,65.4,65.41,-0.01,-0.02%,139
2025-08-20 1:50,65.41,65.42,65.39,65.41,0,0.00%,244
2025-08-20 1:55,65.41,65.44,65.4,65.41,0,0.00%,81
2025-08-20 2:00,65.4,65.4,65.33,65.36,-0.05,-0.08%,50
2025-08-20 2:05,65.39,65.44,65.38,65.42,0.06,0.09%,45
2025-08-20 2:10,65.43,65.45,65.41,65.43,0.01,0.02%,120
2025-08-20 2:15,65.43,65.43,65.42,65.42,-0.01,-0.02%,14
2025-08-20 2:20,65.43,65.51,65.43,65.51,0.09,0.14%,300
2025-08-20 2:25,65.53,65.55,65.51,65.53,0.02,0.03%,272
2025-08-20 2:30,65.54,65.61,65.5,65.55,0.02,0.03%,771
2025-08-20 2:35,65.56,65.59,65.5,65.56,0.01,0.02%,408
2025-08-20 2:40,65.56,65.56,65.53,65.53,-0.03,-0.05%,54
2025-08-20 2:45,65.51,65.52,65.47,65.52,-0.01,-0.02%,128
2025-08-20 2:50,65.51,65.55,65.49,65.55,0.03,0.05%,130
2025-08-20 2:55,65.53,65.57,65.52,65.53,-0.02,-0.03%,105
2025-08-20 3:00,65.54,65.56,65.46,65.49,-0.04,-0.06%,491
2025-08-20 3:05,65.48,65.5,65.45,65.45,-0.04,-0.06%,320
2025-08-20 3:10,65.45,65.45,65.37,65.41,-0.04,-0.06%,276
2025-08-20 3:15,65.41,65.42,65.39,65.4,-0.01,-0.02%,62
2025-08-20 3:20,65.39,65.48,65.39,65.42,0.02,0.03%,173
2025-08-20 3:25,65.43,65.46,65.39,65.46,0.04,0.06%,686
2025-08-20 3:30,65.45,65.63,65.45,65.58,0.12,0.18%,424
2025-08-20 3:35,65.57,65.59,65.49,65.57,-0.01,-0.02%,383
2025-08-20 3:40,65.58,65.72,65.58,65.71,0.14,0.21%,257
2025-08-20 3:45,65.72,65.72,65.64,65.69,-0.02,-0.03%,127
2025-08-20 3:50,65.66,65.69,65.63,65.66,-0.03,-0.05%,136
2025-08-20 3:55,65.65,65.68,65.65,65.67,0.01,0.02%,55
2025-08-20 4:00,65.65,65.65,65.59,65.59,-0.08,-0.12%,81
2025-08-20 4:05,65.59,65.65,65.59,65.64,0.05,0.08%,39
2025-08-20 4:10,65.62,65.63,65.61,65.63,-0.01,-0.02%,43
2025-08-20 4:15,65.64,65.65,65.57,65.57,-0.06,-0.09%,69
2025-08-20 4:20,65.57,65.58,65.54,65.56,-0.01,-0.02%,222
2025-08-20 4:25,65.57,65.61,65.56,65.61,0.05,0.08%,598
2025-08-20 4:30,65.61,65.64,65.58,65.6,-0.01,-0.02%,52
2025-08-20 4:35,65.59,65.61,65.55,65.55,-0.05,-0.08%,173
2025-08-20 4:40,65.57,65.59,65.51,65.52,-0.03,-0.05%,223
2025-08-20 4:45,65.51,65.51,65.42,65.43,-0.09,-0.14%,455
2025-08-20 4:50,65.42,65.48,65.37,65.37,-0.06,-0.09%,334
2025-08-20 4:55,65.35,65.36,65.31,65.35,-0.02,-0.03%,199
2025-08-20 5:00,65.33,65.33,65.25,65.28,-0.07,-0.11%,163
2025-08-20 5:05,65.29,65.44,65.29,65.44,0.16,0.25%,332
2025-08-20 5:10,65.42,65.46,65.36,65.37,-0.07,-0.11%,216
2025-08-20 5:15,65.38,65.38,65.32,65.33,-0.04,-0.06%,74
2025-08-20 5:20,65.35,65.4,65.34,65.39,0.06,0.09%,36
2025-08-20 5:25,65.39,65.49,65.39,65.46,0.07,0.11%,182
2025-08-20 5:30,65.48,65.52,65.48,65.51,0.05,0.08%,166
2025-08-20 5:35,65.51,65.63,65.51,65.55,0.04,0.06%,125
2025-08-20 5:40,65.55,65.58,65.54,65.54,-0.01,-0.02%,37
2025-08-20 5:45,65.55,65.6,65.55,65.57,0.03,0.05%,57
2025-08-20 5:50,65.59,65.63,65.54,65.57,0,0.00%,145
2025-08-20 5:55,65.56,65.58,65.55,65.57,0,0.00%,165
2025-08-20 6:00,65.57,65.63,65.57,65.61,0.04,0.06%,209
2025-08-20 6:05,65.62,65.64,65.61,65.61,0,0.00%,123
2025-08-20 6:10,65.6,65.63,65.59,65.61,0,0.00%,21
2025-08-20 6:15,65.61,65.62,65.58,65.58,-0.03,-0.05%,47
2025-08-20 6:20,65.6,65.6,65.58,65.58,0,0.00%,39
2025-08-20 6:25,65.59,65.6,65.55,65.58,0,0.00%,134
2025-08-20 6:30,65.59,65.67,65.58,65.64,0.06,0.09%,222
2025-08-20 6:35,65.64,65.66,65.6,65.64,0,0.00%,258
2025-08-20 6:40,65.63,65.65,65.59,65.59,-0.05,-0.08%,67
2025-08-20 6:45,65.6,65.67,65.6,65.64,0.05,0.08%,115
2025-08-20 6:50,65.64,65.64,65.57,65.59,-0.05,-0.08%,70
2025-08-20 6:55,65.6,65.62,65.6,65.62,0.03,0.05%,51
2025-08-20 7:00,65.62,65.65,65.6,65.63,0.01,0.02%,284
2025-08-20 7:05,65.6,65.6,65.55,65.58,-0.05,-0.08%,169
2025-08-20 7:10,65.57,65.59,65.49,65.49,-0.09,-0.14%,228
2025-08-20 7:15,65.48,65.55,65.44,65.53,0.04,0.06%,565
2025-08-20 7:20,65.55,65.58,65.52,65.52,-0.01,-0.02%,155
2025-08-20 7:25,65.51,65.55,65.49,65.53,0.01,0.02%,24
2025-08-20 7:30,65.53,65.55,65.46,65.47,-0.06,-0.09%,89
2025-08-20 7:35,65.48,65.51,65.46,65.51,0.04,0.06%,80
2025-08-20 7:40,65.5,65.55,65.49,65.52,0.01,0.02%,110
2025-08-20 7:45,65.53,65.58,65.5,65.55,0.03,0.05%,138
2025-08-20 7:50,65.56,65.57,65.53,65.56,0.01,0.02%,54
2025-08-20 7:55,65.56,65.61,65.56,65.61,0.05,0.08%,137
2025-08-20 8:00,65.6,65.65,65.51,65.57,-0.04,-0.06%,843
2025-08-20 8:05,65.58,65.64,65.53,65.64,0.07,0.11%,321
2025-08-20 8:10,65.65,65.66,65.6,65.66,0.02,0.03%,247
2025-08-20 8:15,65.65,65.66,65.59,65.65,-0.01,-0.02%,460
2025-08-20 8:20,65.64,65.65,65.6,65.62,-0.03,-0.05%,278
2025-08-20 8:25,65.62,65.68,65.59,65.67,0.05,0.08%,407
2025-08-20 8:30,65.66,65.66,65.48,65.54,-0.13,-0.20%,296
2025-08-20 8:35,65.52,65.65,65.51,65.65,0.11,0.17%,231
2025-08-20 8:40,65.66,65.74,65.62,65.68,0.03,0.05%,430
2025-08-20 8:45,65.69,65.77,65.62,65.66,-0.02,-0.03%,302
2025-08-20 8:50,65.66,65.69,65.5,65.5,-0.16,-0.24%,573
2025-08-20 8:55,65.52,65.61,65.51,65.6,0.1,0.15%,308
2025-08-20 9:00,65.6,65.74,65.57,65.7,0.1,0.15%,506
2025-08-20 9:05,65.7,65.71,65.57,65.61,-0.09,-0.14%,166
2025-08-20 9:10,65.6,65.65,65.53,65.55,-0.06,-0.09%,124
2025-08-20 9:15,65.57,65.61,65.54,65.6,0.05,0.08%,137
2025-08-20 9:20,65.58,65.7,65.58,65.67,0.07,0.11%,194
2025-08-20 9:25,65.67,65.68,65.58,65.62,-0.05,-0.08%,534
2025-08-20 9:30,65.66,65.84,65.61,65.69,0.07,0.11%,658
2025-08-20 9:35,65.69,65.69,65.56,65.59,-0.1,-0.15%,249
2025-08-20 9:40,65.6,65.68,65.55,65.55,-0.04,-0.06%,282
2025-08-20 9:45,65.53,65.54,65.45,65.52,-0.03,-0.05%,265
2025-08-20 9:50,65.52,65.52,65.43,65.49,-0.03,-0.05%,468
2025-08-20 9:55,65.48,65.51,65.46,65.47,-0.02,-0.03%,191
2025-08-20 10:00,65.48,65.48,65.33,65.39,-0.08,-0.12%,383
2025-08-20 10:05,65.4,65.49,65.38,65.49,0.1,0.15%,372
2025-08-20 10:10,65.5,65.62,65.49,65.58,0.09,0.14%,149
2025-08-20 10:15,65.6,65.67,65.6,65.66,0.08,0.12%,286
2025-08-20 10:20,65.65,65.78,65.63,65.68,0.02,0.03%,922
2025-08-20 10:25,65.69,65.85,65.67,65.83,0.15,0.23%,760
2025-08-20 10:30,65.85,65.98,65.75,65.82,-0.01,-0.02%,1239
2025-08-20 10:35,65.81,65.83,65.79,65.82,0,0.00%,86
2025-08-20 10:40,65.83,65.98,65.8,65.96,0.14,0.21%,246
2025-08-20 10:45,65.95,65.96,65.91,65.94,-0.02,-0.03%,290
2025-08-20 10:50,65.94,66.03,65.91,66,0.06,0.09%,506
2025-08-20 10:55,66,66.03,65.95,66,0,0.00%,194
2025-08-20 11:00,66,66.12,65.99,66.06,0.06,0.09%,615
2025-08-20 11:05,66.06,66.06,65.97,65.97,-0.09,-0.14%,310
2025-08-20 11:10,65.96,66,65.92,65.92,-0.05,-0.08%,316
2025-08-20 11:15,65.93,65.95,65.86,65.87,-0.05,-0.08%,370
2025-08-20 11:20,65.88,65.91,65.84,65.89,0.02,0.03%,228
2025-08-20 11:25,65.89,65.97,65.86,65.95,0.06,0.09%,548
2025-08-20 11:30,65.94,65.94,65.89,65.9,-0.05,-0.08%,91
2025-08-20 11:35,65.89,65.92,65.86,65.92,0.02,0.03%,116
2025-08-20 11:40,65.92,65.98,65.92,65.98,0.06,0.09%,154
2025-08-20 11:45,65.98,66.02,65.97,66,0.02,0.03%,293
2025-08-20 11:50,65.98,65.98,65.92,65.93,-0.07,-0.11%,94
2025-08-20 11:55,65.94,66,65.93,65.99,0.06,0.09%,72
2025-08-20 12:00,65.98,65.98,65.88,65.89,-0.1,-0.15%,64
2025-08-20 12:05,65.89,65.92,65.88,65.89,0,0.00%,13
2025-08-20 12:10,65.91,65.91,65.86,65.89,0,0.00%,34
2025-08-20 12:15,65.87,65.95,65.87,65.94,0.05,0.08%,30
2025-08-20 12:20,65.95,65.95,65.87,65.93,-0.01,-0.02%,102
2025-08-20 12:25,65.93,65.96,65.93,65.96,0.03,0.05%,45
2025-08-20 12:30,65.95,66,65.95,65.96,0,0.00%,131
2025-08-20 12:35,65.94,65.95,65.91,65.94,-0.02,-0.03%,130
2025-08-20 12:40,65.93,66,65.92,65.99,0.05,0.08%,181
2025-08-20 12:45,66,66,65.85,65.91,-0.08,-0.12%,296
2025-08-20 12:50,65.89,65.94,65.88,65.93,0.02,0.03%,160
2025-08-20 12:55,65.93,65.93,65.8,65.84,-0.09,-0.14%,149
2025-08-20 13:00,65.82,65.91,65.79,65.87,0.03,0.05%,172
2025-08-20 13:05,65.86,65.92,65.85,65.88,0.01,0.02%,193
2025-08-20 13:10,65.88,65.95,65.87,65.88,0,0.00%,226
2025-08-20 13:15,65.88,65.94,65.86,65.92,0.04,0.06%,117
2025-08-20 13:20,65.92,65.96,65.89,65.91,-0.01,-0.02%,90
2025-08-20 13:25,65.92,65.94,65.84,65.89,-0.02,-0.03%,587
2025-08-20 13:30,65.89,66.05,65.89,66.03,0.14,0.21%,248
2025-08-20 13:35,66.03,66.06,66,66.01,-0.02,-0.03%,124
2025-08-20 13:40,66,66,65.98,65.99,-0.02,-0.03%,28
2025-08-20 13:45,65.98,66,65.97,66,0.01,0.02%,49
2025-08-20 13:50,65.99,66.04,65.99,66.03,0.03,0.05%,91
2025-08-20 13:55,66.02,66.03,66.02,66.03,0,0.00%,21
2025-08-20 14:00,66.03,66.04,66.02,66.04,0.01,0.02%,35
2025-08-20 14:05,66.04,66.07,66.03,66.06,0.02,0.03%,86
2025-08-20 14:10,66.07,66.08,66.04,66.06,0,0.00%,29
2025-08-20 14:15,66.05,66.07,66.04,66.05,-0.01,-0.02%,66
2025-08-20 14:20,66.05,66.06,66.04,66.06,0.01,0.02%,74
2025-08-20 14:25,66.06,66.08,66.06,66.07,0.01,0.02%,138
2025-08-20 14:30,66.06,66.06,66.04,66.04,-0.03,-0.05%,41
2025-08-20 14:35,66.05,66.05,66.01,66.03,-0.01,-0.02%,31
2025-08-20 14:40,66.06,66.06,66.04,66.04,0.01,0.02%,14
2025-08-20 14:45,66.04,66.06,66.03,66.06,0.02,0.03%,105
2025-08-20 14:50,66.05,66.05,66.01,66.01,-0.05,-0.08%,63
2025-08-20 14:55,66.01,66.02,66.01,66.01,0,0.00%,35
2025-08-20 15:00,66.05,66.08,66.05,66.07,0.06,0.09%,17
2025-08-20 15:05,66.06,66.06,66.04,66.04,-0.03,-0.05%,17
2025-08-20 15:10,66.04,66.05,66.04,66.05,0.01,0.02%,13
2025-08-20 15:15,66.04,66.05,66.03,66.05,0,0.00%,63
2025-08-20 15:20,66.05,66.05,66.04,66.04,-0.01,-0.02%,34
2025-08-20 15:25,66.03,66.06,66.03,66.06,0.02,0.03%,10
2025-08-20 15:30,66.04,66.04,66.01,66.01,-0.05,-0.08%,50
2025-08-20 15:35,66.01,66.01,65.98,65.98,-0.03,-0.05%,68
2025-08-20 15:40,65.99,66,65.99,66,0.02,0.03%,42
2025-08-20 15:45,65.99,65.99,65.97,65.97,-0.03,-0.05%,25
2025-08-20 15:50,65.96,65.96,65.95,65.95,-0.02,-0.03%,15
2025-08-20 15:55,65.97,66,65.96,65.98,0.03,0.05%,36
2025-08-20 16:05,66,66,65.98,65.98,0,0.00%,2
2025-08-20 16:10,65.97,65.97,65.96,65.96,-0.02,-0.03%,5
2025-08-20 16:45,65.99,66.05,65.99,66.05,0.09,0.14%,59
2025-08-20 16:50,66.05,66.12,66.05,66.11,0.06,0.09%,31
2025-08-20 19:00,66.01,66.05,65.98,66.03,-0.08,-0.12%,75
2025-08-20 19:05,66.04,66.08,66.04,66.06,0.03,0.05%,15
2025-08-20 19:10,66.06,66.06,66.04,66.04,-0.02,-0.03%,26
2025-08-20 19:15,66.04,66.04,66.01,66.01,-0.03,-0.05%,15
2025-08-20 19:20,66.01,66.01,65.99,66,-0.01,-0.02%,709
2025-08-20 19:25,66,66.02,66,66.01,0.01,0.02%,12
2025-08-20 19:30,66.02,66.05,66.02,66.05,0.04,0.06%,9
2025-08-20 19:35,66.06,66.06,66,66.01,-0.04,-0.06%,43
2025-08-20 19:40,66.01,66.01,66.01,66.01,0,0.00%,2
2025-08-20 19:45,66.02,66.03,66.01,66.03,0.02,0.03%,19
2025-08-20 19:50,66.01,66.01,65.99,65.99,-0.04,-0.06%,21
2025-08-20 19:55,66,66,65.99,65.99,0,0.00%,7
2025-08-20 20:00,65.98,66.01,65.92,66.01,0.02,0.03%,177
2025-08-20 20:05,65.98,65.98,65.98,65.98,-0.03,-0.05%,16
2025-08-20 20:10,65.97,65.97,65.96,65.96,-0.02,-0.03%,10
2025-08-20 20:15,65.98,65.98,65.95,65.95,-0.01,-0.02%,7
2025-08-20 20:20,65.96,66,65.95,65.98,0.03,0.05%,55
2025-08-20 20:25,66,66.11,66,66.1,0.12,0.18%,72
2025-08-20 20:30,66.1,66.24,66.1,66.19,0.09,0.14%,294
2025-08-20 20:35,66.21,66.27,66.21,66.26,0.07,0.11%,36
2025-08-20 20:40,66.27,66.32,66.26,66.26,0,0.00%,603
2025-08-20 20:45,66.26,66.26,66.23,66.24,-0.02,-0.03%,10
2025-08-20 20:50,66.23,66.24,66.19,66.2,-0.04,-0.06%,25
2025-08-20 20:55,66.19,66.19,66.14,66.14,-0.06,-0.09%,19
2025-08-20 21:00,66.13,66.13,66.1,66.1,-0.04,-0.06%,33
2025-08-20 21:05,66.14,66.15,66.14,66.14,0.04,0.06%,5
2025-08-20 21:10,66.14,66.14,66.13,66.14,0,0.00%,13
2025-08-20 21:15,66.13,66.13,66.08,66.11,-0.03,-0.05%,38
2025-08-20 21:20,66.12,66.12,66.12,66.12,0.01,0.02%,2
2025-08-20 21:25,66.12,66.12,66.11,66.12,0,0.00%,29
2025-08-20 21:30,66.14,66.17,66.13,66.14,0.02,0.03%,25
2025-08-20 21:35,66.14,66.17,66.12,66.16,0.02,0.03%,47
2025-08-20 21:40,66.14,66.15,66.11,66.15,-0.01,-0.02%,53
2025-08-20 21:45,66.14,66.15,66.11,66.13,-0.02,-0.03%,35
2025-08-20 21:50,66.14,66.15,66.14,66.15,0.02,0.03%,30
2025-08-20 21:55,66.14,66.14,66.07,66.07,-0.08,-0.12%,32
2025-08-20 22:00,66.09,66.11,66.09,66.1,0.03,0.05%,39
2025-08-20 22:05,66.11,66.11,66.09,66.11,0.01,0.02%,17
2025-08-20 22:10,66.12,66.12,66.09,66.09,-0.02,-0.03%,100
2025-08-20 22:15,66.09,66.11,66.09,66.11,0.02,0.03%,21
2025-08-20 22:20,66.08,66.08,66.04,66.08,-0.03,-0.05%,49
2025-08-20 22:25,66.1,66.15,66.1,66.14,0.06,0.09%,27
2025-08-20 22:30,66.11,66.12,66.1,66.12,-0.02,-0.03%,6
2025-08-20 22:40,66.14,66.15,66.14,66.15,0.03,0.05%,7
2025-08-20 22:45,66.13,66.13,66.12,66.12,-0.03,-0.05%,2
2025-08-20 22:50,66.12,66.12,66.12,66.12,0,0.00%,4
2025-08-20 22:55,66.13,66.13,66.13,66.13,0.01,0.02%,1
2025-08-20 23:05,66.12,66.12,66.12,66.12,-0.01,-0.02%,1
2025-08-20 23:10,66.11,66.12,66.09,66.09,-0.03,-0.05%,270
2025-08-20 23:15,66.14,66.17,66.14,66.17,0.08,0.12%,17
2025-08-20 23:20,66.15,66.16,66.15,66.16,-0.01,-0.02%,23
2025-08-20 23:25,66.16,66.16,66.14,66.15,-0.01,-0.02%,27
2025-08-20 23:30,66.16,66.16,66.13,66.15,0,0.00%,7
2025-08-20 23:35,66.13,66.14,66.11,66.11,-0.04,-0.06%,24
2025-08-20 23:40,66.13,66.16,66.13,66.16,0.05,0.08%,10
2025-08-20 23:45,66.16,66.18,66.15,66.16,0,0.00%,68
2025-08-20 23:50,66.15,66.16,66.15,66.15,-0.01,-0.02%,12
2025-08-20 23:55,66.16,66.16,66.13,66.15,0,0.00%,25
2025-08-21 0:00,66.14,66.14,66.12,66.12,-0.03,-0.05%,15
2025-08-21 0:05,66.11,66.11,66.1,66.1,-0.02,-0.03%,13
2025-08-21 0:10,66.11,66.11,66.11,66.11,0.01,0.02%,3
2025-08-21 0:15,66.11,66.16,66.11,66.16,0.05,0.08%,14
2025-08-21 0:20,66.14,66.14,66.12,66.12,-0.04,-0.06%,11
2025-08-21 0:25,66.13,66.13,66.13,66.13,0.01,0.02%,6
2025-08-21 0:30,66.16,66.24,66.15,66.22,0.09,0.14%,79
2025-08-21 0:35,66.23,66.23,66.2,66.2,-0.02,-0.03%,65
2025-08-21 0:40,66.18,66.19,66.17,66.17,-0.03,-0.05%,24
2025-08-21 0:45,66.19,66.23,66.17,66.21,0.04,0.06%,94
2025-08-21 0:50,66.22,66.22,66.17,66.2,-0.01,-0.02%,185
2025-08-21 0:55,66.19,66.24,66.18,66.22,0.02,0.03%,147
2025-08-21 1:00,66.2,66.2,66.17,66.18,-0.04,-0.06%,20
2025-08-21 1:05,66.18,66.2,66.18,66.19,0.01,0.02%,9
2025-08-21 1:10,66.2,66.26,66.2,66.26,0.07,0.11%,38
2025-08-21 1:15,66.26,66.39,66.26,66.28,0.02,0.03%,230
2025-08-21 1:20,66.28,66.28,66.2,66.2,-0.08,-0.12%,69
2025-08-21 1:25,66.21,66.26,66.2,66.23,0.03,0.05%,68
2025-08-21 1:30,66.23,66.24,66.2,66.23,0,0.00%,92
2025-08-21 1:35,66.22,66.35,66.22,66.34,0.11,0.17%,76
2025-08-21 1:40,66.34,66.35,66.29,66.31,-0.03,-0.05%,117
2025-08-21 1:45,66.33,66.33,66.3,66.31,0,0.00%,48
2025-08-21 1:50,66.31,66.31,66.26,66.26,-0.05,-0.08%,21
2025-08-21 1:55,66.25,66.32,66.25,66.32,0.06,0.09%,135
2025-08-21 2:00,66.32,66.4,66.29,66.32,0,0.00%,317
2025-08-21 2:05,66.33,66.38,66.33,66.35,0.03,0.05%,212
2025-08-21 2:10,66.36,66.44,66.36,66.42,0.07,0.11%,444
2025-08-21 2:15,66.42,66.45,66.4,66.45,0.03,0.05%,163
2025-08-21 2:20,66.45,66.45,66.38,66.39,-0.06,-0.09%,193
2025-08-21 2:25,66.39,66.43,66.37,66.4,0.01,0.02%,65
2025-08-21 2:30,66.4,66.45,66.4,66.44,0.04,0.06%,43
2025-08-21 2:35,66.43,66.45,66.4,66.4,-0.04,-0.06%,41
2025-08-21 2:40,66.4,66.41,66.35,66.35,-0.05,-0.08%,72
2025-08-21 2:45,66.35,66.39,66.35,66.35,0,0.00%,305
2025-08-21 2:50,66.35,66.36,66.28,66.3,-0.05,-0.08%,438
2025-08-21 2:55,66.29,66.3,66.26,66.3,0,0.00%,279
2025-08-21 3:00,66.3,66.31,66.25,66.26,-0.04,-0.06%,82
2025-08-21 3:05,66.26,66.3,66.26,66.3,0.04,0.06%,57
2025-08-21 3:10,66.28,66.32,66.28,66.32,0.02,0.03%,129
2025-08-21 3:15,66.32,66.32,66.24,66.28,-0.04,-0.06%,44
2025-08-21 3:20,66.29,66.3,66.27,66.27,-0.01,-0.02%,14
2025-08-21 3:25,66.3,66.33,66.28,66.31,0.04,0.06%,770
2025-08-21 3:30,66.33,66.33,66.27,66.32,0.01,0.02%,489
2025-08-21 3:35,66.31,66.36,66.3,66.35,0.03,0.05%,210
2025-08-21 3:40,66.35,66.36,66.33,66.33,-0.02,-0.03%,173
2025-08-21 3:45,66.36,66.38,66.32,66.38,0.05,0.08%,130
2025-08-21 3:50,66.37,66.37,66.32,66.33,-0.05,-0.08%,143
2025-08-21 3:55,66.31,66.43,66.3,66.42,0.09,0.14%,210
2025-08-21 4:00,66.41,66.41,66.32,66.34,-0.08,-0.12%,105
2025-08-21 4:05,66.33,66.37,66.33,66.35,0.01,0.02%,74
2025-08-21 4:10,66.33,66.33,66.29,66.32,-0.03,-0.05%,425
2025-08-21 4:15,66.33,66.43,66.32,66.4,0.08,0.12%,131
2025-08-21 4:20,66.44,66.46,66.43,66.45,0.05,0.08%,336
2025-08-21 4:25,66.44,66.44,66.42,66.43,-0.02,-0.03%,30
2025-08-21 4:30,66.44,66.48,66.42,66.48,0.05,0.08%,331
2025-08-21 4:35,66.49,66.49,66.45,66.46,-0.02,-0.03%,80
2025-08-21 4:40,66.47,66.47,66.4,66.46,0,0.00%,195
2025-08-21 4:45,66.45,66.46,66.42,66.43,-0.03,-0.05%,98
2025-08-21 4:50,66.44,66.46,66.42,66.42,-0.01,-0.02%,39
2025-08-21 4:55,66.42,66.47,66.42,66.47,0.05,0.08%,38
2025-08-21 5:00,66.46,66.51,66.46,66.5,0.03,0.05%,285
2025-08-21 5:05,66.5,66.5,66.44,66.46,-0.04,-0.06%,38
2025-08-21 5:10,66.47,66.47,66.44,66.44,-0.02,-0.03%,24
2025-08-21 5:15,66.44,66.47,66.44,66.47,0.03,0.05%,71
2025-08-21 5:20,66.46,66.5,66.46,66.5,0.03,0.05%,104
2025-08-21 5:25,66.49,66.57,66.46,66.53,0.03,0.05%,257
2025-08-21 5:30,66.53,66.56,66.5,66.53,0,0.00%,109
2025-08-21 5:35,66.54,66.54,66.44,66.44,-0.09,-0.14%,56
2025-08-21 5:40,66.43,66.44,66.39,66.41,-0.03,-0.05%,220
2025-08-21 5:45,66.41,66.43,66.38,66.4,-0.01,-0.02%,40
2025-08-21 5:50,66.4,66.4,66.35,66.36,-0.04,-0.06%,351
2025-08-21 5:55,66.37,66.41,66.37,66.39,0.03,0.05%,31
2025-08-21 6:00,66.39,66.4,66.35,66.36,-0.03,-0.05%,65
2025-08-21 6:05,66.38,66.43,66.37,66.43,0.07,0.11%,90
2025-08-21 6:10,66.42,66.43,66.38,66.38,-0.05,-0.08%,57
2025-08-21 6:15,66.39,66.41,66.37,66.39,0.01,0.02%,110
2025-08-21 6:20,66.4,66.41,66.38,66.39,0,0.00%,233
2025-08-21 6:25,66.37,66.37,66.32,66.34,-0.05,-0.08%,43
2025-08-21 6:30,66.31,66.31,66.16,66.2,-0.14,-0.21%,448
2025-08-21 6:35,66.21,66.23,66.16,66.18,-0.02,-0.03%,127
2025-08-21 6:40,66.17,66.21,66.17,66.2,0.02,0.03%,105
2025-08-21 6:45,66.23,66.27,66.22,66.25,0.05,0.08%,197
2025-08-21 6:50,66.25,66.26,66.21,66.26,0.01,0.02%,107
2025-08-21 6:55,66.25,66.25,66.21,66.23,-0.03,-0.05%,21
2025-08-21 7:00,66.24,66.29,66.24,66.27,0.04,0.06%,78
2025-08-21 7:05,66.25,66.29,66.24,66.29,0.02,0.03%,68
2025-08-21 7:10,66.29,66.4,66.29,66.33,0.04,0.06%,1252
2025-08-21 7:15,66.32,66.35,66.28,66.35,0.02,0.03%,180
2025-08-21 7:20,66.35,66.35,66.29,66.29,-0.06,-0.09%,83
2025-08-21 7:25,66.29,66.29,66.21,66.21,-0.08,-0.12%,334
2025-08-21 7:30,66.2,66.2,66.11,66.13,-0.08,-0.12%,701
2025-08-21 7:35,66.11,66.13,66.05,66.12,-0.01,-0.02%,302
2025-08-21 7:40,66.12,66.14,66.07,66.09,-0.03,-0.05%,245
2025-08-21 7:45,66.1,66.15,66.09,66.14,0.05,0.08%,199
2025-08-21 7:50,66.14,66.15,66.09,66.11,-0.03,-0.05%,163
2025-08-21 7:55,66.12,66.12,66.07,66.08,-0.03,-0.05%,80
2025-08-21 8:00,66.06,66.07,65.96,66.07,-0.01,-0.02%,346
2025-08-21 8:05,66.1,66.14,66.02,66.02,-0.05,-0.08%,303
2025-08-21 8:10,66.03,66.05,65.92,65.93,-0.09,-0.14%,243
2025-08-21 8:15,65.94,65.98,65.9,65.96,0.03,0.05%,299
2025-08-21 8:20,65.96,66.04,65.95,66,0.04,0.06%,181
2025-08-21 8:25,66,66.05,65.96,65.97,-0.03,-0.05%,134
2025-08-21 8:30,65.95,66.03,65.95,65.95,-0.02,-0.03%,825
2025-08-21 8:35,65.95,65.99,65.87,65.94,-0.01,-0.02%,212
2025-08-21 8:40,65.94,65.96,65.84,65.86,-0.08,-0.12%,353
2025-08-21 8:45,65.87,65.98,65.84,65.89,0.03,0.05%,231
2025-08-21 8:50,65.91,65.94,65.87,65.94,0.05,0.08%,176
2025-08-21 8:55,65.94,65.98,65.91,65.91,-0.03,-0.05%,146
2025-08-21 9:00,65.9,66.06,65.88,66.03,0.12,0.18%,253
2025-08-21 9:05,66.02,66.14,66.02,66.06,0.03,0.05%,321
2025-08-21 9:10,66.04,66.19,66.02,66.17,0.11,0.17%,361
2025-08-21 9:15,66.17,66.23,66.15,66.2,0.03,0.05%,419
2025-08-21 9:20,66.2,66.35,66.19,66.29,0.09,0.14%,852
2025-08-21 9:25,66.28,66.28,66.21,66.26,-0.03,-0.05%,228
2025-08-21 9:30,66.27,66.3,66.24,66.28,0.02,0.03%,197
2025-08-21 9:35,66.28,66.3,66.21,66.24,-0.04,-0.06%,476
2025-08-21 9:40,66.24,66.31,66.22,66.24,0,0.00%,142
2025-08-21 9:45,66.23,66.34,66.23,66.34,0.1,0.15%,155
2025-08-21 9:50,66.34,66.37,66.21,66.23,-0.11,-0.17%,455
2025-08-21 9:55,66.24,66.31,66.23,66.26,0.03,0.05%,361
2025-08-21 10:00,66.28,66.32,66.23,66.3,0.04,0.06%,224
2025-08-21 10:05,66.3,66.35,66.29,66.3,0,0.00%,230
2025-08-21 10:10,66.32,66.35,66.3,66.33,0.03,0.05%,82
2025-08-21 10:15,66.34,66.4,66.33,66.36,0.03,0.05%,376
2025-08-21 10:20,66.36,66.4,66.18,66.31,-0.05,-0.08%,455
2025-08-21 10:25,66.31,66.43,66.29,66.39,0.08,0.12%,635
2025-08-21 10:30,66.39,66.39,66.21,66.22,-0.17,-0.26%,892
2025-08-21 10:35,66.21,66.37,66.21,66.37,0.15,0.23%,228
2025-08-21 10:40,66.36,66.56,66.36,66.55,0.18,0.27%,654
2025-08-21 10:45,66.55,66.55,66.48,66.53,-0.02,-0.03%,306
2025-08-21 10:50,66.53,66.6,66.5,66.51,-0.02,-0.03%,496
2025-08-21 10:55,66.51,66.54,66.48,66.49,-0.02,-0.03%,313
2025-08-21 11:00,66.5,66.59,66.48,66.55,0.06,0.09%,277
2025-08-21 11:05,66.55,66.55,66.47,66.47,-0.08,-0.12%,255
2025-08-21 11:10,66.49,66.5,66.38,66.4,-0.07,-0.11%,192
2025-08-21 11:15,66.41,66.52,66.39,66.5,0.1,0.15%,559
2025-08-21 11:20,66.5,66.5,66.42,66.48,-0.02,-0.03%,256
2025-08-21 11:25,66.48,66.54,66.46,66.54,0.06,0.09%,214
2025-08-21 11:30,66.53,66.59,66.53,66.55,0.01,0.02%,201
2025-08-21 11:35,66.55,66.57,66.52,66.56,0.01,0.02%,92
2025-08-21 11:40,66.56,66.59,66.54,66.56,0,0.00%,177
2025-08-21 11:45,66.57,66.61,66.56,66.61,0.05,0.08%,388
2025-08-21 11:50,66.61,66.7,66.61,66.65,0.04,0.06%,317
2025-08-21 11:55,66.66,66.67,66.62,66.65,0,0.00%,165
2025-08-21 12:00,66.65,66.68,66.62,66.68,0.03,0.05%,63
2025-08-21 12:05,66.69,66.7,66.68,66.69,0.01,0.01%,105
2025-08-21 12:10,66.68,66.68,66.55,66.57,-0.12,-0.18%,274
2025-08-21 12:15,66.57,66.61,66.56,66.6,0.03,0.05%,121
2025-08-21 12:20,66.6,66.63,66.58,66.6,0,0.00%,121
2025-08-21 12:25,66.57,66.65,66.57,66.65,0.05,0.08%,28
2025-08-21 12:30,66.66,66.75,66.64,66.72,0.07,0.11%,226
2025-08-21 12:35,66.74,66.74,66.69,66.72,0,0.00%,126
2025-08-21 12:40,66.71,66.74,66.71,66.73,0.01,0.01%,130
2025-08-21 12:45,66.72,66.74,66.65,66.68,-0.05,-0.07%,84
2025-08-21 12:50,66.67,66.67,66.63,66.66,-0.02,-0.03%,30
2025-08-21 12:55,66.66,66.68,66.64,66.67,0.01,0.02%,78
2025-08-21 13:00,66.67,66.71,66.65,66.69,0.02,0.03%,69
2025-08-21 13:05,66.68,66.7,66.65,66.69,0,0.00%,108
2025-08-21 13:10,66.67,66.7,66.65,66.7,0.01,0.01%,82
2025-08-21 13:15,66.7,66.78,66.67,66.74,0.04,0.06%,388
2025-08-21 13:20,66.73,66.73,66.68,66.69,-0.05,-0.07%,339
2025-08-21 13:25,66.7,66.73,66.63,66.65,-0.04,-0.06%,777
2025-08-21 13:30,66.64,66.67,66.63,66.64,-0.01,-0.02%,251
2025-08-21 13:35,66.66,66.67,66.6,66.61,-0.03,-0.05%,48
2025-08-21 13:40,66.62,66.63,66.59,66.6,-0.01,-0.02%,42
2025-08-21 13:45,66.61,66.64,66.61,66.63,0.03,0.05%,32
2025-08-21 13:50,66.63,66.64,66.62,66.64,0.01,0.02%,19
2025-08-21 13:55,66.62,66.64,66.62,66.63,-0.01,-0.02%,20
2025-08-21 14:00,66.64,66.65,66.56,66.56,-0.07,-0.11%,136
2025-08-21 14:05,66.56,66.57,66.5,66.5,-0.06,-0.09%,52
2025-08-21 14:10,66.51,66.55,66.51,66.55,0.05,0.08%,63
2025-08-21 14:15,66.54,66.57,66.54,66.55,0,0.00%,20
2025-08-21 14:20,66.55,66.61,66.54,66.6,0.05,0.08%,49
2025-08-21 14:25,66.58,66.58,66.55,66.57,-0.03,-0.05%,21
2025-08-21 14:30,66.56,66.57,66.55,66.57,0,0.00%,11
2025-08-21 14:35,66.57,66.58,66.54,66.54,-0.03,-0.05%,51
2025-08-21 14:40,66.54,66.55,66.53,66.55,0.01,0.02%,28
2025-08-21 14:45,66.56,66.59,66.55,66.59,0.04,0.06%,86
2025-08-21 14:50,66.59,66.59,66.54,66.56,-0.03,-0.05%,84
2025-08-21 14:55,66.55,66.56,66.53,66.56,0,0.00%,51
2025-08-21 15:00,66.54,66.55,66.53,66.54,-0.02,-0.03%,40
2025-08-21 15:05,66.54,66.55,66.53,66.54,0,0.00%,43
2025-08-21 15:10,66.54,66.57,66.54,66.57,0.03,0.05%,22
2025-08-21 15:15,66.57,66.59,66.57,66.58,0.01,0.02%,25
2025-08-21 15:20,66.58,66.59,66.57,66.59,0.01,0.02%,26
2025-08-21 15:25,66.59,66.59,66.59,66.59,0,0.00%,7
2025-08-21 15:30,66.59,66.59,66.57,66.58,-0.01,-0.02%,19
2025-08-21 15:35,66.58,66.6,66.58,66.6,0.02,0.03%,3
2025-08-21 15:40,66.6,66.6,66.59,66.59,-0.01,-0.02%,15
2025-08-21 15:45,66.59,66.61,66.58,66.6,0.01,0.02%,15
2025-08-21 15:50,66.59,66.6,66.58,66.6,0,0.00%,19
2025-08-21 15:55,66.59,66.61,66.59,66.61,0.01,0.02%,22
2025-08-21 16:10,66.59,66.59,66.58,66.58,-0.03,-0.05%,6
2025-08-21 16:20,66.58,66.58,66.57,66.57,-0.01,-0.02%,7
2025-08-21 16:25,66.61,66.61,66.57,66.57,0,0.00%,12
2025-08-21 16:50,66.61,66.61,66.61,66.61,0.04,0.06%,3
2025-08-21 19:00,66.58,66.66,66.58,66.65,0.04,0.06%,62
2025-08-21 19:05,66.65,66.65,66.62,66.64,-0.01,-0.02%,18
2025-08-21 19:10,66.63,66.63,66.59,66.59,-0.05,-0.08%,17
2025-08-21 19:15,66.6,66.61,66.59,66.6,0.01,0.02%,18
2025-08-21 19:20,66.6,66.64,66.6,66.63,0.03,0.05%,34
2025-08-21 19:25,66.63,66.63,66.61,66.61,-0.02,-0.03%,2
2025-08-21 19:30,66.61,66.61,66.6,66.61,0,0.00%,9
2025-08-21 19:35,66.62,66.62,66.61,66.61,0,0.00%,68
2025-08-21 19:40,66.62,66.62,66.61,66.61,0,0.00%,2
2025-08-21 19:45,66.6,66.6,66.59,66.59,-0.02,-0.03%,10
2025-08-21 19:50,66.59,66.59,66.59,66.59,0,0.00%,3
2025-08-21 19:55,66.61,66.61,66.59,66.6,0.01,0.02%,32
2025-08-21 20:00,66.6,66.63,66.53,66.53,-0.07,-0.11%,651
2025-08-21 20:05,66.54,66.56,66.53,66.54,0.01,0.02%,53
2025-08-21 20:10,66.54,66.56,66.5,66.5,-0.04,-0.06%,222
2025-08-21 20:15,66.47,66.5,66.46,66.48,-0.02,-0.03%,38
2025-08-21 20:20,66.49,66.49,66.44,66.44,-0.04,-0.06%,70
2025-08-21 20:25,66.45,66.47,66.44,66.47,0.03,0.05%,46
2025-08-21 20:30,66.47,66.49,66.46,66.49,0.02,0.03%,53
2025-08-21 20:35,66.49,66.5,66.46,66.48,-0.01,-0.02%,58
2025-08-21 20:40,66.48,66.48,66.45,66.45,-0.03,-0.05%,24
2025-08-21 20:45,66.47,66.47,66.45,66.45,0,0.00%,100
2025-08-21 20:50,66.46,66.49,66.46,66.46,0.01,0.02%,32
2025-08-21 20:55,66.46,66.47,66.44,66.44,-0.02,-0.03%,9
2025-08-21 21:00,66.45,66.48,66.44,66.47,0.03,0.05%,23
2025-08-21 21:05,66.48,66.51,66.47,66.51,0.04,0.06%,75
2025-08-21 21:10,66.51,66.55,66.51,66.53,0.02,0.03%,33
2025-08-21 21:15,66.5,66.5,66.49,66.49,-0.04,-0.06%,8
2025-08-21 21:20,66.51,66.51,66.51,66.51,0.02,0.03%,1
2025-08-21 21:25,66.48,66.48,66.48,66.48,-0.03,-0.05%,3
2025-08-21 21:30,66.5,66.55,66.49,66.51,0.03,0.05%,101
2025-08-21 21:35,66.52,66.52,66.51,66.51,0,0.00%,20
2025-08-21 21:40,66.51,66.56,66.51,66.56,0.05,0.08%,14
2025-08-21 21:45,66.55,66.55,66.53,66.54,-0.02,-0.03%,12
2025-08-21 21:50,66.54,66.55,66.53,66.53,-0.01,-0.02%,24
2025-08-21 21:55,66.53,66.53,66.5,66.52,-0.01,-0.02%,32
2025-08-21 22:00,66.51,66.51,66.46,66.46,-0.06,-0.09%,50
2025-08-21 22:05,66.45,66.52,66.45,66.52,0.06,0.09%,15
2025-08-21 22:10,66.52,66.56,66.52,66.56,0.04,0.06%,28
2025-08-21 22:15,66.57,66.58,66.56,66.56,0,0.00%,13
2025-08-21 22:20,66.55,66.56,66.53,66.53,-0.03,-0.05%,99
2025-08-21 22:25,66.54,66.56,66.52,66.56,0.03,0.05%,52
2025-08-21 22:30,66.56,66.56,66.55,66.55,-0.01,-0.02%,23
2025-08-21 22:35,66.55,66.55,66.53,66.54,-0.01,-0.02%,18
2025-08-21 22:40,66.55,66.55,66.52,66.53,-0.01,-0.02%,5
2025-08-21 22:45,66.53,66.53,66.52,66.53,0,0.00%,4
2025-08-21 22:50,66.51,66.52,66.5,66.5,-0.03,-0.05%,9
2025-08-21 22:55,66.5,66.51,66.49,66.51,0.01,0.02%,16
2025-08-21 23:00,66.53,66.53,66.53,66.53,0.02,0.03%,13
2025-08-21 23:05,66.52,66.53,66.52,66.52,-0.01,-0.02%,4
2025-08-21 23:10,66.52,66.53,66.51,66.51,-0.01,-0.02%,23
2025-08-21 23:15,66.52,66.52,66.5,66.5,-0.01,-0.02%,7
2025-08-21 23:20,66.52,66.54,66.5,66.53,0.03,0.05%,67
2025-08-21 23:25,66.53,66.55,66.51,66.54,0.01,0.02%,56
2025-08-21 23:30,66.54,66.56,66.53,66.56,0.02,0.03%,31
2025-08-21 23:35,66.56,66.58,66.55,66.58,0.02,0.03%,16
2025-08-21 23:40,66.57,66.62,66.57,66.61,0.03,0.05%,432
2025-08-21 23:45,66.6,66.62,66.6,66.62,0.01,0.02%,6
2025-08-21 23:50,66.61,66.61,66.58,66.59,-0.03,-0.05%,17
2025-08-21 23:55,66.58,66.6,66.58,66.59,0,0.00%,47
2025-08-22 0:00,66.59,66.6,66.59,66.59,0,0.00%,38
2025-08-22 0:05,66.59,66.59,66.55,66.59,0,0.00%,46
2025-08-22 0:10,66.58,66.59,66.57,66.59,0,0.00%,6
2025-08-22 0:15,66.59,66.62,66.59,66.62,0.03,0.05%,14
2025-08-22 0:20,66.6,66.61,66.57,66.57,-0.05,-0.08%,9
2025-08-22 0:25,66.56,66.57,66.54,66.57,0,0.00%,16
2025-08-22 0:30,66.56,66.63,66.53,66.63,0.06,0.09%,180
2025-08-22 0:35,66.63,66.63,66.58,66.62,-0.01,-0.02%,244
2025-08-22 0:40,66.6,66.61,66.59,66.61,-0.01,-0.02%,59
2025-08-22 0:45,66.63,66.65,66.63,66.64,0.03,0.05%,36
2025-08-22 0:50,66.66,66.67,66.64,66.66,0.02,0.03%,116
2025-08-22 0:55,66.65,66.71,66.65,66.68,0.02,0.03%,471
2025-08-22 1:00,66.69,66.72,66.67,66.71,0.03,0.04%,109
2025-08-22 1:05,66.72,66.73,66.65,66.65,-0.06,-0.09%,139
2025-08-22 1:10,66.66,66.7,66.66,66.69,0.04,0.06%,231
2025-08-22 1:15,66.69,66.71,66.68,66.71,0.02,0.03%,137
2025-08-22 1:20,66.69,66.72,66.67,66.71,0,0.00%,53
2025-08-22 1:25,66.72,66.76,66.71,66.76,0.05,0.07%,84
2025-08-22 1:30,66.76,66.77,66.71,66.71,-0.05,-0.07%,99
2025-08-22 1:35,66.72,66.73,66.71,66.73,0.02,0.03%,91
2025-08-22 1:40,66.7,66.7,66.67,66.67,-0.06,-0.09%,58
2025-08-22 1:45,66.68,66.71,66.67,66.69,0.02,0.03%,42
2025-08-22 1:50,66.68,66.75,66.68,66.73,0.04,0.06%,575
2025-08-22 1:55,66.71,66.77,66.71,66.74,0.01,0.01%,329
2025-08-22 2:00,66.74,66.82,66.63,66.69,-0.05,-0.07%,480
2025-08-22 2:05,66.65,66.66,66.61,66.62,-0.07,-0.10%,29
2025-08-22 2:10,66.61,66.61,66.51,66.51,-0.11,-0.17%,173
2025-08-22 2:15,66.5,66.59,66.5,66.58,0.07,0.11%,182
2025-08-22 2:20,66.6,66.65,66.57,66.59,0.01,0.02%,728
2025-08-22 2:25,66.58,66.73,66.58,66.71,0.12,0.18%,406
2025-08-22 2:30,66.71,66.85,66.7,66.8,0.09,0.13%,144
2025-08-22 2:35,66.81,66.85,66.79,66.79,-0.01,-0.01%,121
2025-08-22 2:40,66.8,66.81,66.76,66.78,-0.01,-0.01%,69
2025-08-22 2:45,66.78,66.81,66.77,66.78,0,0.00%,81
2025-08-22 2:50,66.77,66.77,66.71,66.72,-0.06,-0.09%,121
2025-08-22 2:55,66.73,66.75,66.67,66.67,-0.05,-0.07%,115
2025-08-22 3:00,66.68,66.72,66.64,66.67,0,0.00%,492
2025-08-22 3:05,66.67,66.75,66.65,66.75,0.08,0.12%,313
2025-08-22 3:10,66.73,66.75,66.7,66.72,-0.03,-0.04%,192
2025-08-22 3:15,66.73,66.78,66.73,66.73,0.01,0.01%,103
2025-08-22 3:20,66.72,66.72,66.62,66.63,-0.1,-0.15%,185
2025-08-22 3:25,66.63,66.68,66.6,66.68,0.05,0.08%,305
2025-08-22 3:30,66.67,66.69,66.54,66.57,-0.11,-0.16%,430
2025-08-22 3:35,66.57,66.58,66.48,66.5,-0.07,-0.11%,497
2025-08-22 3:40,66.5,66.55,66.47,66.55,0.05,0.08%,183
2025-08-22 3:45,66.54,66.57,66.5,66.57,0.02,0.03%,90
2025-08-22 3:50,66.57,66.59,66.54,66.55,-0.02,-0.03%,128
2025-08-22 3:55,66.55,66.58,66.55,66.57,0.02,0.03%,92
2025-08-22 4:00,66.55,66.57,66.51,66.53,-0.04,-0.06%,342
2025-08-22 4:05,66.51,66.54,66.5,66.54,0.01,0.02%,204
2025-08-22 4:10,66.53,66.66,66.53,66.66,0.12,0.18%,136
2025-08-22 4:15,66.67,66.67,66.62,66.65,-0.01,-0.02%,104
2025-08-22 4:20,66.65,66.68,66.58,66.58,-0.07,-0.11%,128
2025-08-22 4:25,66.59,66.63,66.58,66.6,0.02,0.03%,153
2025-08-22 4:30,66.6,66.6,66.58,66.59,-0.01,-0.02%,122
2025-08-22 4:35,66.59,66.61,66.57,66.57,-0.02,-0.03%,136
2025-08-22 4:40,66.56,66.56,66.45,66.46,-0.11,-0.17%,112
2025-08-22 4:45,66.46,66.49,66.45,66.49,0.03,0.05%,84
2025-08-22 4:50,66.48,66.52,66.46,66.51,0.02,0.03%,90
2025-08-22 4:55,66.51,66.52,66.49,66.5,-0.01,-0.02%,64
2025-08-22 5:00,66.5,66.52,66.49,66.51,0.01,0.02%,32
2025-08-22 5:05,66.5,66.5,66.42,66.49,-0.02,-0.03%,266
2025-08-22 5:10,66.48,66.52,66.48,66.49,0,0.00%,53
2025-08-22 5:15,66.5,66.53,66.48,66.5,0.01,0.02%,41
2025-08-22 5:20,66.49,66.5,66.47,66.49,-0.01,-0.02%,55
2025-08-22 5:25,66.5,66.61,66.49,66.61,0.12,0.18%,62
2025-08-22 5:30,66.61,66.61,66.54,66.54,-0.07,-0.11%,55
2025-08-22 5:35,66.54,66.56,66.52,66.56,0.02,0.03%,33
2025-08-22 5:40,66.56,66.59,66.56,66.56,0,0.00%,69
2025-08-22 5:45,66.55,66.56,66.52,66.54,-0.02,-0.03%,54
2025-08-22 5:50,66.54,66.66,66.54,66.63,0.09,0.14%,188
2025-08-22 5:55,66.63,66.64,66.59,66.63,0,0.00%,176
2025-08-22 6:00,66.64,66.65,66.61,66.62,-0.01,-0.02%,40
2025-08-22 6:05,66.64,66.79,66.63,66.76,0.14,0.21%,337
2025-08-22 6:10,66.77,66.79,66.76,66.78,0.02,0.03%,91
2025-08-22 6:15,66.78,66.8,66.76,66.8,0.02,0.03%,183
2025-08-22 6:20,66.8,66.86,66.79,66.85,0.05,0.07%,181
2025-08-22 6:25,66.87,66.89,66.84,66.85,0,0.00%,743
2025-08-22 6:30,66.84,66.84,66.69,66.77,-0.08,-0.12%,689
2025-08-22 6:35,66.77,66.8,66.71,66.75,-0.02,-0.03%,49
2025-08-22 6:40,66.72,66.77,66.7,66.71,-0.04,-0.06%,223
2025-08-22 6:45,66.7,66.75,66.69,66.72,0.01,0.01%,88
2025-08-22 6:50,66.73,66.75,66.72,66.74,0.02,0.03%,193
2025-08-22 6:55,66.73,66.74,66.7,66.73,-0.01,-0.01%,102
2025-08-22 7:00,66.72,66.75,66.7,66.72,-0.01,-0.01%,63
2025-08-22 7:05,66.71,66.72,66.66,66.68,-0.04,-0.06%,253
2025-08-22 7:10,66.67,66.71,66.62,66.67,-0.01,-0.01%,100
2025-08-22 7:15,66.66,66.69,66.63,66.63,-0.04,-0.06%,71
2025-08-22 7:20,66.63,66.68,66.62,66.65,0.02,0.03%,511
2025-08-22 7:25,66.64,66.68,66.64,66.64,-0.01,-0.02%,103
2025-08-22 7:30,66.65,66.71,66.65,66.71,0.07,0.11%,302
2025-08-22 7:35,66.7,66.73,66.64,66.69,-0.02,-0.03%,431
2025-08-22 7:40,66.69,66.7,66.65,66.69,0,0.00%,112
2025-08-22 7:45,66.69,66.73,66.69,66.73,0.04,0.06%,97
2025-08-22 7:50,66.73,66.74,66.68,66.71,-0.02,-0.03%,97
2025-08-22 7:55,66.71,66.77,66.7,66.73,0.02,0.03%,169
2025-08-22 8:00,66.71,66.74,66.59,66.66,-0.07,-0.10%,727
2025-08-22 8:05,66.64,66.72,66.62,66.65,-0.01,-0.02%,240
2025-08-22 8:10,66.66,66.75,66.64,66.65,0,0.00%,254
2025-08-22 8:15,66.66,66.68,66.61,66.62,-0.03,-0.05%,217
2025-08-22 8:20,66.63,66.68,66.59,66.61,-0.01,-0.02%,208
2025-08-22 8:25,66.61,66.62,66.57,66.6,-0.01,-0.02%,244
2025-08-22 8:30,66.59,66.74,66.58,66.7,0.1,0.15%,162
2025-08-22 8:35,66.7,66.72,66.63,66.66,-0.04,-0.06%,109
2025-08-22 8:40,66.66,66.75,66.63,66.74,0.08,0.12%,137
2025-08-22 8:45,66.74,66.82,66.74,66.78,0.04,0.06%,290
2025-08-22 8:50,66.78,66.82,66.74,66.75,-0.03,-0.04%,131
2025-08-22 8:55,66.75,66.76,66.69,66.69,-0.06,-0.09%,275
2025-08-22 9:00,66.7,66.95,66.62,66.89,0.2,0.30%,1226
2025-08-22 9:05,66.88,66.91,66.81,66.88,-0.01,-0.01%,486
2025-08-22 9:10,66.87,66.91,66.78,66.87,-0.01,-0.01%,574
2025-08-22 9:15,66.88,66.93,66.81,66.82,-0.05,-0.07%,377
2025-08-22 9:20,66.82,66.84,66.68,66.74,-0.08,-0.12%,374
2025-08-22 9:25,66.72,66.79,66.69,66.77,0.03,0.04%,309
2025-08-22 9:30,66.78,66.86,66.77,66.79,0.02,0.03%,315
2025-08-22 9:35,66.8,66.9,66.79,66.9,0.11,0.16%,541
2025-08-22 9:40,66.9,66.93,66.84,66.85,-0.05,-0.07%,448
2025-08-22 9:45,66.85,66.85,66.68,66.77,-0.08,-0.12%,806
2025-08-22 9:50,66.76,66.86,66.74,66.86,0.09,0.13%,235
2025-08-22 9:55,66.86,66.88,66.78,66.79,-0.07,-0.10%,933
2025-08-22 10:00,66.8,66.9,66.63,66.69,-0.1,-0.15%,319
2025-08-22 10:05,66.69,66.77,66.69,66.74,0.05,0.07%,780
2025-08-22 10:10,66.75,66.8,66.57,66.61,-0.13,-0.19%,628
2025-08-22 10:15,66.61,66.72,66.61,66.72,0.11,0.17%,283
2025-08-22 10:20,66.73,66.73,66.63,66.69,-0.03,-0.04%,408
2025-08-22 10:25,66.7,66.76,66.64,66.76,0.07,0.10%,953
2025-08-22 10:30,66.76,66.76,66.6,66.67,-0.09,-0.13%,392
2025-08-22 10:35,66.67,66.68,66.57,66.61,-0.06,-0.09%,322
2025-08-22 10:40,66.6,66.64,66.54,66.57,-0.04,-0.06%,342
2025-08-22 10:45,66.57,66.61,66.55,66.59,0.02,0.03%,168
2025-08-22 10:50,66.6,66.67,66.6,66.67,0.08,0.12%,184
2025-08-22 10:55,66.68,66.79,66.68,66.76,0.09,0.13%,320
2025-08-22 11:00,66.76,66.77,66.67,66.76,0,0.00%,393
2025-08-22 11:05,66.76,66.76,66.67,66.72,-0.04,-0.06%,146
2025-08-22 11:10,66.73,66.78,66.62,66.62,-0.1,-0.15%,245
2025-08-22 11:15,66.62,66.74,66.61,66.71,0.09,0.14%,189
2025-08-22 11:20,66.72,66.72,66.58,66.64,-0.07,-0.10%,294
2025-08-22 11:25,66.64,66.73,66.64,66.67,0.03,0.05%,116
2025-08-22 11:30,66.65,66.72,66.64,66.7,0.03,0.04%,73
2025-08-22 11:35,66.71,66.81,66.71,66.74,0.04,0.06%,249
2025-08-22 11:40,66.75,66.76,66.74,66.76,0.02,0.03%,140
2025-08-22 11:45,66.75,66.76,66.74,66.74,-0.02,-0.03%,40
2025-08-22 11:50,66.77,66.8,66.76,66.79,0.05,0.07%,57
2025-08-22 11:55,66.8,66.8,66.71,66.72,-0.07,-0.10%,52
2025-08-22 12:00,66.73,66.75,66.69,66.74,0.02,0.03%,196
2025-08-22 12:05,66.75,66.81,66.74,66.77,0.03,0.04%,49
2025-08-22 12:10,66.78,66.81,66.77,66.81,0.04,0.06%,40
2025-08-22 12:15,66.79,66.79,66.71,66.72,-0.09,-0.13%,183
2025-08-22 12:20,66.72,66.75,66.67,66.74,0.02,0.03%,116
2025-08-22 12:25,66.74,66.76,66.7,66.74,0,0.00%,106
2025-08-22 12:30,66.73,66.8,66.72,66.74,0,0.00%,85
2025-08-22 12:35,66.75,66.8,66.73,66.77,0.03,0.04%,316
2025-08-22 12:40,66.78,66.93,66.78,66.86,0.09,0.13%,765
2025-08-22 12:45,66.86,66.91,66.73,66.81,-0.05,-0.07%,915
2025-08-22 12:50,66.8,66.82,66.77,66.8,-0.01,-0.01%,150
2025-08-22 12:55,66.8,66.83,66.76,66.76,-0.04,-0.06%,161
2025-08-22 13:00,66.75,66.81,66.72,66.81,0.05,0.07%,108
2025-08-22 13:05,66.8,66.82,66.78,66.81,0,0.00%,95
2025-08-22 13:10,66.8,66.87,66.76,66.87,0.06,0.09%,194
2025-08-22 13:15,66.86,66.87,66.82,66.82,-0.05,-0.07%,155
2025-08-22 13:20,66.84,66.86,66.83,66.84,0.02,0.03%,191
2025-08-22 13:25,66.84,66.89,66.73,66.78,-0.06,-0.09%,922
2025-08-22 13:30,66.77,66.79,66.74,66.77,-0.01,-0.01%,255
2025-08-22 13:35,66.8,66.86,66.8,66.85,0.08,0.12%,51
2025-08-22 13:40,66.85,66.86,66.83,66.84,-0.01,-0.01%,74
2025-08-22 13:45,66.84,66.87,66.83,66.85,0.01,0.01%,47
2025-08-22 13:50,66.85,66.86,66.84,66.85,0,0.00%,32
2025-08-22 13:55,66.85,66.86,66.84,66.85,0,0.00%,22
2025-08-22 14:00,66.84,66.86,66.84,66.86,0.01,0.01%,53
2025-08-22 14:05,66.87,66.87,66.85,66.86,0,0.00%,21
2025-08-22 14:10,66.86,66.88,66.84,66.86,0,0.00%,195
2025-08-22 14:15,66.86,66.86,66.84,66.86,0,0.00%,26
2025-08-22 14:20,66.86,66.87,66.86,66.86,0,0.00%,25
2025-08-22 14:25,66.86,66.88,66.86,66.88,0.02,0.03%,65
2025-08-22 14:30,66.89,66.89,66.83,66.83,-0.05,-0.07%,87
2025-08-22 14:35,66.83,66.85,66.82,66.83,0,0.00%,36
2025-08-22 14:40,66.83,66.84,66.83,66.84,0.01,0.01%,5
2025-08-22 14:45,66.84,66.84,66.82,66.84,0,0.00%,58
2025-08-22 14:50,66.84,66.87,66.83,66.85,0.01,0.01%,109
2025-08-22 14:55,66.85,66.87,66.84,66.85,0,0.00%,36
2025-08-22 15:00,66.86,66.86,66.84,66.85,0,0.00%,16
2025-08-22 15:05,66.85,66.86,66.85,66.86,0.01,0.01%,6
2025-08-22 15:10,66.85,66.86,66.83,66.84,-0.02,-0.03%,15
2025-08-22 15:15,66.84,66.84,66.83,66.84,0,0.00%,21
2025-08-22 15:20,66.84,66.85,66.84,66.85,0.01,0.01%,8
2025-08-22 15:25,66.84,66.84,66.81,66.84,-0.01,-0.01%,28
2025-08-22 15:30,66.83,66.85,66.81,66.84,0,0.00%,49
2025-08-22 15:35,66.85,66.85,66.84,66.84,0,0.00%,16
2025-08-22 15:40,66.82,66.83,66.82,66.82,-0.02,-0.03%,4
2025-08-22 15:45,66.84,66.86,66.84,66.86,0.04,0.06%,14
2025-08-22 15:50,66.84,66.84,66.81,66.81,-0.05,-0.07%,4
2025-08-22 15:55,66.8,66.81,66.8,66.81,0,0.00%,8
2025-08-22 16:05,66.8,66.8,66.79,66.79,-0.02,-0.03%,3
2025-08-22 16:30,66.83,66.83,66.83,66.83,0.04,0.06%,1
2025-08-22 16:55,66.78,66.78,66.77,66.77,-0.06,-0.09%,2
2025-08-24 17:00,66.88,66.89,66.85,66.85,0.08,0.12%,152
2025-08-24 17:05,66.85,66.85,66.83,66.83,-0.02,-0.03%,3
2025-08-24 17:15,66.82,66.84,66.82,66.83,0,0.00%,7
2025-08-24 17:25,66.8,66.8,66.79,66.79,-0.04,-0.06%,5
2025-08-24 18:50,66.81,66.81,66.81,66.81,0.02,0.03%,1
2025-08-24 19:00,66.81,66.84,66.8,66.81,0,0.00%,59
2025-08-24 19:05,66.82,66.84,66.82,66.82,0.01,0.01%,7
2025-08-24 19:15,66.81,66.81,66.8,66.8,-0.02,-0.03%,3
2025-08-24 19:20,66.82,66.82,66.81,66.81,0.01,0.01%,6
2025-08-24 19:25,66.8,66.8,66.8,66.8,-0.01,-0.01%,1
2025-08-24 19:50,66.81,66.83,66.81,66.83,0.03,0.04%,9
2025-08-24 19:55,66.85,66.86,66.85,66.86,0.03,0.04%,4
2025-08-24 20:00,66.85,66.86,66.78,66.8,-0.06,-0.09%,282
2025-08-24 20:05,66.77,66.79,66.74,66.76,-0.04,-0.06%,166
2025-08-24 20:10,66.77,66.81,66.77,66.8,0.04,0.06%,84
2025-08-24 20:15,66.8,66.8,66.76,66.76,-0.04,-0.06%,88
2025-08-24 20:20,66.79,66.81,66.76,66.81,0.05,0.07%,163
2025-08-24 20:25,66.81,66.82,66.79,66.8,-0.01,-0.01%,117
2025-08-24 20:30,66.8,66.81,66.7,66.7,-0.1,-0.15%,236
2025-08-24 20:35,66.7,66.7,66.61,66.61,-0.09,-0.13%,192
2025-08-24 20:40,66.62,66.7,66.61,66.69,0.08,0.12%,146
2025-08-24 20:45,66.69,66.75,66.69,66.72,0.03,0.04%,241
2025-08-24 20:50,66.71,66.71,66.68,66.7,-0.02,-0.03%,33
2025-08-24 20:55,66.71,66.71,66.68,66.7,0,0.00%,88
2025-08-24 21:00,66.7,66.75,66.7,66.74,0.04,0.06%,159
2025-08-24 21:05,66.73,66.77,66.7,66.75,0.01,0.01%,167
2025-08-24 21:10,66.74,66.83,66.74,66.82,0.07,0.10%,62
2025-08-24 21:15,66.84,66.85,66.83,66.83,0.01,0.01%,6
2025-08-24 21:20,66.83,66.83,66.82,66.82,-0.01,-0.01%,6
2025-08-24 21:25,66.86,66.91,66.86,66.88,0.06,0.09%,467
2025-08-24 21:30,66.88,66.91,66.86,66.86,-0.02,-0.03%,47
2025-08-24 21:35,66.85,66.9,66.85,66.87,0.01,0.01%,56
2025-08-24 21:40,66.87,66.9,66.86,66.88,0.01,0.01%,49
2025-08-24 21:45,66.87,66.9,66.84,66.85,-0.03,-0.04%,78
2025-08-24 21:50,66.86,66.87,66.77,66.79,-0.06,-0.09%,64
2025-08-24 21:55,66.79,66.82,66.78,66.82,0.03,0.04%,27
2025-08-24 22:00,66.8,66.8,66.79,66.79,-0.03,-0.04%,6
2025-08-24 22:05,66.78,66.83,66.77,66.83,0.04,0.06%,129
2025-08-24 22:10,66.83,66.84,66.78,66.81,-0.02,-0.03%,125
2025-08-24 22:15,66.8,66.83,66.79,66.81,0,0.00%,125
2025-08-24 22:20,66.81,66.83,66.81,66.83,0.02,0.03%,103
2025-08-24 22:25,66.82,66.82,66.79,66.81,-0.02,-0.03%,155
2025-08-24 22:35,66.79,66.79,66.79,66.79,-0.02,-0.03%,3
2025-08-24 22:40,66.8,66.81,66.8,66.81,0.02,0.03%,5
2025-08-24 22:50,66.81,66.84,66.81,66.83,0.02,0.03%,4
2025-08-24 22:55,66.83,66.85,66.82,66.83,0,0.00%,35
2025-08-24 23:00,66.85,66.85,66.85,66.85,0.02,0.03%,3
2025-08-24 23:10,66.84,66.86,66.83,66.85,0,0.00%,18
2025-08-24 23:15,66.87,66.87,66.87,66.87,0.02,0.03%,6
2025-08-24 23:20,66.87,66.88,66.86,66.86,-0.01,-0.01%,13
2025-08-24 23:25,66.86,66.86,66.86,66.86,0,0.00%,1
2025-08-24 23:30,66.86,66.86,66.86,66.86,0,0.00%,3
2025-08-24 23:35,66.84,66.85,66.84,66.85,-0.01,-0.01%,47
2025-08-24 23:40,66.84,66.84,66.78,66.79,-0.06,-0.09%,86
2025-08-24 23:45,66.79,66.82,66.78,66.81,0.02,0.03%,56
2025-08-24 23:50,66.82,66.83,66.82,66.83,0.02,0.03%,14
2025-08-24 23:55,66.81,66.81,66.8,66.81,-0.02,-0.03%,18
2025-08-25 0:00,66.81,66.81,66.81,66.81,0,0.00%,1
2025-08-25 0:05,66.8,66.8,66.8,66.8,-0.01,-0.01%,1
2025-08-25 0:10,66.8,66.82,66.79,66.79,-0.01,-0.01%,35
2025-08-25 0:15,66.76,66.77,66.76,66.76,-0.03,-0.04%,22
2025-08-25 0:20,66.77,66.77,66.76,66.76,0,0.00%,16
2025-08-25 0:25,66.77,66.77,66.74,66.74,-0.02,-0.03%,5
2025-08-25 0:30,66.73,66.74,66.71,66.73,-0.01,-0.01%,90
2025-08-25 0:35,66.74,66.77,66.74,66.75,0.02,0.03%,47
2025-08-25 0:40,66.76,66.8,66.76,66.8,0.05,0.07%,11
2025-08-25 0:45,66.8,66.81,66.8,66.81,0.01,0.01%,41
2025-08-25 0:50,66.81,66.82,66.77,66.82,0.01,0.01%,118
2025-08-25 0:55,66.81,66.91,66.81,66.9,0.08,0.12%,57
2025-08-25 1:00,66.92,66.97,66.89,66.89,-0.01,-0.01%,50
2025-08-25 1:05,66.91,66.94,66.9,66.91,0.02,0.03%,122
2025-08-25 1:10,66.91,66.92,66.9,66.9,-0.01,-0.01%,58
2025-08-25 1:15,66.9,66.92,66.89,66.9,0,0.00%,35
2025-08-25 1:20,66.9,66.92,66.88,66.9,0,0.00%,77
2025-08-25 1:25,66.92,66.95,66.9,66.94,0.04,0.06%,36
2025-08-25 1:30,66.93,66.94,66.9,66.91,-0.03,-0.04%,88
2025-08-25 1:35,66.92,66.97,66.9,66.9,-0.01,-0.01%,160
2025-08-25 1:40,66.9,66.9,66.82,66.82,-0.08,-0.12%,88
2025-08-25 1:45,66.81,66.87,66.76,66.87,0.05,0.07%,107
2025-08-25 1:50,66.89,66.93,66.89,66.92,0.05,0.07%,121
2025-08-25 1:55,66.91,66.91,66.86,66.87,-0.05,-0.07%,31
2025-08-25 2:00,66.87,66.87,66.76,66.78,-0.09,-0.13%,68
2025-08-25 2:05,66.79,66.82,66.78,66.82,0.04,0.06%,23
2025-08-25 2:10,66.8,66.83,66.79,66.8,-0.02,-0.03%,59
2025-08-25 2:15,66.78,66.78,66.73,66.75,-0.05,-0.07%,80
2025-08-25 2:20,66.74,66.75,66.71,66.75,0,0.00%,78
2025-08-25 2:25,66.75,66.81,66.74,66.81,0.06,0.09%,44
2025-08-25 2:30,66.82,66.86,66.82,66.82,0.01,0.01%,86
2025-08-25 2:35,66.81,66.81,66.78,66.8,-0.02,-0.03%,49
2025-08-25 2:40,66.82,66.87,66.81,66.87,0.07,0.10%,36
2025-08-25 2:45,66.9,66.96,66.9,66.95,0.08,0.12%,55
2025-08-25 2:50,66.93,66.95,66.9,66.93,-0.02,-0.03%,121
2025-08-25 2:55,66.93,66.93,66.86,66.87,-0.06,-0.09%,20
2025-08-25 3:00,66.87,66.89,66.85,66.88,0.01,0.01%,89
2025-08-25 3:05,66.88,66.95,66.88,66.92,0.04,0.06%,38
2025-08-25 3:10,66.91,66.93,66.89,66.93,0.01,0.01%,22
2025-08-25 3:15,66.92,67,66.91,67,0.07,0.10%,61
2025-08-25 3:20,66.99,66.99,66.94,66.97,-0.03,-0.04%,30
2025-08-25 3:25,66.96,66.99,66.92,66.96,-0.01,-0.01%,588
2025-08-25 3:30,66.97,66.99,66.92,66.97,0.01,0.01%,1063
2025-08-25 3:35,66.97,67.04,66.96,67.03,0.06,0.09%,200
2025-08-25 3:40,67.03,67.04,66.99,66.99,-0.04,-0.06%,160
2025-08-25 3:45,66.99,66.99,66.94,66.96,-0.03,-0.04%,27
2025-08-25 3:50,66.92,66.95,66.91,66.95,-0.01,-0.01%,27
2025-08-25 3:55,66.95,67,66.94,67,0.05,0.07%,42
2025-08-25 4:00,66.99,66.99,66.92,66.92,-0.08,-0.12%,47
2025-08-25 4:05,66.92,66.92,66.89,66.92,0,0.00%,40
2025-08-25 4:10,66.93,66.96,66.93,66.95,0.03,0.04%,66
2025-08-25 4:15,66.93,66.93,66.88,66.92,-0.03,-0.04%,71
2025-08-25 4:20,66.92,66.93,66.9,66.93,0.01,0.01%,48
2025-08-25 4:25,66.93,67,66.93,67,0.07,0.10%,110
2025-08-25 4:30,67.02,67.03,66.97,66.99,-0.01,-0.01%,342
2025-08-25 4:35,67,67.01,66.99,67.01,0.02,0.03%,131
2025-08-25 4:40,67.01,67.03,66.98,66.98,-0.03,-0.04%,128
2025-08-25 4:45,66.98,66.99,66.97,66.99,0.01,0.01%,21
2025-08-25 4:50,66.96,66.97,66.93,66.95,-0.04,-0.06%,85
2025-08-25 4:55,66.98,67.03,66.98,67.02,0.07,0.10%,70
2025-08-25 5:00,67.02,67.04,67.01,67.04,0.02,0.03%,114
2025-08-25 5:05,67.04,67.15,67.03,67.14,0.1,0.15%,1167
2025-08-25 5:10,67.14,67.21,67.14,67.17,0.03,0.04%,295
2025-08-25 5:15,67.16,67.16,67.08,67.1,-0.07,-0.10%,430
2025-08-25 5:20,67.11,67.14,67.11,67.13,0.03,0.04%,102
2025-08-25 5:25,67.12,67.13,67.08,67.12,-0.01,-0.01%,38
2025-08-25 5:30,67.13,67.17,67.13,67.17,0.05,0.07%,65
2025-08-25 5:35,67.17,67.23,67.17,67.22,0.05,0.07%,147
2025-08-25 5:40,67.21,67.22,67.19,67.19,-0.03,-0.04%,229
2025-08-25 5:45,67.18,67.18,67.14,67.16,-0.03,-0.04%,180
2025-08-25 5:50,67.15,67.18,67.13,67.15,-0.01,-0.01%,327
2025-08-25 5:55,67.13,67.15,67.1,67.14,-0.01,-0.01%,59
2025-08-25 6:00,67.12,67.19,67.12,67.17,0.03,0.04%,88
2025-08-25 6:05,67.18,67.19,67.17,67.18,0.01,0.01%,7
2025-08-25 6:10,67.2,67.23,67.2,67.21,0.03,0.04%,92
2025-08-25 6:15,67.23,67.24,67.21,67.21,0,0.00%,43
2025-08-25 6:20,67.2,67.23,67.19,67.22,0.01,0.01%,69
2025-08-25 6:25,67.22,67.25,67.19,67.21,-0.01,-0.01%,134
2025-08-25 6:30,67.23,67.24,67.18,67.2,-0.01,-0.01%,192
2025-08-25 6:35,67.19,67.22,67.18,67.18,-0.02,-0.03%,67
2025-08-25 6:40,67.19,67.21,67.18,67.18,0,0.00%,75
2025-08-25 6:45,67.19,67.2,67.17,67.18,0,0.00%,72
2025-08-25 6:50,67.17,67.18,67.15,67.18,0,0.00%,141
2025-08-25 6:55,67.17,67.18,67.16,67.17,-0.01,-0.01%,17
2025-08-25 7:00,67.16,67.18,67.16,67.18,0.01,0.01%,19
2025-08-25 7:05,67.18,67.19,67.17,67.19,0.01,0.01%,36
2025-08-25 7:10,67.19,67.19,67.15,67.19,0,0.00%,188
2025-08-25 7:15,67.18,67.19,67.15,67.16,-0.03,-0.04%,67
2025-08-25 7:20,67.17,67.17,67.09,67.12,-0.04,-0.06%,361
2025-08-25 7:25,67.09,67.15,67.09,67.12,0,0.00%,35
2025-08-25 7:30,67.12,67.14,67.11,67.14,0.02,0.03%,18
2025-08-25 7:35,67.14,67.2,67.13,67.15,0.01,0.01%,148
2025-08-25 7:40,67.14,67.2,67.13,67.19,0.04,0.06%,117
2025-08-25 7:45,67.18,67.18,67.11,67.14,-0.05,-0.07%,65
2025-08-25 7:50,67.14,67.16,67.13,67.15,0.01,0.01%,35
2025-08-25 7:55,67.14,67.17,67.12,67.12,-0.03,-0.04%,96
2025-08-25 8:00,67.11,67.18,67.05,67.16,0.04,0.06%,482
2025-08-25 8:05,67.16,67.19,67.09,67.12,-0.04,-0.06%,325
2025-08-25 8:10,67.13,67.18,67.12,67.16,0.04,0.06%,95
2025-08-25 8:15,67.16,67.23,67.14,67.22,0.06,0.09%,472
2025-08-25 8:20,67.23,67.33,67.23,67.28,0.06,0.09%,1415
2025-08-25 8:25,67.28,67.33,67.27,67.31,0.03,0.04%,452
2025-08-25 8:30,67.31,67.44,67.29,67.42,0.11,0.16%,769
2025-08-25 8:35,67.41,67.42,67.35,67.38,-0.04,-0.06%,704
2025-08-25 8:40,67.39,67.68,67.38,67.61,0.23,0.34%,1622
2025-08-25 8:45,67.62,67.65,67.57,67.64,0.03,0.04%,442
2025-08-25 8:50,67.64,67.65,67.57,67.62,-0.02,-0.03%,523
2025-08-25 8:55,67.63,67.63,67.48,67.51,-0.11,-0.16%,885
2025-08-25 9:00,67.5,67.54,67.48,67.51,0,0.00%,220
2025-08-25 9:05,67.51,67.59,67.5,67.56,0.05,0.07%,174
2025-08-25 9:10,67.55,67.55,67.51,67.52,-0.04,-0.06%,192
2025-08-25 9:15,67.53,67.54,67.5,67.51,-0.01,-0.01%,96
2025-08-25 9:20,67.51,67.57,67.5,67.55,0.04,0.06%,222
2025-08-25 9:25,67.55,67.59,67.53,67.59,0.04,0.06%,221
2025-08-25 9:30,67.58,67.65,67.58,67.62,0.03,0.04%,518
2025-08-25 9:35,67.62,67.62,67.58,67.6,-0.02,-0.03%,344
2025-08-25 9:40,67.61,67.65,67.6,67.62,0.02,0.03%,212
2025-08-25 9:45,67.62,67.65,67.62,67.63,0.01,0.01%,206
2025-08-25 9:50,67.63,67.67,67.6,67.6,-0.03,-0.04%,199
2025-08-25 9:55,67.61,67.62,67.57,67.62,0.02,0.03%,183
2025-08-25 10:00,67.63,67.7,67.62,67.68,0.06,0.09%,578
2025-08-25 10:05,67.69,67.7,67.63,67.66,-0.02,-0.03%,175
2025-08-25 10:10,67.65,67.66,67.61,67.63,-0.03,-0.04%,210
2025-08-25 10:15,67.64,67.71,67.64,67.67,0.04,0.06%,392
2025-08-25 10:20,67.67,67.69,67.62,67.62,-0.05,-0.07%,323
2025-08-25 10:25,67.63,67.67,67.61,67.66,0.04,0.06%,301
2025-08-25 10:30,67.66,67.74,67.64,67.73,0.07,0.10%,367
2025-08-25 10:35,67.74,67.9,67.73,67.88,0.15,0.22%,699
2025-08-25 10:40,67.87,67.9,67.85,67.89,0.01,0.01%,314
2025-08-25 10:45,67.88,67.88,67.86,67.87,-0.02,-0.03%,180
2025-08-25 10:50,67.88,67.92,67.85,67.88,0.01,0.01%,424
2025-08-25 10:55,67.88,67.9,67.86,67.88,0,0.00%,177
2025-08-25 11:00,67.88,67.91,67.86,67.88,0,0.00%,193
2025-08-25 11:05,67.88,67.88,67.81,67.83,-0.05,-0.07%,328
2025-08-25 11:10,67.84,67.87,67.83,67.87,0.04,0.06%,145
2025-08-25 11:15,67.87,67.9,67.82,67.83,-0.04,-0.06%,235
2025-08-25 11:20,67.83,67.88,67.83,67.88,0.05,0.07%,144
2025-08-25 11:25,67.87,67.89,67.87,67.87,-0.01,-0.01%,183
2025-08-25 11:30,67.88,67.98,67.88,67.94,0.07,0.10%,487
2025-08-25 11:35,67.92,67.97,67.92,67.96,0.02,0.03%,97
2025-08-25 11:40,67.96,67.98,67.91,67.95,-0.01,-0.01%,485
2025-08-25 11:45,67.95,67.98,67.95,67.96,0.01,0.01%,117
2025-08-25 11:50,67.96,67.98,67.96,67.97,0.01,0.01%,246
2025-08-25 11:55,67.97,67.99,67.95,67.96,-0.01,-0.01%,107
2025-08-25 12:00,67.95,67.96,67.9,67.92,-0.04,-0.06%,226
2025-08-25 12:05,67.93,67.94,67.87,67.89,-0.03,-0.04%,112
2025-08-25 12:10,67.88,67.92,67.87,67.91,0.02,0.03%,201
2025-08-25 12:15,67.9,67.92,67.88,67.88,-0.03,-0.04%,179
2025-08-25 12:20,67.88,67.88,67.83,67.86,-0.02,-0.03%,283
2025-08-25 12:25,67.87,67.9,67.87,67.9,0.04,0.06%,75
2025-08-25 12:30,67.91,67.91,67.87,67.89,-0.01,-0.01%,344
2025-08-25 12:35,67.89,67.92,67.85,67.85,-0.04,-0.06%,95
2025-08-25 12:40,67.86,67.88,67.86,67.88,0.03,0.04%,43
2025-08-25 12:45,67.88,67.9,67.85,67.85,-0.03,-0.04%,168
2025-08-25 12:50,67.85,67.89,67.84,67.89,0.04,0.06%,78
2025-08-25 12:55,67.89,67.9,67.87,67.89,0,0.00%,42
2025-08-25 13:00,67.88,67.89,67.82,67.85,-0.04,-0.06%,134
2025-08-25 13:05,67.85,67.85,67.72,67.74,-0.11,-0.16%,292
2025-08-25 13:10,67.76,67.79,67.74,67.78,0.04,0.06%,141
2025-08-25 13:15,67.77,67.83,67.76,67.81,0.03,0.04%,651
2025-08-25 13:20,67.81,67.82,67.77,67.8,-0.01,-0.01%,322
2025-08-25 13:25,67.79,67.79,67.66,67.73,-0.07,-0.10%,1084
2025-08-25 13:30,67.73,67.75,67.67,67.73,0,0.00%,235
2025-08-25 13:35,67.72,67.81,67.72,67.78,0.05,0.07%,93
2025-08-25 13:40,67.78,67.78,67.71,67.73,-0.05,-0.07%,114
2025-08-25 13:45,67.73,67.76,67.72,67.76,0.03,0.04%,36
2025-08-25 13:50,67.74,67.74,67.7,67.7,-0.06,-0.09%,34
2025-08-25 13:55,67.7,67.7,67.68,67.7,0,0.00%,33
2025-08-25 14:00,67.69,67.71,67.68,67.71,0.01,0.01%,76
2025-08-25 14:05,67.7,67.71,67.64,67.65,-0.06,-0.09%,88
2025-08-25 14:10,67.64,67.64,67.62,67.63,-0.02,-0.03%,65
2025-08-25 14:15,67.63,67.63,67.63,67.63,0,0.00%,6
2025-08-25 14:20,67.62,67.66,67.62,67.64,0.01,0.01%,50
2025-08-25 14:25,67.64,67.64,67.62,67.63,-0.01,-0.01%,12
2025-08-25 14:30,67.64,67.64,67.62,67.62,-0.01,-0.01%,25
2025-08-25 14:35,67.61,67.64,67.61,67.64,0.02,0.03%,69
2025-08-25 14:40,67.64,67.67,67.62,67.67,0.03,0.04%,55
2025-08-25 14:45,67.66,67.67,67.63,67.66,-0.01,-0.01%,80
2025-08-25 14:50,67.68,67.73,67.67,67.72,0.06,0.09%,53
2025-08-25 14:55,67.73,67.75,67.72,67.73,0.01,0.01%,39
2025-08-25 15:00,67.73,67.74,67.73,67.74,0.01,0.01%,22
2025-08-25 15:05,67.74,67.74,67.73,67.73,-0.01,-0.01%,32
2025-08-25 15:10,67.72,67.72,67.7,67.7,-0.03,-0.04%,28
2025-08-25 15:15,67.7,67.7,67.67,67.7,0,0.00%,80
2025-08-25 15:20,67.68,67.68,67.68,67.68,-0.02,-0.03%,4
2025-08-25 15:25,67.68,67.68,67.68,67.68,0,0.00%,19
2025-08-25 15:30,67.7,67.7,67.7,67.7,0.02,0.03%,1
2025-08-25 15:35,67.69,67.7,67.69,67.69,-0.01,-0.01%,15
2025-08-25 15:40,67.7,67.7,67.69,67.69,0,0.00%,13
2025-08-25 15:45,67.69,67.72,67.69,67.72,0.03,0.04%,11
2025-08-25 15:50,67.73,67.73,67.69,67.7,-0.02,-0.03%,18
2025-08-25 15:55,67.69,67.7,67.68,67.69,-0.01,-0.01%,16
2025-08-25 16:15,67.68,67.68,67.68,67.68,-0.01,-0.01%,3
2025-08-25 16:25,67.66,67.66,67.66,67.66,-0.02,-0.03%,3
2025-08-25 19:00,67.66,67.66,67.56,67.57,-0.09,-0.13%,128
2025-08-25 19:05,67.6,67.6,67.56,67.57,0,0.00%,39
2025-08-25 19:10,67.57,67.59,67.57,67.58,0.01,0.01%,23
2025-08-25 19:15,67.57,67.58,67.55,67.55,-0.03,-0.04%,48
2025-08-25 19:20,67.54,67.54,67.51,67.54,-0.01,-0.01%,132
2025-08-25 19:25,67.54,67.54,67.48,67.49,-0.05,-0.07%,137
2025-08-25 19:30,67.51,67.52,67.48,67.51,0.02,0.03%,81
2025-08-25 19:35,67.49,67.49,67.47,67.47,-0.04,-0.06%,14
2025-08-25 19:40,67.47,67.47,67.39,67.4,-0.07,-0.10%,227
2025-08-25 19:45,67.4,67.41,67.4,67.41,0.01,0.01%,10
2025-08-25 19:50,67.38,67.39,67.36,67.36,-0.05,-0.07%,94
2025-08-25 19:55,67.37,67.41,67.37,67.4,0.04,0.06%,18
2025-08-25 20:00,67.41,67.44,67.37,67.39,-0.01,-0.01%,105
2025-08-25 20:05,67.42,67.43,67.39,67.41,0.02,0.03%,53
2025-08-25 20:10,67.41,67.43,67.4,67.43,0.02,0.03%,12
2025-08-25 20:15,67.44,67.45,67.42,67.42,-0.01,-0.01%,36
2025-08-25 20:20,67.41,67.41,67.39,67.4,-0.02,-0.03%,30
2025-08-25 20:25,67.41,67.43,67.41,67.42,0.02,0.03%,101
2025-08-25 20:30,67.42,67.43,67.39,67.43,0.01,0.01%,28
2025-08-25 20:35,67.43,67.43,67.41,67.41,-0.02,-0.03%,14
2025-08-25 20:40,67.4,67.42,67.4,67.42,0.01,0.01%,13
2025-08-25 20:45,67.42,67.44,67.42,67.44,0.02,0.03%,24
2025-08-25 20:50,67.44,67.44,67.42,67.43,-0.01,-0.01%,8
2025-08-25 20:55,67.45,67.47,67.43,67.43,0,0.00%,23
2025-08-25 21:00,67.43,67.47,67.43,67.47,0.04,0.06%,25
2025-08-25 21:05,67.44,67.45,67.42,67.44,-0.03,-0.04%,37
2025-08-25 21:10,67.44,67.44,67.39,67.42,-0.02,-0.03%,69
2025-08-25 21:15,67.42,67.42,67.4,67.4,-0.02,-0.03%,15
2025-08-25 21:25,67.41,67.42,67.41,67.42,0.02,0.03%,16
2025-08-25 21:30,67.42,67.47,67.42,67.47,0.05,0.07%,38
2025-08-25 21:35,67.47,67.5,67.46,67.47,0,0.00%,42
2025-08-25 21:40,67.48,67.52,67.48,67.52,0.05,0.07%,90
2025-08-25 21:45,67.51,67.52,67.48,67.51,-0.01,-0.01%,42
2025-08-25 21:50,67.5,67.51,67.49,67.49,-0.02,-0.03%,22
2025-08-25 21:55,67.5,67.5,67.49,67.49,0,0.00%,11
2025-08-25 22:00,67.49,67.49,67.43,67.46,-0.03,-0.04%,22
2025-08-25 22:05,67.45,67.45,67.42,67.43,-0.03,-0.04%,10
2025-08-25 22:10,67.45,67.47,67.45,67.47,0.04,0.06%,8
2025-08-25 22:15,67.47,67.47,67.45,67.45,-0.02,-0.03%,9
2025-08-25 22:20,67.45,67.46,67.44,67.46,0.01,0.01%,50
2025-08-25 22:25,67.46,67.46,67.45,67.45,-0.01,-0.01%,4
2025-08-25 22:30,67.45,67.45,67.45,67.45,0,0.00%,1
2025-08-25 22:40,67.46,67.48,67.46,67.48,0.03,0.04%,7
2025-08-25 22:55,67.48,67.48,67.47,67.47,-0.01,-0.01%,22
2025-08-25 23:00,67.46,67.46,67.44,67.44,-0.03,-0.04%,6
2025-08-25 23:20,67.48,67.48,67.46,67.46,0.02,0.03%,4
2025-08-25 23:25,67.45,67.45,67.45,67.45,-0.01,-0.01%,4
2025-08-25 23:30,67.43,67.44,67.43,67.44,-0.01,-0.01%,8
2025-08-25 23:35,67.44,67.44,67.43,67.43,-0.01,-0.01%,2
2025-08-25 23:40,67.43,67.44,67.43,67.43,0,0.00%,12
2025-08-25 23:45,67.42,67.44,67.42,67.44,0.01,0.01%,33
2025-08-25 23:50,67.44,67.45,67.44,67.45,0.01,0.01%,11
2025-08-25 23:55,67.44,67.44,67.42,67.43,-0.02,-0.03%,15
2025-08-26 0:00,67.42,67.45,67.41,67.45,0.02,0.03%,98
2025-08-26 0:05,67.43,67.43,67.43,67.43,-0.02,-0.03%,2
2025-08-26 0:10,67.44,67.45,67.44,67.44,0.01,0.01%,19
2025-08-26 0:15,67.44,67.45,67.44,67.44,0,0.00%,7
2025-08-26 0:20,67.44,67.46,67.44,67.46,0.02,0.03%,23
2025-08-26 0:25,67.46,67.46,67.43,67.44,-0.02,-0.03%,14
2025-08-26 0:30,67.43,67.43,67.39,67.42,-0.02,-0.03%,53
2025-08-26 0:35,67.42,67.45,67.42,67.43,0.01,0.01%,127
2025-08-26 0:40,67.43,67.43,67.41,67.41,-0.02,-0.03%,51
2025-08-26 0:45,67.41,67.42,67.41,67.41,0,0.00%,9
2025-08-26 0:50,67.41,67.43,67.39,67.4,-0.01,-0.01%,232
2025-08-26 0:55,67.4,67.41,67.4,67.4,0,0.00%,54
2025-08-26 1:00,67.42,67.47,67.38,67.47,0.07,0.10%,116
2025-08-26 1:05,67.48,67.49,67.42,67.42,-0.05,-0.07%,88
2025-08-26 1:10,67.41,67.45,67.4,67.4,-0.02,-0.03%,30
2025-08-26 1:15,67.39,67.4,67.32,67.33,-0.07,-0.10%,56
2025-08-26 1:20,67.35,67.38,67.34,67.36,0.03,0.04%,46
2025-08-26 1:25,67.38,67.39,67.38,67.39,0.03,0.04%,16
2025-08-26 1:30,67.41,67.41,67.36,67.38,-0.01,-0.01%,27
2025-08-26 1:35,67.38,67.38,67.29,67.29,-0.09,-0.13%,82
2025-08-26 1:40,67.31,67.36,67.31,67.33,0.04,0.06%,113
2025-08-26 1:45,67.33,67.37,67.31,67.34,0.01,0.01%,114
2025-08-26 1:50,67.35,67.37,67.34,67.35,0.01,0.01%,90
2025-08-26 1:55,67.35,67.4,67.35,67.39,0.04,0.06%,122
2025-08-26 2:00,67.38,67.45,67.3,67.32,-0.07,-0.10%,202
2025-08-26 2:05,67.32,67.34,67.27,67.29,-0.03,-0.04%,152
2025-08-26 2:10,67.28,67.29,67.25,67.26,-0.03,-0.04%,219
2025-08-26 2:15,67.26,67.28,67.24,67.24,-0.02,-0.03%,59
2025-08-26 2:20,67.23,67.3,67.22,67.27,0.03,0.04%,267
2025-08-26 2:25,67.27,67.31,67.26,67.31,0.04,0.06%,70
2025-08-26 2:30,67.3,67.31,67.27,67.31,0,0.00%,85
2025-08-26 2:35,67.31,67.33,67.26,67.32,0.01,0.01%,195
2025-08-26 2:40,67.32,67.33,67.29,67.32,0,0.00%,71
2025-08-26 2:45,67.31,67.31,67.26,67.26,-0.06,-0.09%,56
2025-08-26 2:50,67.24,67.26,67.19,67.22,-0.04,-0.06%,206
2025-08-26 2:55,67.21,67.21,67.14,67.15,-0.07,-0.10%,268
2025-08-26 3:00,67.15,67.22,66.99,67.2,0.05,0.07%,998
2025-08-26 3:05,67.2,67.25,67.19,67.2,0,0.00%,262
2025-08-26 3:10,67.2,67.22,67.17,67.18,-0.02,-0.03%,89
2025-08-26 3:15,67.18,67.23,67.15,67.19,0.01,0.01%,173
2025-08-26 3:20,67.18,67.3,67.17,67.28,0.09,0.13%,277
2025-08-26 3:25,67.28,67.28,67.17,67.19,-0.09,-0.13%,860
2025-08-26 3:30,67.18,67.23,67.12,67.15,-0.04,-0.06%,457
2025-08-26 3:35,67.15,67.15,67.05,67.06,-0.09,-0.13%,488
2025-08-26 3:40,67.06,67.1,67.04,67.1,0.04,0.06%,130
2025-08-26 3:45,67.1,67.1,67.07,67.07,-0.03,-0.04%,172
2025-08-26 3:50,67.07,67.08,67.03,67.04,-0.03,-0.04%,176
2025-08-26 3:55,67.03,67.05,67.01,67.04,0,0.00%,93
2025-08-26 4:00,67.02,67.03,66.97,66.97,-0.07,-0.10%,208
2025-08-26 4:05,66.97,67,66.9,66.99,0.02,0.03%,364
2025-08-26 4:10,66.99,67.04,66.98,67.03,0.04,0.06%,142
2025-08-26 4:15,67.02,67.07,67.01,67.05,0.02,0.03%,307
2025-08-26 4:20,67.04,67.06,66.99,66.99,-0.06,-0.09%,259
2025-08-26 4:25,66.99,67.03,66.98,67.01,0.02,0.03%,430
2025-08-26 4:30,67,67.01,66.9,66.9,-0.11,-0.16%,180
2025-08-26 4:35,66.9,66.9,66.72,66.72,-0.18,-0.27%,721
2025-08-26 4:40,66.72,66.77,66.7,66.76,0.04,0.06%,220
2025-08-26 4:45,66.77,66.78,66.73,66.75,-0.01,-0.01%,198
2025-08-26 4:50,66.73,66.77,66.72,66.73,-0.02,-0.03%,145
2025-08-26 4:55,66.73,66.74,66.7,66.72,-0.01,-0.01%,263
2025-08-26 5:00,66.73,66.75,66.7,66.74,0.02,0.03%,153
2025-08-26 5:05,66.74,66.77,66.67,66.68,-0.06,-0.09%,141
2025-08-26 5:10,66.69,66.72,66.69,66.71,0.03,0.04%,237
2025-08-26 5:15,66.71,66.75,66.71,66.75,0.04,0.06%,221
2025-08-26 5:20,66.74,66.8,66.72,66.76,0.01,0.01%,108
2025-08-26 5:25,66.76,66.76,66.73,66.74,-0.02,-0.03%,152
2025-08-26 5:30,66.72,66.74,66.71,66.74,0,0.00%,110
2025-08-26 5:35,66.74,66.75,66.7,66.7,-0.04,-0.06%,120
2025-08-26 5:40,66.7,66.7,66.63,66.65,-0.05,-0.07%,204
2025-08-26 5:45,66.65,66.69,66.63,66.65,0,0.00%,335
2025-08-26 5:50,66.63,66.7,66.63,66.67,0.02,0.03%,159
2025-08-26 5:55,66.68,66.68,66.62,66.65,-0.02,-0.03%,125
2025-08-26 6:00,66.66,66.69,66.62,66.68,0.03,0.05%,91
2025-08-26 6:05,66.68,66.7,66.67,66.67,-0.01,-0.01%,40
2025-08-26 6:10,66.65,66.73,66.65,66.73,0.06,0.09%,56
2025-08-26 6:15,66.74,66.81,66.72,66.77,0.04,0.06%,411
2025-08-26 6:20,66.77,66.77,66.75,66.77,0,0.00%,45
2025-08-26 6:25,66.76,66.76,66.74,66.76,-0.01,-0.01%,71
2025-08-26 6:30,66.75,66.78,66.73,66.74,-0.02,-0.03%,93
2025-08-26 6:35,66.75,66.76,66.69,66.72,-0.02,-0.03%,135
2025-08-26 6:40,66.71,66.71,66.68,66.69,-0.03,-0.04%,70
2025-08-26 6:45,66.68,66.69,66.63,66.65,-0.04,-0.06%,72
2025-08-26 6:50,66.66,66.71,66.65,66.71,0.06,0.09%,35
2025-08-26 6:55,66.68,66.68,66.63,66.65,-0.06,-0.09%,52
2025-08-26 7:00,66.64,66.69,66.62,66.67,0.02,0.03%,66
2025-08-26 7:05,66.66,66.68,66.61,66.64,-0.03,-0.04%,99
2025-08-26 7:10,66.63,66.69,66.63,66.68,0.04,0.06%,53
2025-08-26 7:15,66.69,66.69,66.65,66.66,-0.02,-0.03%,49
2025-08-26 7:20,66.66,66.74,66.66,66.72,0.06,0.09%,155
2025-08-26 7:25,66.7,66.72,66.67,66.7,-0.02,-0.03%,108
2025-08-26 7:30,66.7,66.71,66.65,66.65,-0.05,-0.07%,181
2025-08-26 7:35,66.65,66.75,66.65,66.73,0.08,0.12%,212
2025-08-26 7:40,66.72,66.72,66.66,66.69,-0.04,-0.06%,102
2025-08-26 7:45,66.69,66.7,66.65,66.65,-0.04,-0.06%,299
2025-08-26 7:50,66.67,66.69,66.64,66.69,0.04,0.06%,137
2025-08-26 7:55,66.7,66.74,66.68,66.71,0.02,0.03%,156
2025-08-26 8:00,66.72,66.83,66.72,66.79,0.08,0.12%,540
2025-08-26 8:05,66.8,66.81,66.75,66.77,-0.02,-0.03%,277
2025-08-26 8:10,66.76,66.8,66.75,66.76,-0.01,-0.01%,278
2025-08-26 8:15,66.76,66.82,66.74,66.8,0.04,0.06%,138
2025-08-26 8:20,66.79,66.82,66.75,66.76,-0.04,-0.06%,146
2025-08-26 8:25,66.76,66.82,66.76,66.8,0.04,0.06%,143
2025-08-26 8:30,66.78,66.87,66.72,66.85,0.05,0.07%,440
2025-08-26 8:35,66.86,66.87,66.79,66.84,-0.01,-0.01%,448
2025-08-26 8:40,66.83,66.85,66.77,66.81,-0.03,-0.04%,368
2025-08-26 8:45,66.81,66.89,66.8,66.86,0.05,0.07%,348
2025-08-26 8:50,66.85,66.91,66.83,66.89,0.03,0.04%,488
2025-08-26 8:55,66.89,66.9,66.82,66.85,-0.04,-0.06%,322
2025-08-26 9:00,66.86,66.99,66.86,66.96,0.11,0.16%,573
2025-08-26 9:05,66.96,67.05,66.94,67.03,0.07,0.10%,565
2025-08-26 9:10,67.03,67.08,67,67.06,0.03,0.04%,286
2025-08-26 9:15,67.06,67.06,66.95,67,-0.06,-0.09%,660
2025-08-26 9:20,67.01,67.07,67.01,67.06,0.06,0.09%,229
2025-08-26 9:25,67.06,67.12,67.04,67.1,0.04,0.06%,386
2025-08-26 9:30,67.09,67.14,67.08,67.14,0.04,0.06%,456
2025-08-26 9:35,67.14,67.18,67.1,67.1,-0.04,-0.06%,411
2025-08-26 9:40,67.1,67.11,67.04,67.08,-0.02,-0.03%,299
2025-08-26 9:45,67.07,67.07,66.99,67.06,-0.02,-0.03%,273
2025-08-26 9:50,67.06,67.06,66.91,66.92,-0.14,-0.21%,896
2025-08-26 9:55,66.91,66.93,66.8,66.85,-0.07,-0.10%,619
2025-08-26 10:00,66.85,66.85,66.46,66.52,-0.33,-0.49%,1562
2025-08-26 10:05,66.52,66.53,66.32,66.5,-0.02,-0.03%,2048
2025-08-26 10:10,66.49,66.51,66.39,66.46,-0.04,-0.06%,967
2025-08-26 10:15,66.45,66.58,66.45,66.51,0.05,0.08%,729
2025-08-26 10:20,66.51,66.6,66.51,66.54,0.03,0.05%,504
2025-08-26 10:25,66.54,66.55,66.39,66.47,-0.07,-0.11%,652
2025-08-26 10:30,66.47,66.53,66.36,66.44,-0.03,-0.05%,1173
2025-08-26 10:35,66.44,66.45,66.39,66.41,-0.03,-0.05%,263
2025-08-26 10:40,66.42,66.46,66.38,66.44,0.03,0.05%,249
2025-08-26 10:45,66.45,66.49,66.39,66.4,-0.04,-0.06%,286
2025-08-26 10:50,66.39,66.44,66.36,66.44,0.04,0.06%,256
2025-08-26 10:55,66.44,66.45,66.4,66.43,-0.01,-0.02%,279
2025-08-26 11:00,66.44,66.48,66.35,66.4,-0.03,-0.05%,347
2025-08-26 11:05,66.39,66.43,66.36,66.38,-0.02,-0.03%,800
2025-08-26 11:10,66.38,66.43,66.33,66.37,-0.01,-0.02%,361
2025-08-26 11:15,66.37,66.41,66.27,66.29,-0.08,-0.12%,608
2025-08-26 11:20,66.28,66.35,66.28,66.31,0.02,0.03%,241
2025-08-26 11:25,66.31,66.34,66.28,66.31,0,0.00%,314
2025-08-26 11:30,66.32,66.4,66.3,66.39,0.08,0.12%,759
2025-08-26 11:35,66.37,66.37,66.3,66.33,-0.06,-0.09%,159
2025-08-26 11:40,66.32,66.39,66.3,66.37,0.04,0.06%,356
2025-08-26 11:45,66.37,66.39,66.33,66.35,-0.02,-0.03%,132
2025-08-26 11:50,66.35,66.39,66.35,66.35,0,0.00%,116
2025-08-26 11:55,66.36,66.37,66.31,66.32,-0.03,-0.05%,165
2025-08-26 12:00,66.33,66.4,66.32,66.37,0.05,0.08%,223
2025-08-26 12:05,66.36,66.36,66.3,66.34,-0.03,-0.05%,162
2025-08-26 12:10,66.35,66.36,66.31,66.34,0,0.00%,173
2025-08-26 12:15,66.34,66.36,66.33,66.34,0,0.00%,85
2025-08-26 12:20,66.35,66.35,66.28,66.29,-0.05,-0.08%,230
2025-08-26 12:25,66.28,66.34,66.28,66.3,0.01,0.02%,153
2025-08-26 12:30,66.3,66.38,66.3,66.33,0.03,0.05%,178
2025-08-26 12:35,66.33,66.36,66.32,66.35,0.02,0.03%,147
2025-08-26 12:40,66.36,66.38,66.34,66.36,0.01,0.02%,164
2025-08-26 12:45,66.37,66.41,66.35,66.4,0.04,0.06%,126
2025-08-26 12:50,66.4,66.4,66.38,66.39,-0.01,-0.02%,167
2025-08-26 12:55,66.39,66.4,66.35,66.36,-0.03,-0.05%,151
2025-08-26 13:00,66.36,66.38,66.35,66.37,0.01,0.02%,153
2025-08-26 13:05,66.37,66.43,66.36,66.39,0.02,0.03%,229
2025-08-26 13:10,66.39,66.4,66.36,66.38,-0.01,-0.02%,204
2025-08-26 13:15,66.38,66.4,66.34,66.38,0,0.00%,233
2025-08-26 13:20,66.38,66.38,66.3,66.32,-0.06,-0.09%,777
2025-08-26 13:25,66.32,66.35,66.18,66.28,-0.04,-0.06%,1803
2025-08-26 13:30,66.28,66.32,66.25,66.31,0.03,0.05%,245
2025-08-26 13:35,66.32,66.33,66.3,66.33,0.02,0.03%,140
2025-08-26 13:40,66.33,66.33,66.3,66.31,-0.02,-0.03%,92
2025-08-26 13:45,66.31,66.32,66.28,66.3,-0.01,-0.02%,107
2025-08-26 13:50,66.31,66.34,66.3,66.32,0.02,0.03%,175
2025-08-26 13:55,66.31,66.33,66.31,66.33,0.01,0.02%,49
2025-08-26 14:00,66.31,66.31,66.27,66.29,-0.04,-0.06%,64
2025-08-26 14:05,66.28,66.33,66.28,66.31,0.02,0.03%,221
2025-08-26 14:10,66.32,66.32,66.27,66.29,-0.02,-0.03%,52
2025-08-26 14:15,66.29,66.3,66.29,66.29,0,0.00%,100
2025-08-26 14:20,66.29,66.31,66.28,66.28,-0.01,-0.02%,117
2025-08-26 14:25,66.3,66.31,66.29,66.31,0.03,0.05%,46
2025-08-26 14:30,66.31,66.35,66.3,66.32,0.01,0.02%,87
2025-08-26 14:35,66.32,66.32,66.3,66.3,-0.02,-0.03%,53
2025-08-26 14:40,66.3,66.36,66.3,66.35,0.05,0.08%,50
2025-08-26 14:45,66.35,66.35,66.33,66.33,-0.02,-0.03%,44
2025-08-26 14:50,66.33,66.34,66.32,66.34,0.01,0.02%,72
2025-08-26 14:55,66.34,66.34,66.31,66.31,-0.03,-0.05%,66
2025-08-26 15:00,66.33,66.34,66.3,66.32,0.01,0.02%,137
2025-08-26 15:05,66.34,66.36,66.34,66.34,0.02,0.03%,93
2025-08-26 15:10,66.35,66.37,66.35,66.36,0.02,0.03%,46
2025-08-26 15:15,66.35,66.36,66.35,66.36,0,0.00%,23
2025-08-26 15:20,66.34,66.36,66.34,66.35,-0.01,-0.02%,40
2025-08-26 15:25,66.36,66.36,66.35,66.35,0,0.00%,27
2025-08-26 15:30,66.36,66.38,66.36,66.37,0.02,0.03%,54
2025-08-26 15:35,66.37,66.37,66.33,66.33,-0.04,-0.06%,35
2025-08-26 15:40,66.34,66.36,66.32,66.32,-0.01,-0.02%,48
2025-08-26 15:45,66.32,66.36,66.32,66.34,0.02,0.03%,21
2025-08-26 15:50,66.34,66.34,66.32,66.32,-0.02,-0.03%,20
2025-08-26 15:55,66.32,66.34,66.29,66.31,-0.01,-0.02%,133
2025-08-26 16:00,66.31,66.31,66.31,66.31,0,0.00%,1
2025-08-26 16:05,66.29,66.29,66.28,66.28,-0.03,-0.05%,3
2025-08-26 16:10,66.27,66.27,66.23,66.23,-0.05,-0.08%,20
2025-08-26 16:15,66.22,66.22,66.22,66.22,-0.01,-0.02%,1
2025-08-26 16:20,66.27,66.27,66.26,66.26,0.04,0.06%,3
2025-08-26 16:30,66.25,66.25,66.22,66.23,-0.03,-0.05%,26
2025-08-26 16:50,66.24,66.24,66.24,66.24,0.01,0.02%,5
2025-08-26 16:55,66.28,66.28,66.28,66.28,0.04,0.06%,1
2025-08-26 19:00,66.46,66.46,66.42,66.43,0.15,0.23%,113
2025-08-26 19:05,66.43,66.44,66.4,66.41,-0.02,-0.03%,76
2025-08-26 19:10,66.41,66.42,66.39,66.39,-0.02,-0.03%,17
2025-08-26 19:15,66.39,66.4,66.38,66.38,-0.01,-0.02%,13
2025-08-26 19:20,66.4,66.42,66.4,66.4,0.02,0.03%,16
2025-08-26 19:25,66.41,66.41,66.36,66.38,-0.02,-0.03%,49
2025-08-26 19:30,66.38,66.4,66.37,66.38,0,0.00%,32
2025-08-26 19:35,66.38,66.38,66.38,66.38,0,0.00%,3
2025-08-26 19:40,66.37,66.39,66.37,66.39,0.01,0.02%,10
2025-08-26 19:45,66.39,66.39,66.39,66.39,0,0.00%,2
2025-08-26 19:50,66.37,66.39,66.37,66.39,0,0.00%,4
2025-08-26 19:55,66.4,66.4,66.39,66.39,0,0.00%,2
2025-08-26 20:00,66.35,66.36,66.27,66.29,-0.1,-0.15%,108
2025-08-26 20:05,66.28,66.29,66.22,66.25,-0.04,-0.06%,145
2025-08-26 20:10,66.25,66.26,66.21,66.22,-0.03,-0.05%,122
2025-08-26 20:15,66.24,66.29,66.24,66.26,0.04,0.06%,79
2025-08-26 20:20,66.26,66.27,66.22,66.24,-0.02,-0.03%,112
2025-08-26 20:25,66.25,66.25,66.22,66.23,-0.01,-0.02%,113
2025-08-26 20:30,66.23,66.28,66.23,66.25,0.02,0.03%,127
2025-08-26 20:35,66.24,66.26,66.19,66.23,-0.02,-0.03%,594
2025-08-26 20:40,66.23,66.24,66.16,66.18,-0.05,-0.08%,468
2025-08-26 20:45,66.18,66.2,66.15,66.18,0,0.00%,334
2025-08-26 20:50,66.19,66.19,66.16,66.18,0,0.00%,237
2025-08-26 20:55,66.19,66.2,66.15,66.2,0.02,0.03%,278
2025-08-26 21:00,66.2,66.21,66.17,66.2,0,0.00%,131
2025-08-26 21:05,66.21,66.21,66.17,66.2,0,0.00%,55
2025-08-26 21:10,66.2,66.22,66.18,66.18,-0.02,-0.03%,166
2025-08-26 21:15,66.19,66.23,66.19,66.23,0.05,0.08%,31
2025-08-26 21:20,66.23,66.23,66.21,66.22,-0.01,-0.02%,27
2025-08-26 21:25,66.23,66.25,66.23,66.23,0.01,0.02%,107
2025-08-26 21:30,66.23,66.23,66.18,66.2,-0.03,-0.05%,145
2025-08-26 21:35,66.22,66.25,66.2,66.23,0.03,0.05%,139
2025-08-26 21:40,66.23,66.24,66.21,66.23,0,0.00%,257
2025-08-26 21:45,66.22,66.24,66.21,66.24,0.01,0.02%,161
2025-08-26 21:50,66.24,66.31,66.23,66.31,0.07,0.11%,138
2025-08-26 21:55,66.31,66.34,66.31,66.32,0.01,0.02%,92
2025-08-26 22:00,66.32,66.32,66.29,66.31,-0.01,-0.02%,61
2025-08-26 22:05,66.3,66.32,66.29,66.29,-0.02,-0.03%,14
2025-08-26 22:10,66.3,66.31,66.29,66.3,0.01,0.02%,55
2025-08-26 22:15,66.3,66.3,66.28,66.29,-0.01,-0.02%,47
2025-08-26 22:20,66.28,66.29,66.25,66.26,-0.03,-0.05%,14
2025-08-26 22:25,66.27,66.28,66.27,66.28,0.02,0.03%,10
2025-08-26 22:30,66.28,66.28,66.27,66.27,-0.01,-0.02%,4
2025-08-26 22:40,66.28,66.29,66.28,66.29,0.02,0.03%,21
2025-08-26 22:45,66.28,66.29,66.28,66.29,0,0.00%,2
2025-08-26 22:50,66.29,66.31,66.29,66.3,0.01,0.02%,58
2025-08-26 22:55,66.3,66.3,66.25,66.25,-0.05,-0.08%,21
2025-08-26 23:00,66.25,66.27,66.23,66.26,0.01,0.02%,89
2025-08-26 23:05,66.26,66.28,66.26,66.27,0.01,0.02%,21
2025-08-26 23:10,66.27,66.27,66.27,66.27,0,0.00%,3
2025-08-26 23:15,66.28,66.3,66.28,66.28,0.01,0.02%,17
2025-08-26 23:20,66.27,66.27,66.26,66.27,-0.01,-0.02%,40
2025-08-26 23:25,66.26,66.26,66.26,66.26,-0.01,-0.02%,2
2025-08-26 23:30,66.27,66.27,66.27,66.27,0.01,0.02%,3
2025-08-26 23:35,66.27,66.27,66.24,66.24,-0.03,-0.05%,31
2025-08-26 23:40,66.25,66.25,66.25,66.25,0.01,0.02%,1
2025-08-26 23:45,66.23,66.23,66.22,66.22,-0.03,-0.05%,4
2025-08-26 23:55,66.23,66.23,66.23,66.23,0.01,0.02%,1
2025-08-27 0:00,66.25,66.27,66.25,66.27,0.04,0.06%,14
2025-08-27 0:05,66.25,66.25,66.25,66.25,-0.02,-0.03%,1
2025-08-27 0:10,66.25,66.25,66.22,66.22,-0.03,-0.05%,27
2025-08-27 0:15,66.22,66.26,66.22,66.26,0.04,0.06%,9
2025-08-27 0:20,66.28,66.28,66.27,66.27,0.01,0.02%,5
2025-08-27 0:25,66.26,66.26,66.25,66.25,-0.02,-0.03%,9
2025-08-27 0:30,66.23,66.23,66.2,66.22,-0.03,-0.05%,179
2025-08-27 0:35,66.21,66.23,66.2,66.22,0,0.00%,61
2025-08-27 0:40,66.23,66.23,66.2,66.2,-0.02,-0.03%,118
2025-08-27 0:45,66.19,66.23,66.19,66.21,0.01,0.02%,101
2025-08-27 0:50,66.21,66.21,66.12,66.15,-0.06,-0.09%,264
2025-08-27 0:55,66.15,66.15,66.13,66.15,0,0.00%,274
2025-08-27 1:00,66.15,66.25,66.15,66.25,0.1,0.15%,205
2025-08-27 1:05,66.26,66.28,66.21,66.23,-0.02,-0.03%,137
2025-08-27 1:10,66.23,66.26,66.22,66.23,0,0.00%,106
2025-08-27 1:15,66.24,66.24,66.16,66.19,-0.04,-0.06%,295
2025-08-27 1:20,66.18,66.18,66.15,66.15,-0.04,-0.06%,113
2025-08-27 1:25,66.16,66.16,66.02,66.04,-0.11,-0.17%,1016
2025-08-27 1:30,66.03,66.21,66.03,66.2,0.16,0.24%,1279
2025-08-27 1:35,66.21,66.23,66.09,66.11,-0.09,-0.14%,359
2025-08-27 1:40,66.09,66.16,66.09,66.12,0.01,0.02%,303
2025-08-27 1:45,66.13,66.22,66.1,66.22,0.1,0.15%,359
2025-08-27 1:50,66.22,66.3,66.17,66.17,-0.05,-0.08%,679
2025-08-27 1:55,66.17,66.19,66.15,66.18,0.01,0.02%,209
2025-08-27 2:00,66.19,66.26,66.15,66.2,0.02,0.03%,86
2025-08-27 2:05,66.2,66.21,66.15,66.16,-0.04,-0.06%,66
2025-08-27 2:10,66.16,66.16,66.08,66.08,-0.08,-0.12%,197
2025-08-27 2:15,66.06,66.07,65.96,66,-0.08,-0.12%,654
2025-08-27 2:20,66.01,66.07,66.01,66.06,0.06,0.09%,155
2025-08-27 2:25,66.06,66.1,66.04,66.05,-0.01,-0.02%,269
2025-08-27 2:30,66.04,66.13,66.03,66.1,0.05,0.08%,358
2025-08-27 2:35,66.1,66.1,66.03,66.06,-0.04,-0.06%,137
2025-08-27 2:40,66.07,66.08,66.03,66.05,-0.01,-0.02%,158
2025-08-27 2:45,66.05,66.14,66.05,66.12,0.07,0.11%,261
2025-08-27 2:50,66.12,66.15,66.09,66.12,0,0.00%,171
2025-08-27 2:55,66.13,66.23,66.12,66.18,0.06,0.09%,330
2025-08-27 3:00,66.19,66.2,66.13,66.18,0,0.00%,333
2025-08-27 3:05,66.2,66.25,66.19,66.19,0.01,0.02%,63
2025-08-27 3:10,66.19,66.23,66.18,66.18,-0.01,-0.02%,175
2025-08-27 3:15,66.17,66.27,66.17,66.19,0.01,0.02%,114
2025-08-27 3:20,66.2,66.22,66.14,66.16,-0.03,-0.05%,137
2025-08-27 3:25,66.18,66.23,66.09,66.09,-0.07,-0.11%,967
2025-08-27 3:30,66.1,66.13,66.02,66.07,-0.02,-0.03%,408
2025-08-27 3:35,66.07,66.1,66.06,66.09,0.02,0.03%,129
2025-08-27 3:40,66.08,66.1,66,66.01,-0.08,-0.12%,528
2025-08-27 3:45,66.01,66.02,65.91,66,-0.01,-0.02%,738
2025-08-27 3:50,66,66.01,65.95,65.96,-0.04,-0.06%,174
2025-08-27 3:55,65.97,65.99,65.94,65.98,0.02,0.03%,120
2025-08-27 4:00,65.96,66,65.94,66,0.02,0.03%,195
2025-08-27 4:05,66.01,66.01,65.99,66,0,0.00%,98
2025-08-27 4:10,66,66,65.94,65.95,-0.05,-0.08%,414
2025-08-27 4:15,65.94,65.99,65.93,65.98,0.03,0.05%,97
2025-08-27 4:20,65.97,65.99,65.94,65.99,0.01,0.02%,253
2025-08-27 4:25,66,66.02,65.96,65.98,-0.01,-0.02%,197
2025-08-27 4:30,65.97,66.03,65.95,66,0.02,0.03%,427
2025-08-27 4:35,65.99,66.1,65.97,66.06,0.06,0.09%,241
2025-08-27 4:40,66.05,66.05,65.96,65.97,-0.09,-0.14%,177
2025-08-27 4:45,65.97,66.12,65.97,66.11,0.14,0.21%,364
2025-08-27 4:50,66.09,66.12,66.04,66.05,-0.06,-0.09%,173
2025-08-27 4:55,66.05,66.19,66.05,66.16,0.11,0.17%,399
2025-08-27 5:00,66.16,66.16,66.02,66.07,-0.09,-0.14%,126
2025-08-27 5:05,66.06,66.08,66.01,66.06,-0.01,-0.02%,161
2025-08-27 5:10,66.07,66.17,66.07,66.09,0.03,0.05%,151
2025-08-27 5:15,66.13,66.2,66.12,66.19,0.1,0.15%,402
2025-08-27 5:20,66.17,66.17,66.14,66.14,-0.05,-0.08%,96
2025-08-27 5:25,66.12,66.13,66.1,66.1,-0.04,-0.06%,21
2025-08-27 5:30,66.14,66.14,66.06,66.06,-0.04,-0.06%,147
2025-08-27 5:35,66.04,66.06,65.98,66.06,0,0.00%,373
2025-08-27 5:40,66.08,66.09,66.03,66.04,-0.02,-0.03%,108
2025-08-27 5:45,66.05,66.07,66.02,66.05,0.01,0.02%,106
2025-08-27 5:50,66.04,66.1,66.03,66.09,0.04,0.06%,84
2025-08-27 5:55,66.09,66.14,66.08,66.11,0.02,0.03%,76
2025-08-27 6:00,66.1,66.17,66.07,66.14,0.03,0.05%,81
2025-08-27 6:05,66.14,66.17,66.12,66.12,-0.02,-0.03%,92
2025-08-27 6:10,66.12,66.12,66.09,66.09,-0.03,-0.05%,20
2025-08-27 6:15,66.1,66.19,66.1,66.17,0.08,0.12%,44
2025-08-27 6:20,66.17,66.2,66.17,66.19,0.02,0.03%,51
2025-08-27 6:25,66.18,66.24,66.17,66.22,0.03,0.05%,115
2025-08-27 6:30,66.23,66.28,66.2,66.24,0.02,0.03%,105
2025-08-27 6:35,66.23,66.29,66.22,66.29,0.05,0.08%,91
2025-08-27 6:40,66.28,66.35,66.28,66.35,0.06,0.09%,130
2025-08-27 6:45,66.35,66.44,66.35,66.38,0.03,0.05%,232
2025-08-27 6:50,66.37,66.39,66.34,66.34,-0.04,-0.06%,103
2025-08-27 6:55,66.33,66.42,66.33,66.39,0.05,0.08%,57
2025-08-27 7:00,66.39,66.41,66.35,66.37,-0.02,-0.03%,254
2025-08-27 7:05,66.38,66.41,66.38,66.4,0.03,0.05%,63
2025-08-27 7:10,66.4,66.41,66.36,66.38,-0.02,-0.03%,116
2025-08-27 7:15,66.38,66.41,66.34,66.34,-0.04,-0.06%,143
2025-08-27 7:20,66.34,66.36,66.32,66.33,-0.01,-0.02%,76
2025-08-27 7:25,66.32,66.42,66.29,66.42,0.09,0.14%,188
2025-08-27 7:30,66.42,66.46,66.4,66.4,-0.02,-0.03%,150
2025-08-27 7:35,66.41,66.43,66.4,66.41,0.01,0.02%,89
2025-08-27 7:40,66.42,66.5,66.42,66.45,0.04,0.06%,144
2025-08-27 7:45,66.45,66.45,66.39,66.43,-0.02,-0.03%,175
2025-08-27 7:50,66.43,66.44,66.4,66.42,-0.01,-0.02%,169
2025-08-27 7:55,66.42,66.55,66.42,66.52,0.1,0.15%,547
2025-08-27 8:00,66.53,66.67,66.39,66.42,-0.1,-0.15%,1584
2025-08-27 8:05,66.43,66.46,66.34,66.36,-0.06,-0.09%,384
2025-08-27 8:10,66.36,66.39,66.34,66.37,0.01,0.02%,361
2025-08-27 8:15,66.38,66.38,66.27,66.3,-0.07,-0.11%,281
2025-08-27 8:20,66.31,66.4,66.28,66.34,0.04,0.06%,373
2025-08-27 8:25,66.34,66.37,66.33,66.36,0.02,0.03%,108
2025-08-27 8:30,66.35,66.47,66.33,66.41,0.05,0.08%,292
2025-08-27 8:35,66.42,66.43,66.32,66.39,-0.02,-0.03%,230
2025-08-27 8:40,66.39,66.43,66.35,66.37,-0.02,-0.03%,196
2025-08-27 8:45,66.38,66.52,66.38,66.45,0.08,0.12%,389
2025-08-27 8:50,66.44,66.59,66.44,66.55,0.1,0.15%,312
2025-08-27 8:55,66.55,66.61,66.55,66.57,0.02,0.03%,783
2025-08-27 9:00,66.56,66.57,66.5,66.56,-0.01,-0.02%,257
2025-08-27 9:05,66.56,66.58,66.53,66.56,0,0.00%,185
2025-08-27 9:10,66.55,66.58,66.53,66.56,0,0.00%,161
2025-08-27 9:15,66.56,66.6,66.55,66.58,0.02,0.03%,332
2025-08-27 9:20,66.58,66.59,66.52,66.57,-0.01,-0.02%,404
2025-08-27 9:25,66.59,66.61,66.55,66.6,0.03,0.05%,138
2025-08-27 9:30,66.6,66.9,66.58,66.84,0.24,0.36%,1331
2025-08-27 9:35,66.84,66.86,66.73,66.74,-0.1,-0.15%,754
2025-08-27 9:40,66.72,66.73,66.65,66.68,-0.06,-0.09%,290
2025-08-27 9:45,66.67,66.67,66.59,66.61,-0.07,-0.10%,436
2025-08-27 9:50,66.62,66.68,66.61,66.64,0.03,0.05%,443
2025-08-27 9:55,66.63,66.69,66.62,66.65,0.01,0.02%,388
2025-08-27 10:00,66.65,66.69,66.57,66.6,-0.05,-0.08%,576
2025-08-27 10:05,66.6,66.71,66.51,66.69,0.09,0.14%,884
2025-08-27 10:10,66.7,66.7,66.57,66.6,-0.09,-0.13%,286
2025-08-27 10:15,66.6,66.63,66.51,66.52,-0.08,-0.12%,286
2025-08-27 10:20,66.53,66.53,66.37,66.46,-0.06,-0.09%,351
2025-08-27 10:25,66.47,66.54,66.43,66.45,-0.01,-0.02%,669
2025-08-27 10:30,66.45,66.53,66.43,66.45,0,0.00%,730
2025-08-27 10:35,66.45,66.5,66.45,66.49,0.04,0.06%,298
2025-08-27 10:40,66.49,66.52,66.47,66.52,0.03,0.05%,251
2025-08-27 10:45,66.53,66.56,66.5,66.54,0.02,0.03%,369
2025-08-27 10:50,66.55,66.55,66.49,66.55,0.01,0.02%,176
2025-08-27 10:55,66.54,66.67,66.54,66.63,0.08,0.12%,575
2025-08-27 11:00,66.63,66.71,66.63,66.7,0.07,0.11%,271
2025-08-27 11:05,66.71,66.72,66.66,66.67,-0.03,-0.04%,616
2025-08-27 11:10,66.7,66.74,66.69,66.72,0.05,0.07%,342
2025-08-27 11:15,66.72,66.75,66.71,66.72,0,0.00%,315
2025-08-27 11:20,66.71,66.74,66.68,66.69,-0.03,-0.04%,695
2025-08-27 11:25,66.69,66.71,66.67,66.67,-0.02,-0.03%,171
2025-08-27 11:30,66.68,66.71,66.61,66.62,-0.05,-0.07%,187
2025-08-27 11:35,66.61,66.63,66.53,66.57,-0.05,-0.08%,250
2025-08-27 11:40,66.56,66.71,66.56,66.67,0.1,0.15%,487
2025-08-27 11:45,66.67,66.68,66.56,66.57,-0.1,-0.15%,203
2025-08-27 11:50,66.57,66.65,66.55,66.61,0.04,0.06%,118
2025-08-27 11:55,66.6,66.67,66.59,66.66,0.05,0.08%,222
2025-08-27 12:00,66.65,66.65,66.58,66.59,-0.07,-0.11%,296
2025-08-27 12:05,66.6,66.66,66.6,66.63,0.04,0.06%,113
2025-08-27 12:10,66.63,66.68,66.61,66.67,0.04,0.06%,172
2025-08-27 12:15,66.66,66.68,66.61,66.66,-0.01,-0.01%,105
2025-08-27 12:20,66.66,66.7,66.65,66.69,0.03,0.05%,117
2025-08-27 12:25,66.68,66.73,66.66,66.72,0.03,0.04%,486
2025-08-27 12:30,66.73,66.74,66.67,66.74,0.02,0.03%,100
2025-08-27 12:35,66.73,66.75,66.66,66.68,-0.06,-0.09%,351
2025-08-27 12:40,66.68,66.71,66.67,66.69,0.01,0.01%,173
2025-08-27 12:45,66.68,66.73,66.68,66.72,0.03,0.04%,82
2025-08-27 12:50,66.72,66.73,66.7,66.71,-0.01,-0.01%,99
2025-08-27 12:55,66.71,66.74,66.67,66.69,-0.02,-0.03%,189
2025-08-27 13:00,66.69,66.78,66.69,66.78,0.09,0.13%,295
2025-08-27 13:05,66.79,66.92,66.79,66.87,0.09,0.13%,626
2025-08-27 13:10,66.88,66.89,66.85,66.89,0.02,0.03%,164
2025-08-27 13:15,66.89,66.9,66.81,66.84,-0.05,-0.07%,476
2025-08-27 13:20,66.85,66.87,66.83,66.86,0.02,0.03%,295
2025-08-27 13:25,66.86,66.91,66.83,66.9,0.04,0.06%,731
2025-08-27 13:30,66.89,66.94,66.87,66.93,0.03,0.04%,485
2025-08-27 13:35,66.93,66.95,66.9,66.9,-0.03,-0.04%,247
2025-08-27 13:40,66.9,66.9,66.84,66.84,-0.06,-0.09%,70
2025-08-27 13:45,66.84,66.85,66.83,66.85,0.01,0.01%,13
2025-08-27 13:50,66.86,66.86,66.81,66.82,-0.03,-0.04%,27
2025-08-27 13:55,66.8,66.8,66.74,66.75,-0.07,-0.10%,83
2025-08-27 14:00,66.74,66.75,66.71,66.73,-0.02,-0.03%,52
2025-08-27 14:05,66.72,66.73,66.7,66.7,-0.03,-0.04%,65
2025-08-27 14:10,66.7,66.73,66.69,66.7,0,0.00%,90
2025-08-27 14:15,66.71,66.73,66.69,66.69,-0.01,-0.01%,36
2025-08-27 14:20,66.68,66.72,66.66,66.72,0.03,0.04%,77
2025-08-27 14:25,66.72,66.72,66.7,66.72,0,0.00%,69
2025-08-27 14:30,66.7,66.71,66.67,66.69,-0.03,-0.04%,65
2025-08-27 14:35,66.7,66.73,66.7,66.73,0.04,0.06%,16
2025-08-27 14:40,66.73,66.73,66.7,66.71,-0.02,-0.03%,29
2025-08-27 14:45,66.7,66.71,66.69,66.7,-0.01,-0.01%,42
2025-08-27 14:50,66.7,66.7,66.65,66.68,-0.02,-0.03%,92
2025-08-27 14:55,66.67,66.68,66.65,66.65,-0.03,-0.04%,66
2025-08-27 15:00,66.65,66.65,66.64,66.64,-0.01,-0.02%,26
2025-08-27 15:05,66.65,66.65,66.63,66.64,0,0.00%,29
2025-08-27 15:10,66.64,66.65,66.64,66.65,0.01,0.02%,6
2025-08-27 15:15,66.64,66.65,66.64,66.65,0,0.00%,8
2025-08-27 15:20,66.65,66.65,66.59,66.61,-0.04,-0.06%,82
2025-08-27 15:25,66.62,66.64,66.6,66.61,0,0.00%,553
2025-08-27 15:30,66.61,66.62,66.6,66.6,-0.01,-0.02%,7
2025-08-27 15:35,66.61,66.61,66.6,66.61,0.01,0.02%,7
2025-08-27 15:40,66.6,66.61,66.6,66.6,-0.01,-0.02%,32
2025-08-27 15:45,66.61,66.66,66.61,66.66,0.06,0.09%,168
2025-08-27 15:50,66.67,66.67,66.65,66.65,-0.01,-0.02%,37
2025-08-27 15:55,66.65,66.67,66.64,66.67,0.02,0.03%,40
2025-08-27 16:00,66.66,66.66,66.66,66.66,-0.01,-0.01%,3
2025-08-27 16:20,66.67,66.67,66.67,66.67,0.01,0.02%,1
2025-08-27 16:25,66.69,66.69,66.69,66.69,0.02,0.03%,2
2025-08-27 19:00,66.61,66.61,66.54,66.58,-0.11,-0.16%,214
2025-08-27 19:05,66.58,66.62,66.57,66.62,0.04,0.06%,21
2025-08-27 19:10,66.62,66.63,66.62,66.63,0.01,0.02%,5
2025-08-27 19:15,66.64,66.64,66.6,66.6,-0.03,-0.05%,22
2025-08-27 19:25,66.6,66.6,66.6,66.6,0,0.00%,8
2025-08-27 19:30,66.61,66.62,66.61,66.62,0.02,0.03%,8
2025-08-27 19:35,66.62,66.63,66.62,66.63,0.01,0.02%,22
2025-08-27 19:45,66.61,66.61,66.61,66.61,-0.02,-0.03%,1
2025-08-27 19:50,66.6,66.6,66.6,66.6,-0.01,-0.02%,1
2025-08-27 19:55,66.59,66.61,66.57,66.61,0.01,0.02%,39
2025-08-27 20:00,66.6,66.62,66.53,66.56,-0.05,-0.08%,42
2025-08-27 20:05,66.57,66.59,66.57,66.57,0.01,0.02%,14
2025-08-27 20:10,66.58,66.6,66.58,66.6,0.03,0.05%,3
2025-08-27 20:15,66.58,66.58,66.55,66.56,-0.04,-0.06%,6
2025-08-27 20:20,66.58,66.58,66.58,66.58,0.02,0.03%,1
2025-08-27 20:25,66.59,66.61,66.59,66.6,0.02,0.03%,34
2025-08-27 20:30,66.6,66.6,66.53,66.55,-0.05,-0.08%,138
2025-08-27 20:35,66.55,66.58,66.55,66.58,0.03,0.05%,14
2025-08-27 20:40,66.55,66.57,66.54,66.55,-0.03,-0.05%,46
2025-08-27 20:45,66.53,66.6,66.53,66.58,0.03,0.05%,115
2025-08-27 20:50,66.59,66.6,66.55,66.55,-0.03,-0.05%,56
2025-08-27 20:55,66.53,66.56,66.51,66.56,0.01,0.02%,30
2025-08-27 21:00,66.55,66.55,66.51,66.52,-0.04,-0.06%,31
2025-08-27 21:05,66.52,66.53,66.48,66.53,0.01,0.02%,26
2025-08-27 21:10,66.54,66.54,66.51,66.51,-0.02,-0.03%,19
2025-08-27 21:15,66.52,66.52,66.49,66.49,-0.02,-0.03%,71
2025-08-27 21:20,66.5,66.5,66.5,66.5,0.01,0.02%,11
2025-08-27 21:25,66.5,66.5,66.5,66.5,0,0.00%,1
2025-08-27 21:30,66.48,66.49,66.43,66.44,-0.06,-0.09%,170
2025-08-27 21:35,66.45,66.45,66.41,66.45,0.01,0.02%,68
2025-08-27 21:40,66.46,66.47,66.46,66.47,0.02,0.03%,11
2025-08-27 21:45,66.45,66.5,66.45,66.5,0.03,0.05%,22
2025-08-27 21:50,66.48,66.48,66.44,66.46,-0.04,-0.06%,26
2025-08-27 21:55,66.45,66.46,66.44,66.46,0,0.00%,15
2025-08-27 22:00,66.47,66.47,66.45,66.45,-0.01,-0.02%,3
2025-08-27 22:05,66.49,66.52,66.47,66.47,0.02,0.03%,53
2025-08-27 22:10,66.46,66.46,66.44,66.45,-0.02,-0.03%,19
2025-08-27 22:15,66.45,66.45,66.42,66.42,-0.03,-0.05%,50
2025-08-27 22:20,66.43,66.44,66.41,66.43,0.01,0.02%,195
2025-08-27 22:25,66.44,66.47,66.43,66.45,0.02,0.03%,106
2025-08-27 22:30,66.43,66.45,66.43,66.45,0,0.00%,5
2025-08-27 22:35,66.44,66.44,66.44,66.44,-0.01,-0.02%,13
2025-08-27 22:40,66.45,66.46,66.45,66.46,0.02,0.03%,8
2025-08-27 22:45,66.45,66.45,66.45,66.45,-0.01,-0.02%,7
2025-08-27 22:50,66.43,66.43,66.43,66.43,-0.02,-0.03%,2
2025-08-27 22:55,66.43,66.43,66.43,66.43,0,0.00%,3
2025-08-27 23:00,66.41,66.41,66.4,66.4,-0.03,-0.05%,6
2025-08-27 23:05,66.4,66.4,66.38,66.38,-0.02,-0.03%,20
2025-08-27 23:10,66.39,66.39,66.36,66.37,-0.01,-0.02%,15
2025-08-27 23:15,66.36,66.36,66.36,66.36,-0.01,-0.02%,3
2025-08-27 23:20,66.37,66.44,66.37,66.43,0.07,0.11%,37
2025-08-27 23:25,66.43,66.43,66.43,66.43,0,0.00%,4
2025-08-27 23:30,66.42,66.43,66.42,66.43,0,0.00%,3
2025-08-27 23:35,66.44,66.45,66.44,66.44,0.01,0.02%,15
2025-08-27 23:40,66.44,66.44,66.44,66.44,0,0.00%,1
2025-08-27 23:45,66.44,66.44,66.44,66.44,0,0.00%,2
2025-08-27 23:50,66.41,66.41,66.4,66.41,-0.03,-0.05%,14
2025-08-27 23:55,66.39,66.39,66.36,66.36,-0.05,-0.08%,53
2025-08-28 0:00,66.36,66.36,66.3,66.34,-0.02,-0.03%,166
2025-08-28 0:05,66.36,66.37,66.36,66.37,0.03,0.05%,6
2025-08-28 0:10,66.38,66.38,66.37,66.37,0,0.00%,5
2025-08-28 0:15,66.37,66.37,66.36,66.36,-0.01,-0.02%,15
2025-08-28 0:20,66.36,66.36,66.33,66.33,-0.03,-0.05%,13
2025-08-28 0:25,66.34,66.37,66.34,66.35,0.02,0.03%,106
2025-08-28 0:30,66.36,66.37,66.35,66.37,0.02,0.03%,32
2025-08-28 0:35,66.37,66.38,66.36,66.37,0,0.00%,27
2025-08-28 0:40,66.39,66.39,66.32,66.32,-0.05,-0.08%,294
2025-08-28 0:45,66.33,66.34,66.29,66.31,-0.01,-0.02%,394
2025-08-28 0:50,66.31,66.34,66.3,66.33,0.02,0.03%,60
2025-08-28 0:55,66.34,66.39,66.34,66.36,0.03,0.05%,174
2025-08-28 1:00,66.37,66.45,66.37,66.39,0.03,0.05%,138
2025-08-28 1:05,66.41,66.43,66.39,66.41,0.02,0.03%,76
2025-08-28 1:10,66.41,66.44,66.37,66.38,-0.03,-0.05%,97
2025-08-28 1:15,66.37,66.37,66.33,66.35,-0.03,-0.05%,78
2025-08-28 1:20,66.35,66.38,66.34,66.34,-0.01,-0.02%,133
2025-08-28 1:25,66.35,66.38,66.33,66.38,0.04,0.06%,314
2025-08-28 1:30,66.38,66.51,66.37,66.51,0.13,0.20%,496
2025-08-28 1:35,66.5,66.5,66.43,66.44,-0.07,-0.11%,176
2025-08-28 1:40,66.45,66.45,66.41,66.42,-0.02,-0.03%,35
2025-08-28 1:45,66.42,66.47,66.42,66.46,0.04,0.06%,134
2025-08-28 1:50,66.47,66.48,66.42,66.46,0,0.00%,139
2025-08-28 1:55,66.45,66.5,66.43,66.48,0.02,0.03%,84
2025-08-28 2:00,66.47,66.47,66.37,66.41,-0.07,-0.11%,117
2025-08-28 2:05,66.42,66.42,66.33,66.38,-0.03,-0.05%,115
2025-08-28 2:10,66.37,66.41,66.34,66.4,0.02,0.03%,208
2025-08-28 2:15,66.42,66.53,66.42,66.52,0.12,0.18%,162
2025-08-28 2:20,66.53,66.56,66.45,66.5,-0.02,-0.03%,224
2025-08-28 2:25,66.5,66.54,66.46,66.5,0,0.00%,128
2025-08-28 2:30,66.49,66.61,66.49,66.6,0.1,0.15%,189
2025-08-28 2:35,66.61,66.69,66.6,66.68,0.08,0.12%,220
2025-08-28 2:40,66.68,66.74,66.65,66.72,0.04,0.06%,375
2025-08-28 2:45,66.72,66.73,66.68,66.7,-0.02,-0.03%,185
2025-08-28 2:50,66.7,66.7,66.56,66.58,-0.12,-0.18%,379
2025-08-28 2:55,66.58,66.6,66.53,66.54,-0.04,-0.06%,133
2025-08-28 3:00,66.54,66.64,66.52,66.63,0.09,0.14%,164
2025-08-28 3:05,66.62,66.67,66.61,66.65,0.02,0.03%,145
2025-08-28 3:10,66.64,66.71,66.64,66.69,0.04,0.06%,152
2025-08-28 3:15,66.69,66.71,66.61,66.64,-0.05,-0.07%,173
2025-08-28 3:20,66.63,66.63,66.52,66.52,-0.12,-0.18%,237
2025-08-28 3:25,66.53,66.56,66.39,66.45,-0.07,-0.11%,1125
2025-08-28 3:30,66.45,66.49,66.42,66.46,0.01,0.02%,791
2025-08-28 3:35,66.46,66.5,66.44,66.46,0,0.00%,179
2025-08-28 3:40,66.46,66.46,66.38,66.4,-0.06,-0.09%,302
2025-08-28 3:45,66.4,66.4,66.31,66.33,-0.07,-0.11%,365
2025-08-28 3:50,66.35,66.41,66.34,66.37,0.04,0.06%,199
2025-08-28 3:55,66.37,66.4,66.36,66.4,0.03,0.05%,68
2025-08-28 4:00,66.41,66.53,66.41,66.53,0.13,0.20%,204
2025-08-28 4:05,66.52,66.6,66.51,66.6,0.07,0.11%,298
2025-08-28 4:10,66.6,66.61,66.54,66.55,-0.05,-0.08%,273
2025-08-28 4:15,66.56,66.57,66.53,66.56,0.01,0.02%,66
2025-08-28 4:20,66.55,66.56,66.51,66.51,-0.05,-0.08%,106
2025-08-28 4:25,66.5,66.51,66.47,66.47,-0.04,-0.06%,129
2025-08-28 4:30,66.47,66.51,66.45,66.5,0.03,0.05%,113
2025-08-28 4:35,66.49,66.49,66.46,66.49,-0.01,-0.02%,98
2025-08-28 4:40,66.5,66.6,66.5,66.51,0.02,0.03%,98
2025-08-28 4:45,66.49,66.5,66.42,66.43,-0.08,-0.12%,101
2025-08-28 4:50,66.42,66.5,66.42,66.5,0.07,0.11%,86
2025-08-28 4:55,66.51,66.53,66.48,66.52,0.02,0.03%,39
2025-08-28 5:00,66.54,66.65,66.52,66.65,0.13,0.20%,118
2025-08-28 5:05,66.65,66.71,66.64,66.71,0.06,0.09%,171
2025-08-28 5:10,66.7,66.71,66.64,66.65,-0.06,-0.09%,100
2025-08-28 5:15,66.64,66.66,66.63,66.64,-0.01,-0.02%,76
2025-08-28 5:20,66.64,66.69,66.64,66.66,0.02,0.03%,39
2025-08-28 5:25,66.66,66.68,66.65,66.66,0,0.00%,34
2025-08-28 5:30,66.66,66.67,66.56,66.56,-0.1,-0.15%,156
2025-08-28 5:35,66.56,66.61,66.56,66.61,0.05,0.08%,53
2025-08-28 5:40,66.6,66.61,66.57,66.61,0,0.00%,41
2025-08-28 5:45,66.61,66.61,66.58,66.58,-0.03,-0.05%,34
2025-08-28 5:50,66.58,66.62,66.56,66.62,0.04,0.06%,53
2025-08-28 5:55,66.62,66.64,66.61,66.61,-0.01,-0.02%,59
2025-08-28 6:00,66.6,66.67,66.56,66.66,0.05,0.08%,231
2025-08-28 6:05,66.66,66.7,66.66,66.7,0.04,0.06%,86
2025-08-28 6:10,66.7,66.75,66.7,66.71,0.01,0.01%,118
2025-08-28 6:15,66.71,66.8,66.71,66.77,0.06,0.09%,71
2025-08-28 6:20,66.79,66.82,66.76,66.77,0,0.00%,76
2025-08-28 6:25,66.81,66.83,66.78,66.8,0.03,0.04%,187
2025-08-28 6:30,66.8,66.83,66.78,66.8,0,0.00%,80
2025-08-28 6:35,66.81,66.87,66.78,66.84,0.04,0.06%,73
2025-08-28 6:40,66.83,66.83,66.8,66.82,-0.02,-0.03%,25
2025-08-28 6:45,66.81,66.83,66.78,66.82,0,0.00%,54
2025-08-28 6:50,66.82,66.83,66.79,66.81,-0.01,-0.01%,111
2025-08-28 6:55,66.8,66.8,66.76,66.78,-0.03,-0.04%,96
2025-08-28 7:00,66.78,66.8,66.74,66.74,-0.04,-0.06%,310
2025-08-28 7:05,66.73,66.76,66.72,66.76,0.02,0.03%,111
2025-08-28 7:10,66.75,66.77,66.75,66.77,0.01,0.01%,58
2025-08-28 7:15,66.77,66.79,66.74,66.75,-0.02,-0.03%,84
2025-08-28 7:20,66.76,66.78,66.7,66.7,-0.05,-0.07%,74
2025-08-28 7:25,66.71,66.75,66.71,66.74,0.04,0.06%,101
2025-08-28 7:30,66.74,66.77,66.72,66.75,0.01,0.01%,87
2025-08-28 7:35,66.74,66.75,66.69,66.69,-0.06,-0.09%,127
2025-08-28 7:40,66.68,66.71,66.63,66.7,0.01,0.01%,239
2025-08-28 7:45,66.7,66.78,66.69,66.77,0.07,0.10%,121
2025-08-28 7:50,66.78,66.83,66.77,66.83,0.06,0.09%,72
2025-08-28 7:55,66.83,66.84,66.8,66.82,-0.01,-0.01%,310
2025-08-28 8:00,66.83,66.84,66.71,66.71,-0.11,-0.16%,381
2025-08-28 8:05,66.71,66.79,66.69,66.74,0.03,0.04%,276
2025-08-28 8:10,66.74,66.8,66.71,66.73,-0.01,-0.01%,490
2025-08-28 8:15,66.74,66.75,66.69,66.74,0.01,0.01%,135
2025-08-28 8:20,66.74,66.76,66.72,66.75,0.01,0.01%,410
2025-08-28 8:25,66.75,66.82,66.73,66.78,0.03,0.04%,133
2025-08-28 8:30,66.78,66.78,66.54,66.55,-0.23,-0.34%,638
2025-08-28 8:35,66.55,66.64,66.52,66.63,0.08,0.12%,305
2025-08-28 8:40,66.63,66.66,66.6,66.63,0,0.00%,284
2025-08-28 8:45,66.63,66.63,66.58,66.59,-0.04,-0.06%,237
2025-08-28 8:50,66.58,66.6,66.52,66.54,-0.05,-0.08%,376
2025-08-28 8:55,66.55,66.58,66.5,66.53,-0.01,-0.02%,406
2025-08-28 9:00,66.54,66.6,66.52,66.55,0.02,0.03%,396
2025-08-28 9:05,66.56,66.57,66.34,66.37,-0.18,-0.27%,1027
2025-08-28 9:10,66.38,66.38,66.29,66.31,-0.06,-0.09%,581
2025-08-28 9:15,66.3,66.42,66.29,66.4,0.09,0.14%,604
2025-08-28 9:20,66.39,66.45,66.33,66.33,-0.07,-0.11%,341
2025-08-28 9:25,66.33,66.34,66.28,66.34,0.01,0.02%,271
2025-08-28 9:30,66.33,66.46,66.31,66.41,0.07,0.11%,754
2025-08-28 9:35,66.41,66.5,66.4,66.41,0,0.00%,764
2025-08-28 9:40,66.39,66.52,66.39,66.46,0.05,0.08%,506
2025-08-28 9:45,66.45,66.46,66.4,66.42,-0.04,-0.06%,219
2025-08-28 9:50,66.42,66.51,66.41,66.49,0.07,0.11%,298
2025-08-28 9:55,66.49,66.56,66.48,66.49,0,0.00%,385
2025-08-28 10:00,66.49,66.54,66.46,66.53,0.04,0.06%,437
2025-08-28 10:05,66.53,66.59,66.52,66.57,0.04,0.06%,661
2025-08-28 10:10,66.58,66.61,66.54,66.59,0.02,0.03%,342
2025-08-28 10:15,66.6,66.67,66.57,66.58,-0.01,-0.02%,437
2025-08-28 10:20,66.58,66.6,66.54,66.58,0,0.00%,549
2025-08-28 10:25,66.57,66.61,66.55,66.6,0.02,0.03%,457
2025-08-28 10:30,66.6,66.6,66.46,66.48,-0.12,-0.18%,599
2025-08-28 10:35,66.46,66.48,66.31,66.4,-0.08,-0.12%,788
2025-08-28 10:40,66.39,66.46,66.37,66.46,0.06,0.09%,448
2025-08-28 10:45,66.46,66.46,66.41,66.45,-0.01,-0.02%,206
2025-08-28 10:50,66.43,66.5,66.4,66.5,0.05,0.08%,305
2025-08-28 10:55,66.5,66.55,66.5,66.52,0.02,0.03%,197
2025-08-28 11:00,66.51,66.51,66.43,66.46,-0.06,-0.09%,265
2025-08-28 11:05,66.46,66.51,66.46,66.5,0.04,0.06%,95
2025-08-28 11:10,66.49,66.53,66.46,66.46,-0.04,-0.06%,149
2025-08-28 11:15,66.47,66.48,66.45,66.48,0.02,0.03%,79
2025-08-28 11:20,66.48,66.57,66.48,66.53,0.05,0.08%,322
2025-08-28 11:25,66.53,66.54,66.42,66.45,-0.08,-0.12%,366
2025-08-28 11:30,66.45,66.45,66.38,66.42,-0.03,-0.05%,202
2025-08-28 11:35,66.43,66.5,66.42,66.48,0.06,0.09%,215
2025-08-28 11:40,66.47,66.5,66.41,66.45,-0.03,-0.05%,612
2025-08-28 11:45,66.46,66.51,66.45,66.46,0.01,0.02%,191
2025-08-28 11:50,66.46,66.48,66.44,66.47,0.01,0.02%,258
2025-08-28 11:55,66.47,66.5,66.44,66.44,-0.03,-0.05%,188
2025-08-28 12:00,66.44,66.48,66.43,66.43,-0.01,-0.02%,223
2025-08-28 12:05,66.45,66.52,66.45,66.47,0.04,0.06%,194
2025-08-28 12:10,66.47,66.47,66.39,66.47,0,0.00%,258
2025-08-28 12:15,66.47,66.49,66.44,66.47,0,0.00%,177
2025-08-28 12:20,66.48,66.48,66.4,66.46,-0.01,-0.02%,91
2025-08-28 12:25,66.46,66.47,66.43,66.44,-0.02,-0.03%,73
2025-08-28 12:30,66.44,66.66,66.44,66.64,0.2,0.30%,500
2025-08-28 12:35,66.63,66.63,66.59,66.63,-0.01,-0.02%,462
2025-08-28 12:40,66.64,66.74,66.64,66.73,0.1,0.15%,585
2025-08-28 12:45,66.72,66.84,66.72,66.79,0.06,0.09%,368
2025-08-28 12:50,66.81,66.85,66.75,66.84,0.05,0.07%,611
2025-08-28 12:55,66.85,67.15,66.84,67.12,0.28,0.42%,1822
2025-08-28 13:00,67.12,67.25,67.12,67.15,0.03,0.04%,972
2025-08-28 13:05,67.15,67.33,67.15,67.25,0.1,0.15%,596
2025-08-28 13:10,67.25,67.33,67.25,67.3,0.05,0.07%,1103
2025-08-28 13:15,67.3,67.39,67.28,67.37,0.07,0.10%,591
2025-08-28 13:20,67.37,67.38,67.3,67.36,-0.01,-0.01%,654
2025-08-28 13:25,67.37,67.46,67.35,67.44,0.08,0.12%,2135
2025-08-28 13:30,67.44,67.5,67.38,67.4,-0.04,-0.06%,496
2025-08-28 13:35,67.41,67.41,67.33,67.37,-0.03,-0.04%,327
2025-08-28 13:40,67.36,67.37,67.26,67.26,-0.11,-0.16%,449
2025-08-28 13:45,67.26,67.27,67.13,67.15,-0.11,-0.16%,196
2025-08-28 13:50,67.15,67.17,67.05,67.06,-0.09,-0.13%,202
2025-08-28 13:55,67.05,67.07,67.03,67.07,0.01,0.01%,65
2025-08-28 14:00,67.07,67.13,67.07,67.12,0.05,0.07%,449
2025-08-28 14:05,67.13,67.14,67.1,67.13,0.01,0.01%,55
2025-08-28 14:10,67.13,67.15,67.11,67.11,-0.02,-0.03%,58
2025-08-28 14:15,67.1,67.15,67.1,67.15,0.04,0.06%,50
2025-08-28 14:20,67.16,67.18,67.15,67.17,0.02,0.03%,28
2025-08-28 14:25,67.18,67.23,67.18,67.19,0.02,0.03%,102
2025-08-28 14:30,67.18,67.18,67.13,67.13,-0.06,-0.09%,11
2025-08-28 14:35,67.15,67.15,67.11,67.13,0,0.00%,61
2025-08-28 14:40,67.13,67.13,67.05,67.07,-0.06,-0.09%,68
2025-08-28 14:45,67.07,67.13,67.06,67.1,0.03,0.04%,58
2025-08-28 14:50,67.09,67.12,67.09,67.12,0.02,0.03%,49
2025-08-28 14:55,67.12,67.15,67.12,67.12,0,0.00%,176
2025-08-28 15:00,67.13,67.18,67.13,67.18,0.06,0.09%,32
2025-08-28 15:05,67.17,67.18,67.13,67.14,-0.04,-0.06%,120
2025-08-28 15:10,67.13,67.15,67.13,67.15,0.01,0.01%,20
2025-08-28 15:15,67.15,67.18,67.15,67.15,0,0.00%,65
2025-08-28 15:20,67.12,67.15,67.12,67.15,0,0.00%,24
2025-08-28 15:25,67.14,67.14,67.11,67.13,-0.02,-0.03%,15
2025-08-28 15:30,67.13,67.13,67.1,67.1,-0.03,-0.04%,39
2025-08-28 15:35,67.1,67.12,67.09,67.12,0.02,0.03%,38
2025-08-28 15:40,67.12,67.12,67.11,67.11,-0.01,-0.01%,15
2025-08-28 15:45,67.1,67.11,67.09,67.1,-0.01,-0.01%,14
2025-08-28 15:50,67.11,67.12,67.11,67.11,0.01,0.01%,7
2025-08-28 15:55,67.1,67.13,67.07,67.11,0,0.00%,54
2025-08-28 16:55,67.09,67.09,67.09,67.09,-0.02,-0.03%,1
2025-08-28 19:00,67.05,67.05,66.98,67,-0.09,-0.13%,312
2025-08-28 19:05,67.02,67.06,67.02,67.06,0.06,0.09%,81
2025-08-28 19:10,67.06,67.07,67.06,67.07,0.01,0.01%,7
2025-08-28 19:15,67.09,67.1,67.08,67.09,0.02,0.03%,24
2025-08-28 19:20,67.08,67.08,67.06,67.06,-0.03,-0.04%,49
2025-08-28 19:25,67.07,67.09,67.07,67.09,0.03,0.04%,30
2025-08-28 19:30,67.07,67.07,67.05,67.05,-0.04,-0.06%,2
2025-08-28 19:35,67.05,67.05,67.02,67.04,-0.01,-0.01%,312
2025-08-28 19:40,67.04,67.08,67.04,67.08,0.04,0.06%,12
2025-08-28 19:45,67.07,67.07,67.05,67.05,-0.03,-0.04%,10
2025-08-28 19:50,67.05,67.07,67.05,67.05,0,0.00%,10
2025-08-28 19:55,67.04,67.04,67.01,67.02,-0.03,-0.04%,28
2025-08-28 20:00,67.03,67.05,67,67.01,-0.01,-0.01%,81
2025-08-28 20:05,67,67.01,66.98,66.98,-0.03,-0.04%,145
2025-08-28 20:10,66.98,66.99,66.97,66.99,0.01,0.01%,87
2025-08-28 20:15,66.99,67.01,66.93,66.93,-0.06,-0.09%,143
2025-08-28 20:20,66.93,66.96,66.93,66.96,0.03,0.04%,33
2025-08-28 20:25,66.96,66.99,66.96,66.96,0,0.00%,37
2025-08-28 20:30,66.96,67,66.95,67,0.04,0.06%,48
2025-08-28 20:35,66.99,67.02,66.99,66.99,-0.01,-0.01%,31
2025-08-28 20:40,66.99,67.01,66.94,66.94,-0.05,-0.07%,65
2025-08-28 20:45,66.94,66.96,66.93,66.96,0.02,0.03%,49
2025-08-28 20:50,66.96,66.99,66.95,66.95,-0.01,-0.01%,30
2025-08-28 20:55,66.95,66.96,66.95,66.96,0.01,0.01%,40
2025-08-28 21:00,66.96,66.97,66.94,66.96,0,0.00%,21
2025-08-28 21:05,66.95,66.95,66.91,66.91,-0.05,-0.07%,75
2025-08-28 21:10,66.91,66.91,66.89,66.91,0,0.00%,145
2025-08-28 21:15,66.91,66.91,66.91,66.91,0,0.00%,1
2025-08-28 21:20,66.9,66.91,66.89,66.91,0,0.00%,6
2025-08-28 21:25,66.92,66.92,66.9,66.9,-0.01,-0.01%,6
2025-08-28 21:30,66.91,66.93,66.9,66.9,0,0.00%,73
2025-08-28 21:35,66.91,66.94,66.91,66.94,0.04,0.06%,38
2025-08-28 21:40,66.93,66.98,66.93,66.98,0.04,0.06%,41
2025-08-28 21:45,66.99,66.99,66.93,66.93,-0.05,-0.07%,25
2025-08-28 21:50,66.96,66.99,66.93,66.93,0,0.00%,25
2025-08-28 21:55,66.94,66.94,66.94,66.94,0.01,0.01%,22
2025-08-28 22:00,66.98,66.98,66.98,66.98,0.04,0.06%,1
2025-08-28 22:05,66.98,66.98,66.96,66.96,-0.02,-0.03%,21
2025-08-28 22:10,66.99,66.99,66.99,66.99,0.03,0.04%,57
2025-08-28 22:15,66.99,66.99,66.97,66.98,-0.01,-0.01%,279
2025-08-28 22:20,66.97,67.04,66.97,67.03,0.05,0.07%,58
2025-08-28 22:25,67.02,67.02,67.02,67.02,-0.01,-0.01%,28
2025-08-28 22:30,67.01,67.01,67.01,67.01,-0.01,-0.01%,1
2025-08-28 22:35,67.01,67.02,67.01,67.02,0.01,0.01%,27
2025-08-28 22:40,67.02,67.02,67.02,67.02,0,0.00%,9
2025-08-28 22:45,67.02,67.04,67.02,67.04,0.02,0.03%,50
2025-08-28 22:50,67.04,67.04,67.03,67.03,-0.01,-0.01%,57
2025-08-28 22:55,67.02,67.07,67.02,67.05,0.02,0.03%,63
2025-08-28 23:00,67.05,67.07,67.05,67.07,0.02,0.03%,10
2025-08-28 23:10,67.08,67.09,67.08,67.09,0.02,0.03%,5
2025-08-28 23:25,67.08,67.08,67.08,67.08,-0.01,-0.01%,2
2025-08-28 23:30,67.07,67.08,67.06,67.06,-0.02,-0.03%,5
2025-08-28 23:35,67.06,67.06,67.05,67.05,-0.01,-0.01%,5
2025-08-28 23:40,67.04,67.05,67.04,67.05,0,0.00%,10
2025-08-28 23:55,67.03,67.04,67.03,67.04,-0.01,-0.01%,4
2025-08-29 0:00,67.03,67.03,67.03,67.03,-0.01,-0.01%,2
2025-08-29 0:05,67.05,67.05,66.98,67.01,-0.02,-0.03%,298
2025-08-29 0:10,67.01,67.03,67.01,67.02,0.01,0.01%,10
2025-08-29 0:15,67.01,67.01,67.01,67.01,-0.01,-0.01%,5
2025-08-29 0:20,67,67,67,67,-0.01,-0.01%,2
2025-08-29 0:25,67,67.03,67,67.03,0.03,0.04%,4
2025-08-29 0:30,67.03,67.08,67.03,67.07,0.04,0.06%,11
2025-08-29 0:35,67.06,67.11,67.06,67.1,0.03,0.04%,79
2025-08-29 0:40,67.1,67.16,67.1,67.13,0.03,0.04%,37
2025-08-29 0:45,67.13,67.13,67.12,67.13,0,0.00%,26
2025-08-29 0:50,67.14,67.14,67.09,67.1,-0.03,-0.04%,37
2025-08-29 0:55,67.1,67.13,67.1,67.1,0,0.00%,49
2025-08-29 1:00,67.12,67.14,67.09,67.1,0,0.00%,242
2025-08-29 1:05,67.11,67.17,67.1,67.16,0.06,0.09%,73
2025-08-29 1:10,67.17,67.21,67.17,67.2,0.04,0.06%,60
2025-08-29 1:15,67.19,67.2,67.18,67.2,0,0.00%,76
2025-08-29 1:20,67.19,67.2,67.19,67.2,0,0.00%,33
2025-08-29 1:25,67.2,67.21,67.17,67.19,-0.01,-0.01%,77
2025-08-29 1:30,67.2,67.22,67.12,67.12,-0.07,-0.10%,58
2025-08-29 1:35,67.12,67.12,67.04,67.04,-0.08,-0.12%,56
2025-08-29 1:40,67.04,67.05,66.99,66.99,-0.05,-0.07%,111
2025-08-29 1:45,67,67.04,66.99,66.99,0,0.00%,42
2025-08-29 1:50,66.99,66.99,66.95,66.99,0,0.00%,82
2025-08-29 1:55,67.01,67.06,67,67.05,0.06,0.09%,51
2025-08-29 2:00,67.05,67.05,66.88,66.96,-0.09,-0.13%,508
2025-08-29 2:05,66.94,67,66.93,66.97,0.01,0.01%,29
2025-08-29 2:10,67,67.01,66.95,66.97,0,0.00%,38
2025-08-29 2:15,66.98,66.99,66.95,66.98,0.01,0.01%,130
2025-08-29 2:20,66.98,66.99,66.96,66.98,0,0.00%,50
2025-08-29 2:25,66.99,66.99,66.91,66.91,-0.07,-0.10%,131
2025-08-29 2:30,66.9,66.93,66.88,66.93,0.02,0.03%,232
2025-08-29 2:35,66.94,67.03,66.92,67.01,0.08,0.12%,145
2025-08-29 2:40,67.01,67.01,66.98,67.01,0,0.00%,43
2025-08-29 2:45,67.02,67.03,66.97,67.03,0.02,0.03%,96
2025-08-29 2:50,67.02,67.14,67,67.14,0.11,0.16%,161
2025-08-29 2:55,67.14,67.16,67.03,67.06,-0.08,-0.12%,187
2025-08-29 3:00,67.07,67.16,67.06,67.12,0.06,0.09%,231
2025-08-29 3:05,67.11,67.11,67.04,67.04,-0.08,-0.12%,168
2025-08-29 3:10,67.05,67.14,67.02,67.11,0.07,0.10%,456
2025-08-29 3:15,67.11,67.12,67.01,67.06,-0.05,-0.07%,263
2025-08-29 3:20,67.05,67.08,67.05,67.07,0.01,0.01%,151
2025-08-29 3:25,67.07,67.18,67.04,67.1,0.03,0.04%,1664
2025-08-29 3:30,67.1,67.2,67.03,67.04,-0.06,-0.09%,726
2025-08-29 3:35,67.03,67.11,66.99,66.99,-0.05,-0.07%,531
2025-08-29 3:40,66.99,67.1,66.96,67.03,0.04,0.06%,295
2025-08-29 3:45,67.04,67.13,66.97,67.1,0.07,0.10%,306
2025-08-29 3:50,67.12,67.16,67.05,67.08,-0.02,-0.03%,411
2025-08-29 3:55,67.08,67.08,66.97,67,-0.08,-0.12%,231
2025-08-29 4:00,67,67.11,67,67.06,0.06,0.09%,200
2025-08-29 4:05,67.07,67.09,67.02,67.02,-0.04,-0.06%,45
2025-08-29 4:10,67.01,67.01,66.94,66.96,-0.06,-0.09%,164
2025-08-29 4:15,66.95,67,66.95,66.97,0.01,0.01%,76
2025-08-29 4:20,66.98,66.98,66.93,66.94,-0.03,-0.04%,78
2025-08-29 4:25,66.93,66.94,66.81,66.86,-0.08,-0.12%,601
2025-08-29 4:30,66.86,66.94,66.83,66.94,0.08,0.12%,265
2025-08-29 4:35,66.96,67.07,66.93,67.07,0.13,0.19%,277
2025-08-29 4:40,67.06,67.12,67.05,67.07,0,0.00%,274
2025-08-29 4:45,67.06,67.09,67.04,67.05,-0.02,-0.03%,78
2025-08-29 4:50,67.04,67.09,67.01,67.08,0.03,0.04%,172
2025-08-29 4:55,67.07,67.08,67.04,67.04,-0.04,-0.06%,66
2025-08-29 5:00,67.02,67.03,66.93,66.95,-0.09,-0.13%,210
2025-08-29 5:05,66.99,67.05,66.98,67.01,0.06,0.09%,85
2025-08-29 5:10,67.01,67.07,67.01,67.05,0.04,0.06%,58
2025-08-29 5:15,67.04,67.13,67.04,67.11,0.06,0.09%,129
2025-08-29 5:20,67.1,67.12,67.08,67.1,-0.01,-0.01%,37
2025-08-29 5:25,67.11,67.12,67,67,-0.1,-0.15%,184
2025-08-29 5:30,66.99,67.02,66.96,66.99,-0.01,-0.01%,114
2025-08-29 5:35,66.98,67.09,66.98,67.09,0.1,0.15%,120
2025-08-29 5:40,67.08,67.12,67.07,67.12,0.03,0.04%,127
2025-08-29 5:45,67.12,67.17,67.11,67.12,0,0.00%,217
2025-08-29 5:50,67.12,67.21,67.12,67.16,0.04,0.06%,325
2025-08-29 5:55,67.17,67.17,67.13,67.15,-0.01,-0.01%,82
2025-08-29 6:00,67.14,67.21,67.14,67.2,0.05,0.07%,88
2025-08-29 6:05,67.2,67.2,67.12,67.15,-0.05,-0.07%,297
2025-08-29 6:10,67.16,67.18,67.15,67.15,0,0.00%,37
2025-08-29 6:15,67.18,67.19,67.12,67.16,0.01,0.01%,295
2025-08-29 6:20,67.17,67.18,67.15,67.17,0.01,0.01%,157
2025-08-29 6:25,67.17,67.23,67.14,67.15,-0.02,-0.03%,240
2025-08-29 6:30,67.15,67.18,67.07,67.11,-0.04,-0.06%,178
2025-08-29 6:35,67.13,67.13,67.09,67.11,0,0.00%,80
2025-08-29 6:40,67.13,67.21,67.13,67.21,0.1,0.15%,28
2025-08-29 6:45,67.21,67.21,67.17,67.17,-0.04,-0.06%,78
2025-08-29 6:50,67.18,67.18,67.16,67.18,0.01,0.01%,49
2025-08-29 6:55,67.17,67.23,67.09,67.21,0.03,0.04%,339
2025-08-29 7:00,67.21,67.21,67.15,67.17,-0.04,-0.06%,212
2025-08-29 7:05,67.15,67.19,67.15,67.19,0.02,0.03%,34
2025-08-29 7:10,67.19,67.19,67.17,67.18,-0.01,-0.01%,63
2025-08-29 7:15,67.19,67.2,67.13,67.16,-0.02,-0.03%,110
2025-08-29 7:20,67.18,67.25,67.15,67.16,0,0.00%,404
2025-08-29 7:25,67.16,67.17,67.15,67.17,0.01,0.01%,43
2025-08-29 7:30,67.16,67.22,67.15,67.21,0.04,0.06%,138
2025-08-29 7:35,67.21,67.25,67.2,67.25,0.04,0.06%,102
2025-08-29 7:40,67.24,67.26,67.23,67.25,0,0.00%,217
2025-08-29 7:45,67.25,67.31,67.25,67.3,0.05,0.07%,162
2025-08-29 7:50,67.31,67.34,67.29,67.31,0.01,0.01%,115
2025-08-29 7:55,67.31,67.33,67.28,67.28,-0.03,-0.04%,194
2025-08-29 8:00,67.3,67.3,67.14,67.21,-0.07,-0.10%,453
2025-08-29 8:05,67.21,67.24,67.11,67.11,-0.1,-0.15%,422
2025-08-29 8:10,67.12,67.19,67.12,67.18,0.07,0.10%,510
2025-08-29 8:15,67.17,67.21,67.15,67.16,-0.02,-0.03%,796
2025-08-29 8:20,67.18,67.26,67.16,67.2,0.04,0.06%,375
2025-08-29 8:25,67.2,67.23,67.15,67.23,0.03,0.04%,165
2025-08-29 8:30,67.23,67.25,67.18,67.19,-0.04,-0.06%,189
2025-08-29 8:35,67.2,67.21,67.15,67.19,0,0.00%,308
2025-08-29 8:40,67.19,67.27,67.16,67.23,0.04,0.06%,418
2025-08-29 8:45,67.22,67.26,67.11,67.21,-0.02,-0.03%,599
2025-08-29 8:50,67.21,67.22,67.13,67.16,-0.05,-0.07%,170
2025-08-29 8:55,67.15,67.19,67.08,67.16,0,0.00%,137
2025-08-29 9:00,67.17,67.28,67.13,67.19,0.03,0.04%,381
2025-08-29 9:05,67.2,67.2,66.94,67.08,-0.11,-0.16%,907
2025-08-29 9:10,67.08,67.12,66.97,67,-0.08,-0.12%,340
2025-08-29 9:15,67,67,66.89,66.9,-0.1,-0.15%,613
2025-08-29 9:20,66.9,66.98,66.86,66.94,0.04,0.06%,674
2025-08-29 9:25,66.93,66.95,66.85,66.92,-0.02,-0.03%,465
2025-08-29 9:30,66.92,66.95,66.77,66.78,-0.14,-0.21%,709
2025-08-29 9:35,66.77,66.84,66.76,66.78,0,0.00%,789
2025-08-29 9:40,66.76,66.88,66.75,66.82,0.04,0.06%,280
2025-08-29 9:45,66.82,66.89,66.82,66.88,0.06,0.09%,225
2025-08-29 9:50,66.87,66.87,66.79,66.8,-0.08,-0.12%,467
2025-08-29 9:55,66.83,66.94,66.82,66.93,0.13,0.19%,348
2025-08-29 10:00,66.94,66.95,66.78,66.79,-0.14,-0.21%,684
2025-08-29 10:05,66.8,66.91,66.8,66.89,0.1,0.15%,197
2025-08-29 10:10,66.88,66.9,66.86,66.88,-0.01,-0.01%,168
2025-08-29 10:15,66.88,66.91,66.84,66.9,0.02,0.03%,119
2025-08-29 10:20,66.89,66.94,66.83,66.84,-0.06,-0.09%,310
2025-08-29 10:25,66.84,66.91,66.83,66.89,0.05,0.07%,810
2025-08-29 10:30,66.88,66.88,66.81,66.84,-0.05,-0.07%,502
2025-08-29 10:35,66.84,66.9,66.8,66.87,0.03,0.04%,324
2025-08-29 10:40,66.86,66.9,66.82,66.9,0.03,0.04%,303
2025-08-29 10:45,66.92,66.96,66.91,66.93,0.03,0.04%,258
2025-08-29 10:50,66.93,67.11,66.89,67.1,0.17,0.25%,436
2025-08-29 10:55,67.1,67.14,67.01,67.01,-0.09,-0.13%,203
2025-08-29 11:00,67.02,67.03,66.94,66.97,-0.04,-0.06%,392
2025-08-29 11:05,66.96,66.96,66.87,66.88,-0.09,-0.13%,209
2025-08-29 11:10,66.88,66.91,66.86,66.9,0.02,0.03%,156
2025-08-29 11:15,66.91,66.94,66.88,66.91,0.01,0.01%,482
2025-08-29 11:20,66.91,66.94,66.91,66.94,0.03,0.04%,155
2025-08-29 11:25,66.93,66.96,66.9,66.93,-0.01,-0.01%,144
2025-08-29 11:30,66.93,66.94,66.82,66.83,-0.1,-0.15%,405
2025-08-29 11:35,66.83,66.84,66.73,66.78,-0.05,-0.07%,392
2025-08-29 11:40,66.78,66.79,66.75,66.78,0,0.00%,141
2025-08-29 11:45,66.78,66.85,66.78,66.84,0.06,0.09%,103
2025-08-29 11:50,66.84,66.84,66.8,66.81,-0.03,-0.04%,78
2025-08-29 11:55,66.82,66.86,66.82,66.86,0.05,0.07%,175
2025-08-29 12:00,66.84,66.84,66.78,66.79,-0.07,-0.10%,117
2025-08-29 12:05,66.8,66.9,66.8,66.88,0.09,0.13%,197
2025-08-29 12:10,66.87,66.9,66.86,66.86,-0.02,-0.03%,43
2025-08-29 12:15,66.87,66.95,66.87,66.9,0.04,0.06%,94
2025-08-29 12:20,66.91,66.91,66.78,66.81,-0.09,-0.13%,342
2025-08-29 12:25,66.81,66.88,66.79,66.86,0.05,0.07%,160
2025-08-29 12:30,66.86,66.87,66.81,66.82,-0.04,-0.06%,143
2025-08-29 12:35,66.82,66.84,66.78,66.78,-0.04,-0.06%,95
2025-08-29 12:40,66.78,66.84,66.78,66.82,0.04,0.06%,111
2025-08-29 12:45,66.82,66.89,66.82,66.88,0.06,0.09%,62
2025-08-29 12:50,66.88,66.9,66.84,66.89,0.01,0.01%,59
2025-08-29 12:55,66.89,66.9,66.83,66.88,-0.01,-0.01%,309
2025-08-29 13:00,66.87,66.92,66.86,66.89,0.01,0.01%,231
2025-08-29 13:05,66.88,66.88,66.83,66.87,-0.02,-0.03%,152
2025-08-29 13:10,66.85,66.88,66.84,66.87,0,0.00%,120
2025-08-29 13:15,66.88,66.89,66.85,66.87,0,0.00%,596
2025-08-29 13:20,66.87,66.95,66.85,66.94,0.07,0.10%,230
2025-08-29 13:25,66.93,66.98,66.87,66.89,-0.05,-0.07%,1316
2025-08-29 13:30,66.88,66.89,66.84,66.88,-0.01,-0.01%,357
2025-08-29 13:35,66.87,66.87,66.83,66.87,-0.01,-0.01%,83
2025-08-29 13:40,66.87,66.89,66.86,66.86,-0.01,-0.01%,40
2025-08-29 13:45,66.86,66.86,66.82,66.82,-0.04,-0.06%,60
2025-08-29 13:50,66.81,66.85,66.8,66.85,0.03,0.04%,70
2025-08-29 13:55,66.84,66.87,66.84,66.87,0.02,0.03%,67
2025-08-29 14:00,66.87,66.87,66.85,66.85,-0.02,-0.03%,74
2025-08-29 14:05,66.86,66.87,66.85,66.86,0.01,0.01%,79
2025-08-29 14:10,66.86,66.86,66.81,66.83,-0.03,-0.04%,66
2025-08-29 14:15,66.81,66.84,66.81,66.83,0,0.00%,215
2025-08-29 14:20,66.83,66.89,66.83,66.85,0.02,0.03%,241
2025-08-29 14:25,66.85,66.86,66.83,66.84,-0.01,-0.01%,178
2025-08-29 14:30,66.84,66.84,66.79,66.8,-0.04,-0.06%,191
2025-08-29 14:35,66.8,66.81,66.79,66.81,0.01,0.01%,133
2025-08-29 14:40,66.81,66.83,66.81,66.83,0.02,0.03%,72
2025-08-29 14:45,66.83,66.85,66.82,66.84,0.01,0.01%,56
2025-08-29 14:50,66.83,66.84,66.81,66.83,-0.01,-0.01%,87
2025-08-29 14:55,66.83,66.84,66.81,66.81,-0.02,-0.03%,63
2025-08-29 15:00,66.82,66.86,66.82,66.83,0.02,0.03%,49
2025-08-29 15:05,66.83,66.88,66.83,66.87,0.04,0.06%,177
2025-08-29 15:10,66.87,66.87,66.87,66.87,0,0.00%,36
2025-08-29 15:15,66.88,66.89,66.88,66.89,0.02,0.03%,14
2025-08-29 15:20,66.88,66.88,66.86,66.86,-0.03,-0.04%,9
2025-08-29 15:25,66.86,66.87,66.85,66.86,0,0.00%,25
2025-08-29 15:30,66.85,66.85,66.81,66.82,-0.04,-0.06%,54
2025-08-29 15:35,66.84,66.84,66.83,66.83,0.01,0.01%,9
2025-08-29 15:40,66.84,66.85,66.83,66.83,0,0.00%,50
2025-08-29 15:45,66.83,66.83,66.81,66.81,-0.02,-0.03%,13
2025-08-29 15:50,66.81,66.83,66.81,66.83,0.02,0.03%,44
2025-08-29 15:55,66.82,66.89,66.82,66.86,0.03,0.04%,129
2025-08-29 16:20,66.86,66.86,66.82,66.84,-0.02,-0.03%,16
2025-08-29 16:30,66.83,66.83,66.82,66.82,-0.02,-0.03%,3
2025-08-29 16:35,66.82,66.82,66.81,66.81,-0.01,-0.01%,34
2025-08-29 16:40,66.82,66.87,66.82,66.87,0.06,0.09%,10
2025-08-31 17:00,66.85,66.86,66.83,66.83,-0.04,-0.06%,20
2025-08-31 17:05,66.83,66.84,66.79,66.84,0.01,0.01%,33
2025-08-31 17:10,66.84,66.86,66.84,66.84,0,0.00%,15
2025-08-31 17:15,66.85,66.85,66.85,66.85,0.01,0.01%,1
2025-08-31 17:30,66.87,66.87,66.86,66.87,0.02,0.03%,23
2025-08-31 17:35,66.86,66.86,66.86,66.86,-0.01,-0.01%,1
2025-08-31 17:40,66.83,66.83,66.83,66.83,-0.03,-0.04%,1
2025-08-31 17:45,66.84,66.85,66.84,66.85,0.02,0.03%,3
2025-08-31 18:15,66.81,66.83,66.81,66.83,-0.02,-0.03%,9
2025-08-31 18:25,66.82,66.82,66.82,66.82,-0.01,-0.01%,1
2025-08-31 18:35,66.83,66.83,66.83,66.83,0.01,0.01%,1
2025-08-31 18:45,66.83,66.85,66.83,66.85,0.02,0.03%,8
2025-08-31 19:00,66.84,66.84,66.79,66.81,-0.04,-0.06%,29
2025-08-31 19:05,66.82,66.82,66.82,66.82,0.01,0.01%,2
2025-08-31 19:10,66.83,66.85,66.83,66.85,0.03,0.04%,6
2025-08-31 19:15,66.85,66.85,66.84,66.84,-0.01,-0.01%,10
2025-08-31 19:25,66.83,66.83,66.82,66.83,-0.01,-0.01%,5
2025-08-31 19:30,66.81,66.81,66.77,66.78,-0.05,-0.07%,21
2025-08-31 19:35,66.76,66.78,66.75,66.78,0,0.00%,55
2025-08-31 19:45,66.79,66.79,66.79,66.79,0.01,0.01%,2
2025-08-31 19:50,66.8,66.8,66.8,66.8,0.01,0.01%,6
2025-08-31 19:55,66.81,66.82,66.8,66.8,0,0.00%,4
2025-08-31 20:00,66.79,66.79,66.69,66.78,-0.02,-0.03%,88
2025-08-31 20:05,66.77,66.78,66.74,66.74,-0.04,-0.06%,18
2025-08-31 20:10,66.74,66.74,66.68,66.7,-0.04,-0.06%,57
2025-08-31 20:15,66.7,66.7,66.62,66.64,-0.06,-0.09%,228
2025-08-31 20:20,66.64,66.67,66.64,66.64,0,0.00%,19
2025-08-31 20:25,66.66,66.67,66.64,66.67,0.03,0.05%,8
2025-08-31 20:30,66.67,66.67,66.64,66.66,-0.01,-0.01%,6
2025-08-31 20:35,66.63,66.63,66.55,66.58,-0.08,-0.12%,116
2025-08-31 20:40,66.57,66.62,66.57,66.61,0.03,0.05%,27
2025-08-31 20:45,66.62,66.65,66.62,66.64,0.03,0.05%,25
2025-08-31 20:50,66.64,66.64,66.6,66.61,-0.03,-0.05%,34
2025-08-31 20:55,66.6,66.61,66.59,66.59,-0.02,-0.03%,38
2025-08-31 21:00,66.59,66.59,66.54,66.58,-0.01,-0.02%,29
2025-08-31 21:05,66.57,66.61,66.57,66.61,0.03,0.05%,25
2025-08-31 21:10,66.6,66.61,66.6,66.6,-0.01,-0.02%,28
2025-08-31 21:15,66.61,66.61,66.59,66.59,-0.01,-0.02%,4
2025-08-31 21:20,66.59,66.61,66.59,66.61,0.02,0.03%,6
2025-08-31 21:25,66.62,66.68,66.62,66.68,0.07,0.11%,16
2025-08-31 21:30,66.66,66.66,66.63,66.63,-0.05,-0.07%,46
2025-08-31 21:35,66.62,66.63,66.61,66.63,0,0.00%,34
2025-08-31 21:40,66.64,66.66,66.61,66.66,0.03,0.05%,39
2025-08-31 21:45,66.66,66.66,66.61,66.61,-0.05,-0.08%,63
2025-08-31 21:50,66.6,66.64,66.59,66.62,0.01,0.02%,60
2025-08-31 21:55,66.63,66.64,66.62,66.64,0.02,0.03%,22
2025-08-31 22:00,66.64,66.64,66.61,66.62,-0.02,-0.03%,60
2025-08-31 22:05,66.62,66.65,66.61,66.61,-0.01,-0.02%,141
2025-08-31 22:10,66.63,66.65,66.6,66.64,0.03,0.05%,245
2025-08-31 22:15,66.64,66.67,66.63,66.66,0.02,0.03%,175
2025-08-31 22:20,66.67,66.68,66.63,66.63,-0.03,-0.05%,198
2025-08-31 22:25,66.63,66.64,66.62,66.63,0,0.00%,57
2025-08-31 22:30,66.64,66.64,66.63,66.63,0,0.00%,4
2025-08-31 22:35,66.63,66.64,66.63,66.63,0,0.00%,32
2025-08-31 22:40,66.64,66.65,66.64,66.64,0.01,0.02%,43
2025-08-31 22:45,66.64,66.66,66.64,66.64,0,0.00%,44
2025-08-31 22:50,66.62,66.62,66.62,66.62,-0.02,-0.03%,2
2025-08-31 22:55,66.61,66.62,66.61,66.62,0,0.00%,5
2025-08-31 23:00,66.62,66.62,66.6,66.61,-0.01,-0.02%,21
2025-08-31 23:05,66.6,66.6,66.59,66.6,-0.01,-0.02%,17
2025-08-31 23:10,66.61,66.61,66.6,66.6,0,0.00%,3
2025-08-31 23:20,66.61,66.61,66.61,66.61,0.01,0.02%,1
2025-08-31 23:25,66.61,66.61,66.61,66.61,0,0.00%,1
2025-08-31 23:30,66.59,66.61,66.59,66.61,0,0.00%,9
2025-08-31 23:35,66.61,66.61,66.61,66.61,0,0.00%,1
2025-08-31 23:50,66.62,66.62,66.61,66.61,0,0.00%,61
2025-09-01 0:00,66.61,66.63,66.61,66.62,0.01,0.02%,62
2025-09-01 0:05,66.63,66.64,66.63,66.64,0.02,0.03%,2
2025-09-01 0:10,66.63,66.63,66.63,66.63,-0.01,-0.02%,2
2025-09-01 0:15,66.63,66.63,66.63,66.63,0,0.00%,1
2025-09-01 0:20,66.65,66.66,66.65,66.66,0.03,0.05%,4
2025-09-01 0:30,66.65,66.67,66.65,66.66,0,0.00%,68
2025-09-01 0:35,66.66,66.68,66.66,66.68,0.02,0.03%,50
2025-09-01 0:40,66.66,66.66,66.58,66.63,-0.05,-0.07%,88
2025-09-01 0:45,66.62,66.62,66.57,66.61,-0.02,-0.03%,112
2025-09-01 0:50,66.62,66.64,66.62,66.64,0.03,0.05%,127
2025-09-01 0:55,66.64,66.69,66.64,66.67,0.03,0.05%,223
2025-09-01 1:00,66.66,66.78,66.66,66.75,0.08,0.12%,262
2025-09-01 1:05,66.75,66.76,66.73,66.76,0.01,0.01%,154
2025-09-01 1:10,66.76,66.89,66.76,66.89,0.13,0.19%,388
2025-09-01 1:15,66.89,66.98,66.89,66.96,0.07,0.10%,210
2025-09-01 1:20,66.95,67,66.92,66.92,-0.04,-0.06%,175
2025-09-01 1:25,66.92,66.96,66.92,66.95,0.03,0.04%,103
2025-09-01 1:30,66.96,66.98,66.92,66.93,-0.02,-0.03%,118
2025-09-01 1:35,66.94,66.96,66.91,66.96,0.03,0.04%,77
2025-09-01 1:40,66.97,67,66.96,67,0.04,0.06%,66
2025-09-01 1:45,67.01,67.02,67,67,0,0.00%,79
2025-09-01 1:50,67,67,66.95,66.96,-0.04,-0.06%,202
2025-09-01 1:55,66.96,66.99,66.95,66.98,0.02,0.03%,244
2025-09-01 2:00,66.98,66.99,66.92,66.99,0.01,0.01%,116
2025-09-01 2:05,66.99,67.1,66.99,67.07,0.08,0.12%,386
2025-09-01 2:10,67.07,67.16,67.05,67.15,0.08,0.12%,447
2025-09-01 2:15,67.14,67.16,67.11,67.15,0,0.00%,56
2025-09-01 2:20,67.15,67.18,67.15,67.17,0.02,0.03%,51
2025-09-01 2:25,67.15,67.18,67.13,67.17,0,0.00%,202
2025-09-01 2:30,67.17,67.23,67.16,67.21,0.04,0.06%,356
2025-09-01 2:35,67.21,67.21,67.16,67.21,0,0.00%,226
2025-09-01 2:40,67.19,67.21,67.18,67.21,0,0.00%,95
2025-09-01 2:45,67.21,67.24,67.21,67.21,0,0.00%,82
2025-09-01 2:50,67.2,67.21,67.16,67.18,-0.03,-0.04%,207
2025-09-01 2:55,67.17,67.17,67.11,67.14,-0.04,-0.06%,167
2025-09-01 3:00,67.13,67.17,67.04,67.06,-0.08,-0.12%,545
2025-09-01 3:05,67.05,67.09,67.01,67.08,0.02,0.03%,309
2025-09-01 3:10,67.07,67.13,67.05,67.12,0.04,0.06%,187
2025-09-01 3:15,67.13,67.17,67.11,67.16,0.04,0.06%,169
2025-09-01 3:20,67.15,67.17,67.15,67.16,0,0.00%,62
2025-09-01 3:25,67.17,67.18,67.1,67.11,-0.05,-0.07%,374
2025-09-01 3:30,67.12,67.16,67.11,67.15,0.04,0.06%,725
2025-09-01 3:35,67.15,67.15,67.09,67.11,-0.04,-0.06%,90
2025-09-01 3:40,67.11,67.15,67.11,67.13,0.02,0.03%,58
2025-09-01 3:45,67.14,67.19,67.14,67.16,0.03,0.04%,71
2025-09-01 3:50,67.18,67.2,67.16,67.19,0.03,0.04%,250
2025-09-01 3:55,67.2,67.29,67.2,67.29,0.1,0.15%,1188
2025-09-01 4:00,67.3,67.45,67.3,67.45,0.16,0.24%,735
2025-09-01 4:05,67.43,67.55,67.43,67.52,0.07,0.10%,576
2025-09-01 4:10,67.52,67.53,67.51,67.53,0.01,0.01%,80
2025-09-01 4:15,67.54,67.56,67.53,67.53,0,0.00%,194
2025-09-01 4:20,67.52,67.59,67.52,67.58,0.05,0.07%,323
2025-09-01 4:25,67.58,67.58,67.43,67.47,-0.11,-0.16%,701
2025-09-01 4:30,67.49,67.51,67.47,67.5,0.03,0.04%,196
2025-09-01 4:35,67.5,67.51,67.47,67.48,-0.02,-0.03%,279
2025-09-01 4:40,67.49,67.54,67.48,67.51,0.03,0.04%,306
2025-09-01 4:45,67.5,67.56,67.5,67.52,0.01,0.01%,435
2025-09-01 4:50,67.51,67.53,67.49,67.5,-0.02,-0.03%,128
2025-09-01 4:55,67.49,67.55,67.47,67.53,0.03,0.04%,163
2025-09-01 5:00,67.52,67.52,67.43,67.47,-0.06,-0.09%,142
2025-09-01 5:05,67.46,67.46,67.41,67.45,-0.02,-0.03%,125
2025-09-01 5:10,67.46,67.49,67.46,67.46,0.01,0.01%,90
2025-09-01 5:15,67.47,67.48,67.46,67.48,0.02,0.03%,63
2025-09-01 5:20,67.47,67.48,67.46,67.47,-0.01,-0.01%,63
2025-09-01 5:25,67.47,67.48,67.45,67.47,0,0.00%,92
2025-09-01 5:30,67.46,67.46,67.39,67.41,-0.06,-0.09%,110
2025-09-01 5:35,67.4,67.44,67.4,67.42,0.01,0.01%,158
2025-09-01 5:40,67.4,67.42,67.38,67.39,-0.03,-0.04%,103
2025-09-01 5:45,67.4,67.43,67.4,67.42,0.03,0.04%,113
2025-09-01 5:50,67.4,67.45,67.4,67.44,0.02,0.03%,55
2025-09-01 5:55,67.44,67.47,67.43,67.44,0,0.00%,224
2025-09-01 6:00,67.44,67.52,67.43,67.51,0.07,0.10%,129
2025-09-01 6:05,67.5,67.51,67.48,67.5,-0.01,-0.01%,30
2025-09-01 6:10,67.49,67.53,67.48,67.52,0.02,0.03%,78
2025-09-01 6:15,67.52,67.52,67.47,67.51,-0.01,-0.01%,120
2025-09-01 6:20,67.5,67.5,67.47,67.48,-0.03,-0.04%,30
2025-09-01 6:25,67.49,67.5,67.46,67.47,-0.01,-0.01%,59
2025-09-01 6:30,67.48,67.49,67.48,67.48,0.01,0.01%,30
2025-09-01 6:35,67.49,67.52,67.48,67.52,0.04,0.06%,15
2025-09-01 6:40,67.51,67.52,67.5,67.51,-0.01,-0.01%,42
2025-09-01 6:45,67.49,67.5,67.47,67.5,-0.01,-0.01%,70
2025-09-01 6:50,67.5,67.51,67.5,67.51,0.01,0.01%,30
2025-09-01 6:55,67.51,67.57,67.51,67.56,0.05,0.07%,138
2025-09-01 7:00,67.56,67.65,67.56,67.59,0.03,0.04%,313
2025-09-01 7:05,67.59,67.65,67.59,67.65,0.06,0.09%,124
2025-09-01 7:10,67.64,67.7,67.62,67.68,0.03,0.04%,372
2025-09-01 7:15,67.69,67.71,67.65,67.65,-0.03,-0.04%,172
2025-09-01 7:20,67.66,67.7,67.61,67.69,0.04,0.06%,195
2025-09-01 7:25,67.69,67.69,67.65,67.67,-0.02,-0.03%,391
2025-09-01 7:30,67.68,67.7,67.64,67.66,-0.01,-0.01%,239
2025-09-01 7:35,67.67,67.7,67.66,67.7,0.04,0.06%,216
2025-09-01 7:40,67.7,67.73,67.68,67.7,0,0.00%,180
2025-09-01 7:45,67.71,67.71,67.67,67.68,-0.02,-0.03%,79
2025-09-01 7:50,67.68,67.7,67.65,67.7,0.02,0.03%,78
2025-09-01 7:55,67.68,67.69,67.64,67.68,-0.02,-0.03%,263
2025-09-01 8:00,67.67,67.67,67.55,67.55,-0.13,-0.19%,601
2025-09-01 8:05,67.56,67.62,67.55,67.59,0.04,0.06%,185
2025-09-01 8:10,67.59,67.59,67.54,67.56,-0.03,-0.04%,290
2025-09-01 8:15,67.56,67.69,67.56,67.67,0.11,0.16%,234
2025-09-01 8:20,67.67,67.73,67.65,67.7,0.03,0.04%,307
2025-09-01 8:25,67.7,67.7,67.61,67.66,-0.04,-0.06%,357
2025-09-01 8:30,67.66,67.7,67.63,67.65,-0.01,-0.01%,336
2025-09-01 8:35,67.65,67.67,67.59,67.62,-0.03,-0.04%,257
2025-09-01 8:40,67.61,67.62,67.57,67.62,0,0.00%,745
2025-09-01 8:45,67.62,67.71,67.61,67.7,0.08,0.12%,258
2025-09-01 8:50,67.7,67.73,67.66,67.66,-0.04,-0.06%,214
2025-09-01 8:55,67.67,67.7,67.66,67.69,0.03,0.04%,134
2025-09-01 9:00,67.69,67.72,67.66,67.67,-0.02,-0.03%,149
2025-09-01 9:05,67.65,67.66,67.62,67.65,-0.02,-0.03%,203
2025-09-01 9:10,67.65,67.65,67.62,67.65,0,0.00%,220
2025-09-01 9:15,67.64,67.66,67.55,67.6,-0.05,-0.07%,750
2025-09-01 9:20,67.6,67.61,67.55,67.59,-0.01,-0.01%,230
2025-09-01 9:25,67.6,67.63,67.59,67.59,0,0.00%,104
2025-09-01 9:30,67.59,67.61,67.58,67.59,0,0.00%,187
2025-09-01 9:35,67.6,67.62,67.55,67.57,-0.02,-0.03%,274
2025-09-01 9:40,67.59,67.61,67.57,67.59,0.02,0.03%,129
2025-09-01 9:45,67.59,67.61,67.55,67.58,-0.01,-0.01%,513
2025-09-01 9:50,67.59,67.61,67.57,67.58,0,0.00%,267
2025-09-01 9:55,67.58,67.59,67.54,67.58,0,0.00%,232
2025-09-01 10:00,67.57,67.61,67.56,67.6,0.02,0.03%,239
2025-09-01 10:05,67.61,67.7,67.61,67.7,0.1,0.15%,187
2025-09-01 10:10,67.71,67.74,67.69,67.71,0.01,0.01%,110
2025-09-01 10:15,67.71,67.75,67.62,67.63,-0.08,-0.12%,576
2025-09-01 10:20,67.63,67.63,67.55,67.55,-0.08,-0.12%,326
2025-09-01 10:25,67.54,67.62,67.5,67.54,-0.01,-0.01%,2100
2025-09-01 10:30,67.54,67.6,67.52,67.59,0.05,0.07%,1142
2025-09-01 10:35,67.6,67.64,67.56,67.6,0.01,0.01%,611
2025-09-01 10:40,67.59,67.61,67.57,67.6,0,0.00%,237
2025-09-01 10:45,67.61,67.66,67.61,67.64,0.04,0.06%,853
2025-09-01 10:50,67.63,67.63,67.6,67.62,-0.02,-0.03%,166
2025-09-01 10:55,67.62,67.63,67.56,67.58,-0.04,-0.06%,96
2025-09-01 11:00,67.56,67.57,67.5,67.5,-0.08,-0.12%,340
2025-09-01 11:05,67.52,67.56,67.52,67.55,0.05,0.07%,232
2025-09-01 11:10,67.53,67.53,67.51,67.51,-0.04,-0.06%,102
2025-09-01 11:15,67.51,67.55,67.49,67.55,0.04,0.06%,125
2025-09-01 11:20,67.55,67.58,67.54,67.54,-0.01,-0.01%,92
2025-09-01 11:25,67.54,67.55,67.53,67.53,-0.01,-0.01%,63
2025-09-01 11:30,67.52,67.52,67.48,67.5,-0.03,-0.04%,105
2025-09-01 11:35,67.51,67.51,67.46,67.47,-0.03,-0.04%,113
2025-09-01 11:40,67.47,67.5,67.47,67.47,0,0.00%,109
2025-09-01 11:45,67.46,67.49,67.46,67.46,-0.01,-0.01%,43
2025-09-01 11:50,67.46,67.53,67.46,67.51,0.05,0.07%,84
2025-09-01 11:55,67.5,67.55,67.48,67.51,0,0.00%,503
2025-09-01 12:00,67.5,67.53,67.47,67.51,0,0.00%,387
2025-09-01 12:05,67.51,67.56,67.51,67.55,0.04,0.06%,319
2025-09-01 12:10,67.53,67.53,67.53,67.53,-0.02,-0.03%,16
2025-09-01 12:15,67.54,67.54,67.51,67.51,-0.02,-0.03%,30
2025-09-01 12:20,67.52,67.53,67.52,67.52,0.01,0.01%,31
2025-09-01 12:25,67.52,67.53,67.52,67.52,0,0.00%,40
2025-09-01 19:00,67.52,67.63,67.52,67.63,0.11,0.16%,231
2025-09-01 19:05,67.62,67.62,67.61,67.62,-0.01,-0.01%,17
2025-09-01 19:10,67.62,67.66,67.62,67.66,0.04,0.06%,48
2025-09-01 19:15,67.66,67.68,67.66,67.68,0.02,0.03%,16
2025-09-01 19:20,67.69,67.71,67.69,67.69,0.01,0.01%,36
2025-09-01 19:25,67.7,67.72,67.7,67.7,0.01,0.01%,20
2025-09-01 19:30,67.72,67.74,67.71,67.72,0.02,0.03%,41
2025-09-01 19:40,67.72,67.72,67.63,67.68,-0.04,-0.06%,354
2025-09-01 19:45,67.68,67.7,67.68,67.7,0.02,0.03%,25
2025-09-01 19:50,67.7,67.72,67.7,67.71,0.01,0.01%,36
2025-09-01 19:55,67.71,67.74,67.71,67.73,0.02,0.03%,22
2025-09-01 20:00,67.74,67.8,67.74,67.78,0.05,0.07%,379
2025-09-01 20:05,67.77,67.8,67.77,67.79,0.01,0.01%,54
2025-09-01 20:10,67.8,67.83,67.79,67.81,0.02,0.03%,120
2025-09-01 20:15,67.81,67.86,67.81,67.81,0,0.00%,106
2025-09-01 20:20,67.83,67.84,67.81,67.83,0.02,0.03%,53
2025-09-01 20:25,67.84,67.88,67.83,67.85,0.02,0.03%,172
2025-09-01 20:30,67.84,67.9,67.84,67.89,0.04,0.06%,318
2025-09-01 20:35,67.89,67.96,67.89,67.91,0.02,0.03%,226
2025-09-01 20:40,67.91,67.91,67.87,67.88,-0.03,-0.04%,242
2025-09-01 20:45,67.9,67.93,67.9,67.91,0.03,0.04%,40
2025-09-01 20:50,67.91,67.92,67.89,67.9,-0.01,-0.01%,74
2025-09-01 20:55,67.9,67.91,67.87,67.87,-0.03,-0.04%,32
2025-09-01 21:00,67.85,67.85,67.77,67.77,-0.1,-0.15%,24
2025-09-01 21:05,67.77,67.84,67.77,67.84,0.07,0.10%,160
2025-09-01 21:10,67.81,67.82,67.79,67.82,-0.02,-0.03%,82
2025-09-01 21:15,67.81,67.82,67.79,67.8,-0.02,-0.03%,36
2025-09-01 21:20,67.81,67.81,67.8,67.81,0.01,0.01%,34
2025-09-01 21:25,67.8,67.81,67.79,67.81,0,0.00%,19
2025-09-01 21:30,67.82,67.82,67.81,67.81,0,0.00%,39
2025-09-01 21:35,67.81,67.85,67.81,67.84,0.03,0.04%,129
2025-09-01 21:40,67.83,67.85,67.77,67.83,-0.01,-0.01%,357
2025-09-01 21:45,67.81,67.86,67.8,67.85,0.02,0.03%,158
2025-09-01 21:50,67.85,67.87,67.84,67.86,0.01,0.01%,112
2025-09-01 21:55,67.86,67.86,67.82,67.83,-0.03,-0.04%,103
2025-09-01 22:00,67.84,67.85,67.81,67.84,0.01,0.01%,103
2025-09-01 22:05,67.82,67.87,67.82,67.87,0.03,0.04%,164
2025-09-01 22:10,67.88,67.88,67.84,67.84,-0.03,-0.04%,42
2025-09-01 22:15,67.83,67.83,67.78,67.79,-0.05,-0.07%,289
2025-09-01 22:20,67.81,67.86,67.81,67.85,0.06,0.09%,68
2025-09-01 22:25,67.86,67.86,67.81,67.81,-0.04,-0.06%,40
2025-09-01 22:30,67.8,67.82,67.8,67.82,0.01,0.01%,9
2025-09-01 22:35,67.82,67.82,67.8,67.8,-0.02,-0.03%,17
2025-09-01 22:40,67.82,67.82,67.82,67.82,0.02,0.03%,22
2025-09-01 22:45,67.83,67.84,67.82,67.83,0.01,0.01%,52
2025-09-01 22:50,67.83,67.83,67.82,67.82,-0.01,-0.01%,8
2025-09-01 22:55,67.83,67.86,67.83,67.84,0.02,0.03%,32
2025-09-01 23:00,67.83,67.85,67.83,67.85,0.01,0.01%,3
2025-09-01 23:05,67.83,67.83,67.83,67.83,-0.02,-0.03%,91
2025-09-01 23:10,67.83,67.83,67.82,67.82,-0.01,-0.01%,12
2025-09-01 23:15,67.82,67.83,67.79,67.83,0.01,0.01%,79
2025-09-01 23:20,67.83,67.83,67.82,67.82,-0.01,-0.01%,42
2025-09-01 23:25,67.81,67.82,67.81,67.82,0,0.00%,5
2025-09-01 23:30,67.83,67.83,67.81,67.81,-0.01,-0.01%,11
2025-09-01 23:35,67.81,67.82,67.79,67.82,0.01,0.01%,67
2025-09-01 23:40,67.8,67.8,67.77,67.78,-0.04,-0.06%,21
2025-09-01 23:45,67.79,67.82,67.79,67.82,0.04,0.06%,21
2025-09-01 23:50,67.81,67.82,67.81,67.81,-0.01,-0.01%,23
2025-09-01 23:55,67.79,67.79,67.76,67.76,-0.05,-0.07%,13
2025-09-02 0:00,67.75,67.79,67.75,67.77,0.01,0.01%,40
2025-09-02 0:05,67.78,67.79,67.78,67.78,0.01,0.01%,7
2025-09-02 0:10,67.77,67.8,67.77,67.79,0.01,0.01%,86
2025-09-02 0:15,67.79,67.79,67.79,67.79,0,0.00%,1
2025-09-02 0:20,67.8,67.82,67.8,67.82,0.03,0.04%,10
2025-09-02 0:25,67.83,67.83,67.82,67.83,0.01,0.01%,15
2025-09-02 0:30,67.82,67.83,67.81,67.83,0,0.00%,48
2025-09-02 0:35,67.81,67.82,67.81,67.82,-0.01,-0.01%,28
2025-09-02 0:40,67.81,67.83,67.81,67.81,-0.01,-0.01%,31
2025-09-02 0:45,67.82,67.88,67.82,67.85,0.04,0.06%,16
2025-09-02 0:50,67.85,67.88,67.85,67.86,0.01,0.01%,31
2025-09-02 0:55,67.87,67.88,67.85,67.85,-0.01,-0.01%,194
2025-09-02 1:00,67.86,67.94,67.86,67.92,0.07,0.10%,147
2025-09-02 1:05,67.92,67.99,67.92,67.92,0,0.00%,269
2025-09-02 1:10,67.92,67.92,67.86,67.89,-0.03,-0.04%,89
2025-09-02 1:15,67.89,67.9,67.78,67.78,-0.11,-0.16%,191
2025-09-02 1:20,67.77,67.86,67.75,67.85,0.07,0.10%,224
2025-09-02 1:25,67.85,67.88,67.83,67.83,-0.02,-0.03%,94
2025-09-02 1:30,67.85,67.9,67.84,67.88,0.05,0.07%,225
2025-09-02 1:35,67.89,67.91,67.86,67.89,0.01,0.01%,169
2025-09-02 1:40,67.89,67.92,67.87,67.87,-0.02,-0.03%,161
2025-09-02 1:45,67.89,67.9,67.8,67.82,-0.05,-0.07%,466
2025-09-02 1:50,67.82,67.91,67.82,67.91,0.09,0.13%,182
2025-09-02 1:55,67.9,67.96,67.88,67.95,0.04,0.06%,747
2025-09-02 2:00,67.94,68.06,67.94,68.05,0.1,0.15%,1003
2025-09-02 2:05,68.06,68.13,68.05,68.07,0.02,0.03%,622
2025-09-02 2:10,68.07,68.07,68.02,68.05,-0.02,-0.03%,278
2025-09-02 2:15,68.04,68.07,68.04,68.04,-0.01,-0.01%,102
2025-09-02 2:20,68.05,68.1,68.04,68.09,0.05,0.07%,250
2025-09-02 2:25,68.09,68.11,68.04,68.06,-0.03,-0.04%,191
2025-09-02 2:30,68.06,68.09,68.06,68.06,0,0.00%,156
2025-09-02 2:35,68.06,68.11,68.03,68.03,-0.03,-0.04%,358
2025-09-02 2:40,68.02,68.02,67.98,68.01,-0.02,-0.03%,134
2025-09-02 2:45,68.01,68.03,67.98,67.99,-0.02,-0.03%,77
2025-09-02 2:50,68.01,68.06,67.99,68.04,0.05,0.07%,330
2025-09-02 2:55,68.03,68.04,67.99,68.02,-0.02,-0.03%,345
2025-09-02 3:00,68.02,68.15,68.01,68.12,0.1,0.15%,659
2025-09-02 3:05,68.12,68.16,68.1,68.14,0.02,0.03%,466
2025-09-02 3:10,68.15,68.17,68.03,68.07,-0.07,-0.10%,387
2025-09-02 3:15,68.06,68.13,68.06,68.11,0.04,0.06%,202
2025-09-02 3:20,68.12,68.14,68.09,68.12,0.01,0.01%,496
2025-09-02 3:25,68.11,68.23,68.11,68.18,0.06,0.09%,1056
2025-09-02 3:30,68.18,68.31,68.14,68.31,0.13,0.19%,1547
2025-09-02 3:35,68.29,68.35,68.27,68.29,-0.02,-0.03%,922
2025-09-02 3:40,68.3,68.52,68.3,68.5,0.21,0.31%,2813
2025-09-02 3:45,68.49,68.55,68.41,68.51,0.01,0.01%,1463
2025-09-02 3:50,68.52,68.61,68.48,68.59,0.08,0.12%,596
2025-09-02 3:55,68.58,68.63,68.57,68.6,0.01,0.01%,328
2025-09-02 4:00,68.58,68.58,68.47,68.54,-0.06,-0.09%,1149
2025-09-02 4:05,68.53,68.55,68.49,68.54,0,0.00%,701
2025-09-02 4:10,68.54,68.57,68.53,68.54,0,0.00%,401
2025-09-02 4:15,68.55,68.63,68.55,68.62,0.08,0.12%,378
2025-09-02 4:20,68.62,68.7,68.61,68.62,0,0.00%,884
2025-09-02 4:25,68.62,68.71,68.62,68.7,0.08,0.12%,395
2025-09-02 4:30,68.71,68.72,68.62,68.63,-0.07,-0.10%,868
2025-09-02 4:35,68.63,68.67,68.61,68.64,0.01,0.01%,482
2025-09-02 4:40,68.65,68.66,68.59,68.65,0.01,0.01%,440
2025-09-02 4:45,68.65,68.72,68.65,68.72,0.07,0.10%,540
2025-09-02 4:50,68.71,68.83,68.69,68.8,0.08,0.12%,747
2025-09-02 4:55,68.8,68.82,68.73,68.79,-0.01,-0.01%,395
2025-09-02 5:00,68.79,68.8,68.73,68.8,0.01,0.01%,290
2025-09-02 5:05,68.81,68.84,68.8,68.83,0.03,0.04%,294
2025-09-02 5:10,68.83,68.84,68.76,68.77,-0.06,-0.09%,236
2025-09-02 5:15,68.78,68.81,68.74,68.77,0,0.00%,376
2025-09-02 5:20,68.77,68.78,68.7,68.71,-0.06,-0.09%,684
2025-09-02 5:25,68.73,68.76,68.71,68.72,0.01,0.01%,250
2025-09-02 5:30,68.72,68.77,68.7,68.75,0.03,0.04%,546
2025-09-02 5:35,68.75,68.75,68.72,68.75,0,0.00%,176
2025-09-02 5:40,68.74,68.76,68.69,68.72,-0.03,-0.04%,391
2025-09-02 5:45,68.71,68.75,68.69,68.74,0.02,0.03%,358
2025-09-02 5:50,68.74,68.78,68.73,68.73,-0.01,-0.01%,413
2025-09-02 5:55,68.74,68.77,68.71,68.75,0.02,0.03%,174
2025-09-02 6:00,68.74,68.79,68.63,68.64,-0.11,-0.16%,521
2025-09-02 6:05,68.64,68.64,68.57,68.6,-0.04,-0.06%,891
2025-09-02 6:10,68.62,68.68,68.57,68.58,-0.02,-0.03%,417
2025-09-02 6:15,68.58,68.59,68.55,68.57,-0.01,-0.01%,440
2025-09-02 6:20,68.58,68.62,68.58,68.6,0.03,0.04%,146
2025-09-02 6:25,68.6,68.61,68.57,68.59,-0.01,-0.01%,247
2025-09-02 6:30,68.6,68.66,68.59,68.62,0.03,0.04%,201
2025-09-02 6:35,68.61,68.66,68.59,68.65,0.03,0.04%,645
2025-09-02 6:40,68.65,68.65,68.6,68.6,-0.05,-0.07%,227
2025-09-02 6:45,68.62,68.63,68.58,68.59,-0.01,-0.01%,203
2025-09-02 6:50,68.59,68.63,68.59,68.63,0.04,0.06%,138
2025-09-02 6:55,68.63,68.63,68.58,68.6,-0.03,-0.04%,249
2025-09-02 7:00,68.6,68.65,68.59,68.64,0.04,0.06%,263
2025-09-02 7:05,68.65,68.66,68.63,68.65,0.01,0.01%,74
2025-09-02 7:10,68.65,68.65,68.54,68.56,-0.09,-0.13%,399
2025-09-02 7:15,68.56,68.62,68.51,68.57,0.01,0.01%,384
2025-09-02 7:20,68.56,68.56,68.51,68.54,-0.03,-0.04%,609
2025-09-02 7:25,68.55,68.55,68.21,68.27,-0.27,-0.39%,2646
2025-09-02 7:30,68.27,68.33,68.25,68.26,-0.01,-0.01%,648
2025-09-02 7:35,68.27,68.28,68.02,68.03,-0.23,-0.34%,1086
2025-09-02 7:40,68.03,68.04,67.8,67.81,-0.22,-0.32%,871
2025-09-02 7:45,67.8,67.89,67.75,67.83,0.02,0.03%,924
2025-09-02 7:50,67.82,67.88,67.67,67.69,-0.14,-0.21%,733
2025-09-02 7:55,67.69,67.73,67.48,67.52,-0.17,-0.25%,984
2025-09-02 8:00,67.51,67.72,67.49,67.65,0.13,0.19%,1933
2025-09-02 8:05,67.66,67.74,67.52,67.73,0.08,0.12%,1802
2025-09-02 8:10,67.73,67.82,67.72,67.78,0.05,0.07%,668
2025-09-02 8:15,67.78,67.95,67.78,67.92,0.14,0.21%,938
2025-09-02 8:20,67.92,68.06,67.87,67.9,-0.02,-0.03%,1013
2025-09-02 8:25,67.89,67.93,67.86,67.92,0.02,0.03%,761
2025-09-02 8:30,67.93,67.95,67.64,67.75,-0.17,-0.25%,801
2025-09-02 8:35,67.75,67.78,67.68,67.73,-0.02,-0.03%,633
2025-09-02 8:40,67.73,67.74,67.61,67.73,0,0.00%,608
2025-09-02 8:45,67.73,67.84,67.73,67.82,0.09,0.13%,686
2025-09-02 8:50,67.83,67.94,67.82,67.9,0.08,0.12%,1025
2025-09-02 8:55,67.92,67.93,67.84,67.9,0,0.00%,466
2025-09-02 9:00,67.89,67.96,67.83,67.92,0.02,0.03%,1045
2025-09-02 9:05,67.92,67.99,67.89,67.95,0.03,0.04%,810
2025-09-02 9:10,67.96,68.04,67.86,67.91,-0.04,-0.06%,1274
2025-09-02 9:15,67.92,68,67.88,67.99,0.08,0.12%,740
2025-09-02 9:20,67.99,68.03,67.92,67.95,-0.04,-0.06%,452
2025-09-02 9:25,67.95,67.95,67.81,67.83,-0.12,-0.18%,850
2025-09-02 9:30,67.82,67.83,67.71,67.76,-0.07,-0.10%,515
2025-09-02 9:35,67.76,67.87,67.74,67.78,0.02,0.03%,468
2025-09-02 9:40,67.79,67.89,67.78,67.86,0.08,0.12%,489
2025-09-02 9:45,67.87,68.05,67.87,68.04,0.18,0.27%,678
2025-09-02 9:50,68.04,68.15,68.04,68.09,0.05,0.07%,1229
2025-09-02 9:55,68.09,68.25,68.09,68.17,0.08,0.12%,1059
2025-09-02 10:00,68.17,68.34,68.12,68.31,0.14,0.21%,1042
2025-09-02 10:05,68.32,68.36,68.22,68.24,-0.07,-0.10%,1826
2025-09-02 10:10,68.25,68.3,68.25,68.27,0.03,0.04%,570
2025-09-02 10:15,68.27,68.28,68.17,68.2,-0.07,-0.10%,1128
2025-09-02 10:20,68.21,68.34,68.21,68.32,0.12,0.18%,483
2025-09-02 10:25,68.31,68.34,68.23,68.27,-0.05,-0.07%,1598
2025-09-02 10:30,68.28,68.38,68.25,68.33,0.06,0.09%,903
2025-09-02 10:35,68.32,68.44,68.32,68.44,0.11,0.16%,391
2025-09-02 10:40,68.44,68.53,68.44,68.48,0.04,0.06%,1071
2025-09-02 10:45,68.48,68.49,68.37,68.38,-0.1,-0.15%,454
2025-09-02 10:50,68.39,68.43,68.36,68.41,0.03,0.04%,572
2025-09-02 10:55,68.42,68.44,68.38,68.42,0.01,0.01%,395
2025-09-02 11:00,68.41,68.47,68.39,68.45,0.03,0.04%,354
2025-09-02 11:05,68.45,68.5,68.39,68.5,0.05,0.07%,496
2025-09-02 11:10,68.49,68.61,68.48,68.61,0.11,0.16%,636
2025-09-02 11:15,68.61,68.62,68.54,68.56,-0.05,-0.07%,391
2025-09-02 11:20,68.57,68.59,68.54,68.55,-0.01,-0.01%,127
2025-09-02 11:25,68.54,68.57,68.53,68.56,0.01,0.01%,191
2025-09-02 11:30,68.57,68.59,68.53,68.59,0.03,0.04%,124
2025-09-02 11:35,68.59,68.6,68.56,68.58,-0.01,-0.01%,85
2025-09-02 11:40,68.59,68.63,68.59,68.62,0.04,0.06%,273
2025-09-02 11:45,68.62,68.62,68.57,68.57,-0.05,-0.07%,203
2025-09-02 11:50,68.58,68.72,68.57,68.7,0.13,0.19%,1077
2025-09-02 11:55,68.71,68.71,68.63,68.65,-0.05,-0.07%,230
2025-09-02 12:00,68.64,68.67,68.64,68.66,0.01,0.01%,97
2025-09-02 12:05,68.66,68.66,68.49,68.51,-0.15,-0.22%,885
2025-09-02 12:10,68.51,68.59,68.5,68.58,0.07,0.10%,110
2025-09-02 12:15,68.56,68.63,68.56,68.62,0.04,0.06%,89
2025-09-02 12:20,68.62,68.64,68.58,68.63,0.01,0.01%,142
2025-09-02 12:25,68.61,68.68,68.59,68.67,0.04,0.06%,1348
2025-09-02 12:30,68.67,68.71,68.62,68.7,0.03,0.04%,386
2025-09-02 12:35,68.7,68.71,68.65,68.66,-0.04,-0.06%,230
2025-09-02 12:40,68.67,68.7,68.63,68.7,0.04,0.06%,143
2025-09-02 12:45,68.69,68.7,68.66,68.68,-0.02,-0.03%,176
2025-09-02 12:50,68.69,68.73,68.68,68.7,0.02,0.03%,131
2025-09-02 12:55,68.71,68.71,68.56,68.59,-0.11,-0.16%,767
2025-09-02 13:00,68.59,68.69,68.51,68.68,0.09,0.13%,438
2025-09-02 13:05,68.68,68.69,68.62,68.66,-0.02,-0.03%,281
2025-09-02 13:10,68.68,68.68,68.58,68.6,-0.06,-0.09%,356
2025-09-02 13:15,68.61,68.63,68.58,68.61,0.01,0.01%,188
2025-09-02 13:20,68.6,68.63,68.57,68.59,-0.02,-0.03%,284
2025-09-02 13:25,68.6,68.65,68.5,68.6,0.01,0.01%,1197
2025-09-02 13:30,68.6,68.61,68.49,68.57,-0.03,-0.04%,498
2025-09-02 13:35,68.56,68.57,68.51,68.55,-0.02,-0.03%,226
2025-09-02 13:40,68.56,68.56,68.53,68.53,-0.02,-0.03%,54
2025-09-02 13:45,68.54,68.54,68.49,68.52,-0.01,-0.01%,82
2025-09-02 13:50,68.51,68.55,68.51,68.54,0.02,0.03%,46
2025-09-02 13:55,68.54,68.55,68.53,68.54,0,0.00%,25
2025-09-02 14:00,68.53,68.55,68.52,68.52,-0.02,-0.03%,58
2025-09-02 14:05,68.54,68.62,68.54,68.61,0.09,0.13%,57
2025-09-02 14:10,68.62,68.65,68.61,68.62,0.01,0.01%,215
2025-09-02 14:15,68.62,68.65,68.61,68.64,0.02,0.03%,190
2025-09-02 14:20,68.63,68.63,68.61,68.62,-0.02,-0.03%,148
2025-09-02 14:25,68.62,68.63,68.6,68.61,-0.01,-0.01%,22
2025-09-02 14:30,68.6,68.62,68.58,68.58,-0.03,-0.04%,28
2025-09-02 14:35,68.58,68.59,68.58,68.59,0.01,0.01%,14
2025-09-02 14:40,68.58,68.59,68.58,68.59,0,0.00%,6
2025-09-02 14:45,68.6,68.6,68.6,68.6,0.01,0.01%,5
2025-09-02 14:50,68.59,68.59,68.57,68.57,-0.03,-0.04%,13
2025-09-02 14:55,68.58,68.6,68.57,68.58,0.01,0.01%,67
2025-09-02 15:00,68.58,68.63,68.58,68.61,0.03,0.04%,57
2025-09-02 15:05,68.6,68.62,68.6,68.61,0,0.00%,67
2025-09-02 15:10,68.61,68.62,68.58,68.59,-0.02,-0.03%,265
2025-09-02 15:15,68.57,68.57,68.52,68.52,-0.07,-0.10%,44
2025-09-02 15:20,68.51,68.53,68.5,68.5,-0.02,-0.03%,53
2025-09-02 15:25,68.5,68.53,68.5,68.52,0.02,0.03%,73
2025-09-02 15:30,68.53,68.55,68.52,68.53,0.01,0.01%,45
2025-09-02 15:35,68.52,68.52,68.48,68.49,-0.04,-0.06%,41
2025-09-02 15:40,68.48,68.49,68.47,68.49,0,0.00%,57
2025-09-02 15:45,68.5,68.53,68.5,68.51,0.02,0.03%,20
2025-09-02 15:50,68.52,68.55,68.52,68.54,0.03,0.04%,45
2025-09-02 15:55,68.55,68.57,68.55,68.55,0.01,0.01%,34
2025-09-02 16:05,68.54,68.54,68.54,68.54,-0.01,-0.01%,1
2025-09-02 16:10,68.56,68.57,68.56,68.57,0.03,0.04%,14
2025-09-02 16:15,68.58,68.58,68.58,68.58,0.01,0.01%,4
2025-09-02 16:25,68.58,68.59,68.58,68.59,0.01,0.01%,17
2025-09-02 16:30,68.59,68.61,68.59,68.61,0.02,0.03%,18
2025-09-02 16:50,68.61,68.61,68.61,68.61,0,0.00%,1
2025-09-02 19:00,68.55,68.58,68.54,68.55,-0.06,-0.09%,131
2025-09-02 19:05,68.55,68.57,68.5,68.51,-0.04,-0.06%,142
2025-09-02 19:10,68.5,68.53,68.5,68.53,0.02,0.03%,34
2025-09-02 19:15,68.53,68.58,68.52,68.57,0.04,0.06%,46
2025-09-02 19:20,68.56,68.57,68.54,68.57,0,0.00%,11
2025-09-02 19:25,68.58,68.58,68.57,68.57,0,0.00%,4
2025-09-02 19:30,68.58,68.58,68.57,68.57,0,0.00%,3
2025-09-02 19:35,68.59,68.62,68.59,68.59,0.02,0.03%,66
2025-09-02 19:40,68.58,68.59,68.58,68.59,0,0.00%,8
2025-09-02 19:50,68.59,68.61,68.59,68.6,0.01,0.01%,44
2025-09-02 19:55,68.59,68.59,68.59,68.59,-0.01,-0.01%,3
2025-09-02 20:00,68.59,68.62,68.56,68.6,0.01,0.01%,80
2025-09-02 20:05,68.6,68.6,68.57,68.57,-0.03,-0.04%,67
2025-09-02 20:10,68.56,68.62,68.56,68.59,0.02,0.03%,105
2025-09-02 20:15,68.6,68.6,68.54,68.57,-0.02,-0.03%,117
2025-09-02 20:20,68.58,68.6,68.56,68.58,0.01,0.01%,243
2025-09-02 20:25,68.58,68.65,68.58,68.64,0.06,0.09%,76
2025-09-02 20:30,68.65,68.68,68.64,68.64,0,0.00%,94
2025-09-02 20:35,68.65,68.65,68.58,68.59,-0.05,-0.07%,50
2025-09-02 20:40,68.58,68.59,68.56,68.56,-0.03,-0.04%,54
2025-09-02 20:45,68.56,68.57,68.56,68.56,0,0.00%,52
2025-09-02 20:50,68.55,68.56,68.54,68.56,0,0.00%,23
2025-09-02 20:55,68.56,68.56,68.52,68.53,-0.03,-0.04%,21
2025-09-02 21:00,68.51,68.52,68.5,68.52,-0.01,-0.01%,56
2025-09-02 21:05,68.51,68.54,68.51,68.53,0.01,0.01%,38
2025-09-02 21:10,68.53,68.53,68.51,68.52,-0.01,-0.01%,33
2025-09-02 21:15,68.53,68.55,68.53,68.54,0.02,0.03%,23
2025-09-02 21:20,68.54,68.56,68.54,68.56,0.02,0.03%,4
2025-09-02 21:25,68.55,68.56,68.55,68.55,-0.01,-0.01%,33
2025-09-02 21:30,68.54,68.54,68.47,68.49,-0.06,-0.09%,157
2025-09-02 21:35,68.49,68.52,68.48,68.51,0.02,0.03%,39
2025-09-02 21:40,68.51,68.51,68.48,68.48,-0.03,-0.04%,14
2025-09-02 21:45,68.49,68.52,68.49,68.51,0.03,0.04%,16
2025-09-02 21:50,68.51,68.51,68.48,68.48,-0.03,-0.04%,45
2025-09-02 21:55,68.48,68.5,68.48,68.48,0,0.00%,75
2025-09-02 22:00,68.49,68.5,68.44,68.45,-0.03,-0.04%,84
2025-09-02 22:05,68.45,68.47,68.44,68.45,0,0.00%,74
2025-09-02 22:10,68.45,68.45,68.44,68.44,-0.01,-0.01%,8
2025-09-02 22:15,68.45,68.46,68.43,68.44,0,0.00%,59
2025-09-02 22:20,68.45,68.45,68.43,68.43,-0.01,-0.01%,27
2025-09-02 22:25,68.43,68.43,68.39,68.4,-0.03,-0.04%,82
2025-09-02 22:30,68.39,68.42,68.38,68.4,0,0.00%,64
2025-09-02 22:35,68.38,68.39,68.35,68.35,-0.05,-0.07%,63
2025-09-02 22:40,68.34,68.38,68.34,68.37,0.02,0.03%,110
2025-09-02 22:45,68.39,68.4,68.38,68.39,0.02,0.03%,28
2025-09-02 22:50,68.38,68.39,68.37,68.39,0,0.00%,24
2025-09-02 22:55,68.39,68.4,68.37,68.38,-0.01,-0.01%,9
2025-09-02 23:00,68.38,68.41,68.38,68.39,0.01,0.01%,94
2025-09-02 23:05,68.38,68.38,68.38,68.38,-0.01,-0.01%,9
2025-09-02 23:10,68.38,68.38,68.37,68.37,-0.01,-0.01%,10
2025-09-02 23:15,68.36,68.37,68.36,68.37,0,0.00%,7
2025-09-02 23:20,68.39,68.39,68.39,68.39,0.02,0.03%,1
2025-09-02 23:25,68.39,68.42,68.39,68.4,0.01,0.01%,76
2025-09-02 23:30,68.41,68.43,68.4,68.4,0,0.00%,20
2025-09-02 23:35,68.4,68.4,68.4,68.4,0,0.00%,7
2025-09-02 23:40,68.4,68.41,68.39,68.39,-0.01,-0.01%,15
2025-09-02 23:45,68.4,68.45,68.4,68.42,0.03,0.04%,156
2025-09-02 23:50,68.4,68.42,68.4,68.42,0,0.00%,14
2025-09-02 23:55,68.43,68.43,68.41,68.41,-0.01,-0.01%,11
2025-09-03 0:00,68.4,68.42,68.39,68.42,0.01,0.01%,36
2025-09-03 0:05,68.42,68.42,68.42,68.42,0,0.00%,1
2025-09-03 0:10,68.42,68.42,68.41,68.42,0,0.00%,17
2025-09-03 0:15,68.44,68.44,68.43,68.43,0.01,0.01%,14
2025-09-03 0:20,68.43,68.45,68.43,68.43,0,0.00%,32
2025-09-03 0:25,68.44,68.46,68.44,68.44,0.01,0.01%,15
2025-09-03 0:30,68.44,68.46,68.41,68.42,-0.02,-0.03%,253
2025-09-03 0:35,68.43,68.44,68.42,68.42,0,0.00%,56
2025-09-03 0:40,68.42,68.42,68.36,68.38,-0.04,-0.06%,235
2025-09-03 0:45,68.38,68.38,68.32,68.34,-0.04,-0.06%,335
2025-09-03 0:50,68.34,68.38,68.33,68.38,0.04,0.06%,281
2025-09-03 0:55,68.37,68.39,68.35,68.36,-0.02,-0.03%,103
2025-09-03 1:00,68.36,68.42,68.32,68.42,0.06,0.09%,336
2025-09-03 1:05,68.42,68.45,68.36,68.41,-0.01,-0.01%,86
2025-09-03 1:10,68.4,68.41,68.39,68.39,-0.02,-0.03%,26
2025-09-03 1:15,68.37,68.38,68.34,68.35,-0.04,-0.06%,175
2025-09-03 1:20,68.34,68.37,68.33,68.36,0.01,0.01%,91
2025-09-03 1:25,68.35,68.37,68.33,68.37,0.01,0.01%,158
2025-09-03 1:30,68.35,68.39,68.35,68.38,0.01,0.01%,60
2025-09-03 1:35,68.36,68.39,68.34,68.34,-0.04,-0.06%,137
2025-09-03 1:40,68.36,68.45,68.36,68.44,0.1,0.15%,346
2025-09-03 1:45,68.44,68.47,68.35,68.39,-0.05,-0.07%,243
2025-09-03 1:50,68.38,68.41,68.37,68.39,0,0.00%,61
2025-09-03 1:55,68.39,68.41,68.36,68.4,0.01,0.01%,157
2025-09-03 2:00,68.41,68.45,68.37,68.41,0.01,0.01%,392
2025-09-03 2:05,68.41,68.45,68.29,68.33,-0.08,-0.12%,483
2025-09-03 2:10,68.34,68.39,68.34,68.37,0.04,0.06%,170
2025-09-03 2:15,68.35,68.37,68.33,68.35,-0.02,-0.03%,173
2025-09-03 2:20,68.34,68.37,68.32,68.33,-0.02,-0.03%,470
2025-09-03 2:25,68.34,68.34,68.28,68.31,-0.02,-0.03%,166
2025-09-03 2:30,68.31,68.34,68.29,68.3,-0.01,-0.01%,179
2025-09-03 2:35,68.31,68.37,68.27,68.27,-0.03,-0.04%,313
2025-09-03 2:40,68.27,68.33,68.27,68.29,0.02,0.03%,138
2025-09-03 2:45,68.29,68.33,68.29,68.31,0.02,0.03%,531
2025-09-03 2:50,68.31,68.33,68.27,68.31,0,0.00%,368
2025-09-03 2:55,68.31,68.36,68.3,68.36,0.05,0.07%,145
2025-09-03 3:00,68.35,68.36,68.24,68.24,-0.12,-0.18%,477
2025-09-03 3:05,68.25,68.33,68.25,68.33,0.09,0.13%,141
2025-09-03 3:10,68.33,68.4,68.33,68.39,0.06,0.09%,324
2025-09-03 3:15,68.38,68.39,68.32,68.38,-0.01,-0.01%,326
2025-09-03 3:20,68.38,68.47,68.38,68.46,0.08,0.12%,620
2025-09-03 3:25,68.47,68.51,68.4,68.41,-0.05,-0.07%,875
2025-09-03 3:30,68.42,68.47,68.41,68.44,0.03,0.04%,993
2025-09-03 3:35,68.45,68.47,68.4,68.47,0.03,0.04%,363
2025-09-03 3:40,68.47,68.59,68.46,68.56,0.09,0.13%,647
2025-09-03 3:45,68.56,68.57,68.45,68.47,-0.09,-0.13%,439
2025-09-03 3:50,68.47,68.56,68.47,68.48,0.01,0.01%,310
2025-09-03 3:55,68.47,68.47,68.42,68.46,-0.02,-0.03%,387
2025-09-03 4:00,68.45,68.45,68.35,68.38,-0.08,-0.12%,468
2025-09-03 4:05,68.39,68.41,68.3,68.41,0.03,0.04%,419
2025-09-03 4:10,68.4,68.4,68.25,68.29,-0.12,-0.18%,867
2025-09-03 4:15,68.29,68.41,68.26,68.36,0.07,0.10%,486
2025-09-03 4:20,68.34,68.38,68.32,68.35,-0.01,-0.01%,266
2025-09-03 4:25,68.34,68.38,68.31,68.31,-0.04,-0.06%,273
2025-09-03 4:30,68.31,68.31,67.46,67.7,-0.61,-0.89%,5358
2025-09-03 4:35,67.71,67.95,67.69,67.79,0.09,0.13%,2308
2025-09-03 4:40,67.79,67.8,67.66,67.74,-0.05,-0.07%,1320
2025-09-03 4:45,67.73,67.77,67.6,67.63,-0.11,-0.16%,1644
2025-09-03 4:50,67.63,67.68,67.56,67.6,-0.03,-0.04%,701
2025-09-03 4:55,67.6,67.64,67.56,67.59,-0.01,-0.01%,597
2025-09-03 5:00,67.61,67.67,67.39,67.42,-0.17,-0.25%,1667
2025-09-03 5:05,67.43,67.45,67.36,67.42,0,0.00%,949
2025-09-03 5:10,67.42,67.62,67.39,67.53,0.11,0.16%,1803
2025-09-03 5:15,67.53,67.57,67.48,67.5,-0.03,-0.04%,414
2025-09-03 5:20,67.49,67.61,67.45,67.6,0.1,0.15%,763
2025-09-03 5:25,67.6,67.6,67.51,67.52,-0.08,-0.12%,502
2025-09-03 5:30,67.52,67.55,67.46,67.47,-0.05,-0.07%,259
2025-09-03 5:35,67.46,67.54,67.46,67.49,0.02,0.03%,658
2025-09-03 5:40,67.49,67.51,67.43,67.48,-0.01,-0.01%,345
2025-09-03 5:45,67.48,67.5,67.39,67.4,-0.08,-0.12%,326
2025-09-03 5:50,67.41,67.42,67.28,67.29,-0.11,-0.16%,577
2025-09-03 5:55,67.29,67.41,67.28,67.37,0.08,0.12%,690
2025-09-03 6:00,67.38,67.43,67.38,67.41,0.04,0.06%,320
2025-09-03 6:05,67.41,67.54,67.39,67.53,0.12,0.18%,757
2025-09-03 6:10,67.52,67.59,67.41,67.41,-0.12,-0.18%,469
2025-09-03 6:15,67.42,67.49,67.38,67.42,0.01,0.01%,287
2025-09-03 6:20,67.42,67.53,67.4,67.5,0.08,0.12%,527
2025-09-03 6:25,67.5,67.56,67.48,67.52,0.02,0.03%,368
2025-09-03 6:30,67.51,67.57,67.51,67.51,-0.01,-0.01%,275
2025-09-03 6:35,67.5,67.58,67.49,67.56,0.05,0.07%,223
2025-09-03 6:40,67.56,67.61,67.49,67.52,-0.04,-0.06%,238
2025-09-03 6:45,67.51,67.51,67.42,67.45,-0.07,-0.10%,447
2025-09-03 6:50,67.45,67.47,67.45,67.47,0.02,0.03%,86
2025-09-03 6:55,67.48,67.49,67.45,67.45,-0.02,-0.03%,72
2025-09-03 7:00,67.44,67.47,67.36,67.43,-0.02,-0.03%,199
2025-09-03 7:05,67.42,67.49,67.42,67.47,0.04,0.06%,222
2025-09-03 7:10,67.47,67.47,67.37,67.38,-0.09,-0.13%,261
2025-09-03 7:15,67.38,67.38,67.28,67.28,-0.1,-0.15%,672
2025-09-03 7:20,67.29,67.38,67.29,67.34,0.06,0.09%,363
2025-09-03 7:25,67.34,67.36,67.32,67.32,-0.02,-0.03%,462
2025-09-03 7:30,67.31,67.42,67.3,67.42,0.1,0.15%,428
2025-09-03 7:35,67.42,67.44,67.39,67.43,0.01,0.01%,280
2025-09-03 7:40,67.43,67.5,67.39,67.48,0.05,0.07%,474
2025-09-03 7:45,67.48,67.58,67.47,67.55,0.07,0.10%,513
2025-09-03 7:50,67.55,67.58,67.53,67.56,0.01,0.01%,535
2025-09-03 7:55,67.57,67.59,67.56,67.59,0.03,0.04%,200
2025-09-03 8:00,67.59,67.64,67.52,67.55,-0.04,-0.06%,2113
2025-09-03 8:05,67.55,67.62,67.47,67.56,0.01,0.01%,996
2025-09-03 8:10,67.56,67.61,67.5,67.51,-0.05,-0.07%,754
2025-09-03 8:15,67.5,67.62,67.45,67.59,0.08,0.12%,1465
2025-09-03 8:20,67.58,67.65,67.56,67.64,0.05,0.07%,525
2025-09-03 8:25,67.62,67.74,67.61,67.73,0.09,0.13%,861
2025-09-03 8:30,67.72,67.81,67.61,67.65,-0.08,-0.12%,1404
2025-09-03 8:35,67.65,67.69,67.62,67.68,0.03,0.04%,433
2025-09-03 8:40,67.68,67.75,67.55,67.57,-0.11,-0.16%,1462
2025-09-03 8:45,67.58,67.59,67.37,67.4,-0.17,-0.25%,1221
2025-09-03 8:50,67.41,67.45,67.33,67.4,0,0.00%,870
2025-09-03 8:55,67.4,67.44,67.34,67.39,-0.01,-0.01%,646
2025-09-03 9:00,67.38,67.38,67.08,67.16,-0.23,-0.34%,1970
2025-09-03 9:05,67.15,67.18,67.08,67.09,-0.07,-0.10%,952
2025-09-03 9:10,67.08,67.2,67.04,67.12,0.03,0.04%,1133
2025-09-03 9:15,67.12,67.25,67.12,67.17,0.05,0.07%,647
2025-09-03 9:20,67.15,67.25,67.15,67.17,0,0.00%,507
2025-09-03 9:25,67.17,67.27,67.12,67.13,-0.04,-0.06%,531
2025-09-03 9:30,67.13,67.21,67.1,67.15,0.02,0.03%,450
2025-09-03 9:35,67.16,67.18,67.09,67.16,0.01,0.01%,539
2025-09-03 9:40,67.15,67.2,67.11,67.2,0.04,0.06%,324
2025-09-03 9:45,67.19,67.27,67.17,67.18,-0.02,-0.03%,697
2025-09-03 9:50,67.17,67.25,67.13,67.21,0.03,0.04%,644
2025-09-03 9:55,67.19,67.24,67.15,67.16,-0.05,-0.07%,501
2025-09-03 10:00,67.16,67.21,67.11,67.15,-0.01,-0.01%,305
2025-09-03 10:05,67.15,67.21,67.13,67.17,0.02,0.03%,286
2025-09-03 10:10,67.17,67.18,67.12,67.15,-0.02,-0.03%,265
2025-09-03 10:15,67.14,67.17,67.11,67.13,-0.02,-0.03%,600
2025-09-03 10:20,67.13,67.13,67.01,67.03,-0.1,-0.15%,1068
2025-09-03 10:25,67.04,67.1,67.03,67.03,0,0.00%,958
2025-09-03 10:30,67.04,67.12,67.03,67.09,0.06,0.09%,1247
2025-09-03 10:35,67.09,67.18,67.07,67.11,0.02,0.03%,1041
2025-09-03 10:40,67.11,67.22,67.09,67.19,0.08,0.12%,536
2025-09-03 10:45,67.21,67.26,67.17,67.18,-0.01,-0.01%,611
2025-09-03 10:50,67.17,67.61,67.16,67.57,0.39,0.58%,3838
2025-09-03 10:55,67.58,67.91,67.58,67.82,0.25,0.37%,3128
2025-09-03 11:00,67.82,67.88,67.7,67.73,-0.09,-0.13%,1841
2025-09-03 11:05,67.74,67.75,67.45,67.46,-0.27,-0.40%,1405
2025-09-03 11:10,67.47,67.54,67.4,67.5,0.04,0.06%,1431
2025-09-03 11:15,67.5,67.53,67.38,67.38,-0.12,-0.18%,486
2025-09-03 11:20,67.39,67.4,67.28,67.37,-0.01,-0.01%,913
2025-09-03 11:25,67.37,67.44,67.35,67.37,0,0.00%,600
2025-09-03 11:30,67.38,67.4,67.35,67.38,0.01,0.01%,607
2025-09-03 11:35,67.38,67.43,67.32,67.41,0.03,0.04%,656
2025-09-03 11:40,67.41,67.41,67.33,67.39,-0.02,-0.03%,321
2025-09-03 11:45,67.38,67.38,67.23,67.25,-0.14,-0.21%,822
2025-09-03 11:50,67.25,67.29,67.18,67.23,-0.02,-0.03%,529
2025-09-03 11:55,67.24,67.25,67.2,67.21,-0.02,-0.03%,285
2025-09-03 12:00,67.2,67.24,67.13,67.19,-0.02,-0.03%,353
2025-09-03 12:05,67.2,67.22,67.16,67.2,0.01,0.01%,190
2025-09-03 12:10,67.2,67.21,67.17,67.21,0.01,0.01%,220
2025-09-03 12:15,67.2,67.25,67.18,67.25,0.04,0.06%,241
2025-09-03 12:20,67.25,67.25,67.16,67.17,-0.08,-0.12%,169
2025-09-03 12:25,67.17,67.19,67.12,67.12,-0.05,-0.07%,291
2025-09-03 12:30,67.13,67.16,67.11,67.13,0.01,0.01%,200
2025-09-03 12:35,67.14,67.18,67.13,67.18,0.05,0.07%,159
2025-09-03 12:40,67.17,67.19,67.1,67.11,-0.07,-0.10%,221
2025-09-03 12:45,67.1,67.11,66.98,67.04,-0.07,-0.10%,600
2025-09-03 12:50,67.04,67.04,66.99,67.03,-0.01,-0.01%,317
2025-09-03 12:55,67.03,67.09,67.01,67.03,0,0.00%,223
2025-09-03 13:00,67.04,67.14,67.04,67.13,0.1,0.15%,307
2025-09-03 13:05,67.13,67.13,67.06,67.06,-0.07,-0.10%,355
2025-09-03 13:10,67.05,67.11,67.05,67.05,-0.01,-0.01%,325
2025-09-03 13:15,67.07,67.1,67.07,67.08,0.03,0.04%,206
2025-09-03 13:20,67.08,67.12,67.06,67.12,0.04,0.06%,469
2025-09-03 13:25,67.12,67.19,67.09,67.19,0.07,0.10%,1652
2025-09-03 13:30,67.19,67.2,67.07,67.11,-0.08,-0.12%,428
2025-09-03 13:35,67.11,67.12,67.02,67.03,-0.08,-0.12%,165
2025-09-03 13:40,67.03,67.08,67.02,67.08,0.05,0.07%,120
2025-09-03 13:45,67.08,67.08,67.01,67.01,-0.07,-0.10%,73
2025-09-03 13:50,67.03,67.07,67.02,67.04,0.03,0.04%,83
2025-09-03 13:55,67.05,67.05,67.02,67.04,0,0.00%,54
2025-09-03 14:00,67.04,67.04,66.99,67.03,-0.01,-0.01%,179
2025-09-03 14:05,67.04,67.04,67.01,67.04,0.01,0.01%,108
2025-09-03 14:10,67.05,67.05,67.03,67.03,-0.01,-0.01%,22
2025-09-03 14:15,67.04,67.04,67.02,67.02,-0.01,-0.01%,58
2025-09-03 14:20,67.03,67.03,66.99,67,-0.02,-0.03%,27
2025-09-03 14:25,67,67,66.97,66.98,-0.02,-0.03%,48
2025-09-03 14:30,66.98,67,66.97,67,0.02,0.03%,25
2025-09-03 14:35,67,67.02,66.99,66.99,-0.01,-0.01%,92
2025-09-03 14:40,67,67.02,67,67.02,0.03,0.04%,91
2025-09-03 14:45,67.02,67.06,67.02,67.04,0.02,0.03%,35
2025-09-03 14:50,67.05,67.12,67.05,67.1,0.06,0.09%,106
2025-09-03 14:55,67.1,67.1,67.07,67.09,-0.01,-0.01%,49
2025-09-03 15:00,67.08,67.1,67.08,67.09,0,0.00%,24
2025-09-03 15:05,67.09,67.09,67.09,67.09,0,0.00%,23
2025-09-03 15:10,67.1,67.1,67.07,67.07,-0.02,-0.03%,20
2025-09-03 15:15,67.07,67.07,67.06,67.06,-0.01,-0.01%,10
2025-09-03 15:20,67.05,67.06,67.04,67.06,0,0.00%,16
2025-09-03 15:25,67.07,67.07,67.05,67.07,0.01,0.01%,7
2025-09-03 15:30,67.08,67.08,67,67.02,-0.05,-0.07%,38
2025-09-03 15:35,67.03,67.08,67.03,67.08,0.06,0.09%,39
2025-09-03 15:40,67.07,67.11,67.03,67.04,-0.04,-0.06%,149
2025-09-03 15:45,67.02,67.04,67.01,67.03,-0.01,-0.01%,46
2025-09-03 15:50,67.02,67.02,66.93,66.94,-0.09,-0.13%,223
2025-09-03 15:55,66.95,66.95,66.91,66.92,-0.02,-0.03%,37
2025-09-03 16:00,66.93,66.96,66.92,66.92,0,0.00%,16
2025-09-03 16:05,66.93,66.97,66.93,66.97,0.05,0.07%,13
2025-09-03 16:10,66.97,66.97,66.92,66.97,0,0.00%,12
2025-09-03 16:15,66.96,66.97,66.93,66.96,-0.01,-0.01%,25
2025-09-03 16:20,66.96,66.97,66.96,66.97,0.01,0.01%,11
2025-09-03 16:25,66.93,66.97,66.93,66.97,0,0.00%,13
2025-09-03 16:30,66.92,66.96,66.91,66.96,-0.01,-0.01%,42
2025-09-03 16:35,66.94,66.94,66.94,66.94,-0.02,-0.03%,1
2025-09-03 16:50,66.94,66.94,66.94,66.94,0,0.00%,2
2025-09-03 16:55,66.94,66.95,66.94,66.95,0.01,0.01%,4
2025-09-03 19:00,66.96,66.97,66.93,66.95,0,0.00%,237
2025-09-03 19:05,66.94,66.94,66.89,66.89,-0.06,-0.09%,74
2025-09-03 19:10,66.9,66.95,66.9,66.93,0.04,0.06%,58
2025-09-03 19:15,66.92,66.92,66.86,66.88,-0.05,-0.07%,220
2025-09-03 19:20,66.89,66.89,66.87,66.89,0.01,0.01%,12
2025-09-03 19:25,66.9,66.91,66.88,66.9,0.01,0.01%,21
2025-09-03 19:30,66.9,66.91,66.89,66.91,0.01,0.01%,55
2025-09-03 19:35,66.91,66.95,66.91,66.95,0.04,0.06%,15
2025-09-03 19:40,66.94,66.94,66.89,66.91,-0.04,-0.06%,61
2025-09-03 19:45,66.94,66.95,66.93,66.93,0.02,0.03%,74
2025-09-03 19:50,66.93,66.93,66.92,66.93,0,0.00%,19
2025-09-03 19:55,66.94,66.94,66.93,66.93,0,0.00%,12
2025-09-03 20:00,66.9,66.91,66.79,66.87,-0.06,-0.09%,625
2025-09-03 20:05,66.88,66.91,66.86,66.88,0.01,0.01%,66
2025-09-03 20:10,66.89,66.9,66.87,66.87,-0.01,-0.01%,9
2025-09-03 20:15,66.88,66.89,66.87,66.87,0,0.00%,20
2025-09-03 20:20,66.87,66.87,66.8,66.81,-0.06,-0.09%,65
2025-09-03 20:25,66.83,66.83,66.8,66.81,0,0.00%,52
2025-09-03 20:30,66.81,66.85,66.81,66.85,0.04,0.06%,36
2025-09-03 20:35,66.83,66.84,66.76,66.77,-0.08,-0.12%,101
2025-09-03 20:40,66.78,66.78,66.75,66.77,0,0.00%,205
2025-09-03 20:45,66.78,66.78,66.76,66.76,-0.01,-0.01%,12
2025-09-03 20:50,66.76,66.78,66.76,66.77,0.01,0.01%,37
2025-09-03 20:55,66.77,66.82,66.76,66.82,0.05,0.07%,123
2025-09-03 21:00,66.82,66.84,66.78,66.81,-0.01,-0.01%,77
2025-09-03 21:05,66.78,66.78,66.75,66.75,-0.06,-0.09%,21
2025-09-03 21:10,66.76,66.77,66.75,66.75,0,0.00%,63
2025-09-03 21:15,66.75,66.77,66.73,66.77,0.02,0.03%,85
2025-09-03 21:20,66.75,66.77,66.75,66.77,0,0.00%,6
2025-09-03 21:25,66.76,66.76,66.76,66.76,-0.01,-0.01%,4
2025-09-03 21:30,66.75,66.79,66.75,66.76,0,0.00%,92
2025-09-03 21:35,66.77,66.77,66.75,66.77,0.01,0.01%,98
2025-09-03 21:40,66.78,66.8,66.77,66.8,0.03,0.04%,42
2025-09-03 21:45,66.82,66.82,66.77,66.78,-0.02,-0.03%,112
2025-09-03 21:50,66.8,66.86,66.8,66.84,0.06,0.09%,84
2025-09-03 21:55,66.86,66.86,66.82,66.83,-0.01,-0.01%,45
2025-09-03 22:00,66.84,66.85,66.81,66.83,0,0.00%,128
2025-09-03 22:05,66.83,66.83,66.8,66.81,-0.02,-0.03%,139
2025-09-03 22:10,66.82,66.82,66.79,66.8,-0.01,-0.01%,100
2025-09-03 22:15,66.8,66.82,66.79,66.79,-0.01,-0.01%,111
2025-09-03 22:20,66.8,66.84,66.79,66.82,0.03,0.04%,40
2025-09-03 22:25,66.81,66.83,66.8,66.83,0.01,0.01%,75
2025-09-03 22:30,66.82,66.82,66.75,66.77,-0.06,-0.09%,454
2025-09-03 22:35,66.76,66.76,66.75,66.75,-0.02,-0.03%,22
2025-09-03 22:40,66.74,66.74,66.72,66.74,-0.01,-0.01%,27
2025-09-03 22:45,66.75,66.75,66.75,66.75,0.01,0.01%,2
2025-09-03 22:50,66.73,66.73,66.67,66.72,-0.03,-0.04%,146
2025-09-03 22:55,66.72,66.74,66.72,66.74,0.02,0.03%,60
2025-09-03 23:00,66.75,66.75,66.69,66.69,-0.05,-0.07%,103
2025-09-03 23:05,66.7,66.7,66.66,66.67,-0.02,-0.03%,17
2025-09-03 23:10,66.68,66.69,66.68,66.69,0.02,0.03%,9
2025-09-03 23:15,66.7,66.7,66.69,66.69,0,0.00%,34
2025-09-03 23:20,66.69,66.72,66.68,66.72,0.03,0.04%,25
2025-09-03 23:25,66.72,66.73,66.71,66.71,-0.01,-0.01%,27
2025-09-03 23:30,66.72,66.74,66.72,66.73,0.02,0.03%,51
2025-09-03 23:40,66.72,66.72,66.71,66.71,-0.02,-0.03%,8
2025-09-03 23:45,66.72,66.73,66.72,66.73,0.02,0.03%,4
2025-09-03 23:50,66.73,66.73,66.73,66.73,0,0.00%,2
2025-09-03 23:55,66.73,66.73,66.73,66.73,0,0.00%,1
2025-09-04 0:00,66.74,66.75,66.72,66.72,-0.01,-0.01%,42
2025-09-04 0:05,66.71,66.72,66.71,66.71,-0.01,-0.01%,5
2025-09-04 0:10,66.7,66.72,66.7,66.72,0.01,0.01%,15
2025-09-04 0:15,66.71,66.72,66.71,66.72,0,0.00%,4
2025-09-04 0:20,66.73,66.73,66.7,66.7,-0.02,-0.03%,28
2025-09-04 0:25,66.7,66.7,66.7,66.7,0,0.00%,5
2025-09-04 0:30,66.69,66.71,66.65,66.65,-0.05,-0.07%,81
2025-09-04 0:35,66.66,66.67,66.65,66.65,0,0.00%,38
2025-09-04 0:40,66.66,66.67,66.6,66.66,0.01,0.02%,222
2025-09-04 0:45,66.66,66.68,66.65,66.68,0.02,0.03%,141
2025-09-04 0:50,66.68,66.77,66.68,66.75,0.07,0.10%,349
2025-09-04 0:55,66.75,66.75,66.65,66.68,-0.07,-0.10%,262
2025-09-04 1:00,66.68,66.71,66.65,66.65,-0.03,-0.04%,185
2025-09-04 1:05,66.66,66.68,66.61,66.67,0.02,0.03%,283
2025-09-04 1:10,66.67,66.73,66.66,66.72,0.05,0.07%,240
2025-09-04 1:15,66.71,66.71,66.65,66.65,-0.07,-0.10%,289
2025-09-04 1:20,66.65,66.67,66.6,66.61,-0.04,-0.06%,131
2025-09-04 1:25,66.61,66.64,66.59,66.62,0.01,0.02%,251
2025-09-04 1:30,66.62,66.62,66.48,66.49,-0.13,-0.20%,835
2025-09-04 1:35,66.48,66.51,66.47,66.5,0.01,0.02%,209
2025-09-04 1:40,66.51,66.55,66.5,66.55,0.05,0.08%,543
2025-09-04 1:45,66.52,66.54,66.51,66.52,-0.03,-0.05%,88
2025-09-04 1:50,66.5,66.52,66.43,66.43,-0.09,-0.14%,378
2025-09-04 1:55,66.44,66.49,66.42,66.45,0.02,0.03%,1078
2025-09-04 2:00,66.44,66.46,66.29,66.32,-0.13,-0.20%,875
2025-09-04 2:05,66.32,66.36,66.26,66.36,0.04,0.06%,809
2025-09-04 2:10,66.37,66.49,66.36,66.49,0.13,0.20%,198
2025-09-04 2:15,66.49,66.52,66.46,66.5,0.01,0.02%,151
2025-09-04 2:20,66.5,66.55,66.49,66.5,0,0.00%,206
2025-09-04 2:25,66.5,66.57,66.44,66.45,-0.05,-0.08%,348
2025-09-04 2:30,66.46,66.47,66.4,66.41,-0.04,-0.06%,210
2025-09-04 2:35,66.41,66.5,66.4,66.5,0.09,0.14%,117
2025-09-04 2:40,66.49,66.54,66.48,66.54,0.04,0.06%,143
2025-09-04 2:45,66.53,66.53,66.44,66.44,-0.1,-0.15%,105
2025-09-04 2:50,66.44,66.44,66.33,66.33,-0.11,-0.17%,300
2025-09-04 2:55,66.34,66.36,66.31,66.36,0.03,0.05%,404
2025-09-04 3:00,66.35,66.42,66.34,66.37,0.01,0.02%,427
2025-09-04 3:05,66.36,66.45,66.32,66.45,0.08,0.12%,500
2025-09-04 3:10,66.45,66.49,66.43,66.43,-0.02,-0.03%,606
2025-09-04 3:15,66.43,66.68,66.42,66.68,0.25,0.38%,1540
2025-09-04 3:20,66.65,66.92,66.63,66.74,0.06,0.09%,3242
2025-09-04 3:25,66.74,66.74,66.52,66.62,-0.12,-0.18%,1424
2025-09-04 3:30,66.63,66.67,66.57,66.6,-0.02,-0.03%,1299
2025-09-04 3:35,66.6,66.65,66.57,66.6,0,0.00%,738
2025-09-04 3:40,66.59,66.64,66.55,66.55,-0.05,-0.08%,834
2025-09-04 3:45,66.55,66.6,66.55,66.6,0.05,0.08%,513
2025-09-04 3:50,66.6,66.64,66.59,66.6,0,0.00%,384
2025-09-04 3:55,66.61,66.65,66.57,66.59,-0.01,-0.02%,565
2025-09-04 4:00,66.58,66.64,66.48,66.52,-0.07,-0.11%,376
2025-09-04 4:05,66.51,66.51,66.43,66.47,-0.05,-0.08%,924
2025-09-04 4:10,66.46,66.5,66.46,66.48,0.01,0.02%,226
2025-09-04 4:15,66.47,66.47,66.39,66.42,-0.06,-0.09%,357
2025-09-04 4:20,66.44,66.44,66.41,66.44,0.02,0.03%,92
2025-09-04 4:25,66.45,66.55,66.45,66.51,0.07,0.11%,216
2025-09-04 4:30,66.52,66.52,66.4,66.45,-0.06,-0.09%,102
2025-09-04 4:35,66.46,66.48,66.43,66.47,0.02,0.03%,102
2025-09-04 4:40,66.47,66.52,66.45,66.48,0.01,0.02%,198
2025-09-04 4:45,66.49,66.5,66.45,66.47,-0.01,-0.02%,229
2025-09-04 4:50,66.46,66.53,66.44,66.53,0.06,0.09%,154
2025-09-04 4:55,66.53,66.53,66.42,66.44,-0.09,-0.14%,346
2025-09-04 5:00,66.46,66.55,66.41,66.43,-0.01,-0.02%,998
2025-09-04 5:05,66.43,66.45,66.42,66.43,0,0.00%,215
2025-09-04 5:10,66.44,66.48,66.42,66.44,0.01,0.02%,313
2025-09-04 5:15,66.44,66.44,66.34,66.36,-0.08,-0.12%,430
2025-09-04 5:20,66.36,66.41,66.36,66.37,0.01,0.02%,267
2025-09-04 5:25,66.37,66.39,66.36,66.37,0,0.00%,183
2025-09-04 5:30,66.38,66.39,66.28,66.28,-0.09,-0.14%,535
2025-09-04 5:35,66.27,66.27,66.13,66.21,-0.07,-0.11%,1242
2025-09-04 5:40,66.21,66.23,66.15,66.18,-0.03,-0.05%,226
2025-09-04 5:45,66.2,66.24,66.18,66.23,0.05,0.08%,287
2025-09-04 5:50,66.25,66.25,66.17,66.23,0,0.00%,828
2025-09-04 5:55,66.23,66.23,66.16,66.17,-0.06,-0.09%,154
2025-09-04 6:00,66.18,66.2,66.15,66.2,0.03,0.05%,161
2025-09-04 6:05,66.19,66.3,66.16,66.28,0.08,0.12%,192
2025-09-04 6:10,66.25,66.41,66.24,66.39,0.11,0.17%,637
2025-09-04 6:15,66.39,66.42,66.37,66.37,-0.02,-0.03%,397
2025-09-04 6:20,66.37,66.47,66.37,66.46,0.09,0.14%,376
2025-09-04 6:25,66.47,66.48,66.45,66.48,0.02,0.03%,212
2025-09-04 6:30,66.49,66.59,66.49,66.57,0.09,0.14%,638
2025-09-04 6:35,66.56,66.59,66.53,66.59,0.02,0.03%,246
2025-09-04 6:40,66.59,66.61,66.52,66.53,-0.06,-0.09%,539
2025-09-04 6:45,66.54,66.54,66.45,66.46,-0.07,-0.11%,411
2025-09-04 6:50,66.46,66.48,66.46,66.48,0.02,0.03%,159
2025-09-04 6:55,66.49,66.53,66.49,66.52,0.04,0.06%,112
2025-09-04 7:00,66.52,66.52,66.45,66.5,-0.02,-0.03%,1022
2025-09-04 7:05,66.5,66.56,66.47,66.51,0.01,0.02%,558
2025-09-04 7:10,66.51,66.52,66.45,66.45,-0.06,-0.09%,298
2025-09-04 7:15,66.47,66.47,66.39,66.44,-0.01,-0.02%,315
2025-09-04 7:20,66.43,66.5,66.41,66.48,0.04,0.06%,452
2025-09-04 7:25,66.49,66.49,66.46,66.47,-0.01,-0.02%,450
2025-09-04 7:30,66.47,66.48,66.41,66.41,-0.06,-0.09%,430
2025-09-04 7:35,66.42,66.42,66.31,66.37,-0.04,-0.06%,400
2025-09-04 7:40,66.37,66.37,66.31,66.36,-0.01,-0.02%,267
2025-09-04 7:45,66.36,66.36,66.3,66.31,-0.05,-0.08%,348
2025-09-04 7:50,66.31,66.37,66.29,66.32,0.01,0.02%,255
2025-09-04 7:55,66.33,66.38,66.3,66.34,0.02,0.03%,661
2025-09-04 8:00,66.35,66.43,66.2,66.24,-0.1,-0.15%,866
2025-09-04 8:05,66.24,66.27,66.11,66.12,-0.12,-0.18%,1275
2025-09-04 8:10,66.12,66.16,65.9,66.16,0.04,0.06%,2438
2025-09-04 8:15,66.16,66.29,66.12,66.18,0.02,0.03%,1694
2025-09-04 8:20,66.19,66.27,66.18,66.22,0.04,0.06%,811
2025-09-04 8:25,66.21,66.29,66.21,66.24,0.02,0.03%,1005
2025-09-04 8:30,66.24,66.33,66.23,66.31,0.07,0.11%,963
2025-09-04 8:35,66.26,66.41,66.26,66.4,0.09,0.14%,741
2025-09-04 8:40,66.42,66.43,66.28,66.33,-0.07,-0.11%,461
2025-09-04 8:45,66.32,66.33,66.22,66.27,-0.06,-0.09%,540
2025-09-04 8:50,66.26,66.29,66.22,66.24,-0.03,-0.05%,330
2025-09-04 8:55,66.24,66.28,66.18,66.22,-0.02,-0.03%,299
2025-09-04 9:00,66.23,66.29,66.1,66.13,-0.09,-0.14%,752
2025-09-04 9:05,66.13,66.4,66.1,66.21,0.08,0.12%,1427
2025-09-04 9:10,66.2,66.23,66.12,66.17,-0.04,-0.06%,619
2025-09-04 9:15,66.16,66.27,66.14,66.19,0.02,0.03%,320
2025-09-04 9:20,66.19,66.35,66.19,66.29,0.1,0.15%,761
2025-09-04 9:25,66.28,66.49,66.27,66.41,0.12,0.18%,1704
2025-09-04 9:30,66.42,66.45,66.32,66.39,-0.02,-0.03%,493
2025-09-04 9:35,66.4,66.46,66.34,66.44,0.05,0.08%,523
2025-09-04 9:40,66.44,66.45,66.3,66.44,0,0.00%,847
2025-09-04 9:45,66.45,66.51,66.43,66.5,0.06,0.09%,815
2025-09-04 9:50,66.51,66.53,66.47,66.51,0.01,0.02%,371
2025-09-04 9:55,66.52,66.63,66.52,66.59,0.08,0.12%,856
2025-09-04 10:00,66.58,66.6,66.54,66.56,-0.03,-0.05%,867
2025-09-04 10:05,66.55,66.62,66.53,66.58,0.02,0.03%,568
2025-09-04 10:10,66.59,66.65,66.56,66.6,0.02,0.03%,644
2025-09-04 10:15,66.6,66.63,66.56,66.62,0.02,0.03%,1922
2025-09-04 10:20,66.62,66.62,66.55,66.61,-0.01,-0.02%,267
2025-09-04 10:25,66.62,66.65,66.58,66.6,-0.01,-0.02%,1154
2025-09-04 10:30,66.6,66.72,66.57,66.69,0.09,0.14%,2556
2025-09-04 10:35,66.67,66.68,66.61,66.62,-0.07,-0.10%,569
2025-09-04 10:40,66.63,66.66,66.52,66.53,-0.09,-0.14%,782
2025-09-04 10:45,66.52,66.57,66.48,66.54,0.01,0.02%,421
2025-09-04 10:50,66.53,66.55,66.51,66.55,0.01,0.02%,418
2025-09-04 10:55,66.55,66.57,66.52,66.53,-0.02,-0.03%,262
2025-09-04 11:00,66.53,66.6,66.4,66.51,-0.02,-0.03%,1255
2025-09-04 11:05,66.51,66.66,66.46,66.65,0.14,0.21%,1008
2025-09-04 11:10,66.67,66.68,66.57,66.6,-0.05,-0.08%,389
2025-09-04 11:15,66.6,66.6,66.5,66.58,-0.02,-0.03%,273
2025-09-04 11:20,66.57,66.7,66.55,66.67,0.09,0.14%,577
2025-09-04 11:25,66.66,66.71,66.65,66.66,-0.01,-0.01%,406
2025-09-04 11:30,66.67,66.68,66.65,66.67,0.01,0.02%,294
2025-09-04 11:35,66.68,66.7,66.66,66.67,0,0.00%,896
2025-09-04 11:40,66.67,66.69,66.66,66.69,0.02,0.03%,201
2025-09-04 11:45,66.68,66.71,66.66,66.71,0.02,0.03%,400
2025-09-04 11:50,66.7,66.71,66.62,66.67,-0.04,-0.06%,213
2025-09-04 11:55,66.67,66.68,66.64,66.65,-0.02,-0.03%,116
2025-09-04 12:00,66.65,66.68,66.63,66.68,0.03,0.05%,238
2025-09-04 12:05,66.68,66.71,66.65,66.69,0.01,0.01%,489
2025-09-04 12:10,66.7,66.7,66.62,66.67,-0.02,-0.03%,515
2025-09-04 12:15,66.69,66.69,66.64,66.67,0,0.00%,209
2025-09-04 12:20,66.68,66.68,66.61,66.67,0,0.00%,416
2025-09-04 12:25,66.67,66.67,66.48,66.57,-0.1,-0.15%,960
2025-09-04 12:30,66.56,66.56,66.49,66.51,-0.06,-0.09%,769
2025-09-04 12:35,66.52,66.52,66.5,66.52,0.01,0.02%,204
2025-09-04 12:40,66.53,66.57,66.53,66.53,0.01,0.02%,139
2025-09-04 12:45,66.57,66.64,66.56,66.56,0.03,0.05%,179
2025-09-04 12:50,66.56,66.61,66.55,66.59,0.03,0.05%,192
2025-09-04 12:55,66.59,66.61,66.58,66.6,0.01,0.02%,140
2025-09-04 13:00,66.6,66.65,66.58,66.63,0.03,0.05%,146
2025-09-04 13:05,66.63,66.63,66.56,66.6,-0.03,-0.05%,363
2025-09-04 13:10,66.6,66.61,66.53,66.54,-0.06,-0.09%,237
2025-09-04 13:15,66.55,66.57,66.52,66.56,0.02,0.03%,276
2025-09-04 13:20,66.56,66.57,66.42,66.46,-0.1,-0.15%,451
2025-09-04 13:25,66.46,66.6,66.45,66.51,0.05,0.08%,1268
2025-09-04 13:30,66.52,66.52,66.46,66.47,-0.04,-0.06%,434
2025-09-04 13:35,66.48,66.48,66.44,66.46,-0.01,-0.02%,151
2025-09-04 13:40,66.47,66.48,66.45,66.47,0.01,0.02%,74
2025-09-04 13:45,66.48,66.5,66.45,66.48,0.01,0.02%,62
2025-09-04 13:50,66.48,66.48,66.43,66.45,-0.03,-0.05%,50
2025-09-04 13:55,66.45,66.47,66.43,66.46,0.01,0.02%,39
2025-09-04 14:00,66.46,66.46,66.38,66.4,-0.06,-0.09%,63
2025-09-04 14:05,66.39,66.43,66.39,66.42,0.02,0.03%,49
2025-09-04 14:10,66.42,66.42,66.38,66.38,-0.04,-0.06%,52
2025-09-04 14:15,66.39,66.41,66.38,66.39,0.01,0.02%,10
2025-09-04 14:20,66.38,66.43,66.37,66.42,0.03,0.05%,165
2025-09-04 14:25,66.41,66.42,66.38,66.39,-0.03,-0.05%,75
2025-09-04 14:30,66.39,66.39,66.33,66.37,-0.02,-0.03%,257
2025-09-04 14:35,66.37,66.4,66.37,66.4,0.03,0.05%,32
2025-09-04 14:40,66.41,66.41,66.31,66.32,-0.08,-0.12%,135
2025-09-04 14:45,66.33,66.35,66.3,66.34,0.02,0.03%,68
2025-09-04 14:50,66.34,66.35,66.33,66.35,0.01,0.02%,106
2025-09-04 14:55,66.35,66.38,66.33,66.36,0.01,0.02%,175
2025-09-04 15:00,66.38,66.39,66.37,66.39,0.03,0.05%,25
2025-09-04 15:05,66.37,66.37,66.35,66.36,-0.03,-0.05%,10
2025-09-04 15:10,66.34,66.35,66.34,66.35,-0.01,-0.02%,3
2025-09-04 15:15,66.35,66.36,66.35,66.35,0,0.00%,6
2025-09-04 15:20,66.34,66.34,66.31,66.34,-0.01,-0.02%,39
2025-09-04 15:25,66.36,66.39,66.34,66.39,0.05,0.08%,217
2025-09-04 15:30,66.39,66.4,66.33,66.34,-0.05,-0.08%,168
2025-09-04 15:35,66.33,66.36,66.33,66.36,0.02,0.03%,95
2025-09-04 15:40,66.36,66.36,66.32,66.32,-0.04,-0.06%,45
2025-09-04 15:45,66.32,66.35,66.32,66.35,0.03,0.05%,21
2025-09-04 15:50,66.35,66.36,66.35,66.35,0,0.00%,10
2025-09-04 15:55,66.35,66.39,66.35,66.39,0.04,0.06%,16
2025-09-04 16:00,66.38,66.38,66.37,66.37,-0.02,-0.03%,2
2025-09-04 16:10,66.4,66.4,66.4,66.4,0.03,0.05%,1
2025-09-04 16:35,66.41,66.42,66.41,66.42,0.02,0.03%,10
2025-09-04 16:40,66.42,66.44,66.42,66.44,0.02,0.03%,10
2025-09-04 16:50,66.4,66.4,66.4,66.4,-0.04,-0.06%,1
2025-09-04 16:55,66.37,66.43,66.37,66.43,0.03,0.05%,3
2025-09-04 19:00,66.35,66.35,66.27,66.29,-0.14,-0.21%,344
2025-09-04 19:05,66.3,66.31,66.3,66.31,0.02,0.03%,11
2025-09-04 19:10,66.3,66.35,66.3,66.34,0.03,0.05%,26
2025-09-04 19:15,66.36,66.36,66.3,66.33,-0.01,-0.02%,39
2025-09-04 19:20,66.34,66.35,66.33,66.35,0.02,0.03%,16
2025-09-04 19:25,66.33,66.33,66.31,66.31,-0.04,-0.06%,9
2025-09-04 19:30,66.32,66.38,66.32,66.38,0.07,0.11%,27
2025-09-04 19:35,66.38,66.4,66.36,66.37,-0.01,-0.02%,27
2025-09-04 19:40,66.37,66.37,66.37,66.37,0,0.00%,1
2025-09-04 19:45,66.36,66.36,66.36,66.36,-0.01,-0.02%,4
2025-09-04 19:50,66.36,66.36,66.34,66.34,-0.02,-0.03%,33
2025-09-04 19:55,66.35,66.35,66.34,66.34,0,0.00%,80
2025-09-04 20:00,66.35,66.37,66.33,66.36,0.02,0.03%,125
2025-09-04 20:05,66.36,66.36,66.3,66.3,-0.06,-0.09%,56
2025-09-04 20:10,66.31,66.32,66.26,66.26,-0.04,-0.06%,74
2025-09-04 20:15,66.26,66.27,66.26,66.27,0.01,0.02%,21
2025-09-04 20:20,66.26,66.26,66.18,66.2,-0.07,-0.11%,158
2025-09-04 20:25,66.19,66.22,66.18,66.21,0.01,0.02%,111
2025-09-04 20:30,66.21,66.23,66.19,66.2,-0.01,-0.02%,166
2025-09-04 20:35,66.21,66.25,66.2,66.25,0.05,0.08%,54
2025-09-04 20:40,66.24,66.28,66.23,66.25,0,0.00%,142
2025-09-04 20:45,66.26,66.26,66.23,66.23,-0.02,-0.03%,48
2025-09-04 20:50,66.24,66.28,66.24,66.27,0.04,0.06%,10
2025-09-04 20:55,66.27,66.3,66.24,66.28,0.01,0.02%,133
2025-09-04 21:00,66.27,66.3,66.25,66.3,0.02,0.03%,56
2025-09-04 21:05,66.29,66.3,66.29,66.29,-0.01,-0.02%,38
2025-09-04 21:10,66.3,66.31,66.28,66.28,-0.01,-0.02%,36
2025-09-04 21:15,66.29,66.29,66.29,66.29,0.01,0.02%,1
2025-09-04 21:20,66.27,66.29,66.27,66.29,0,0.00%,5
2025-09-04 21:25,66.3,66.34,66.3,66.33,0.04,0.06%,24
2025-09-04 21:30,66.33,66.34,66.31,66.34,0.01,0.02%,53
2025-09-04 21:35,66.32,66.42,66.32,66.39,0.05,0.08%,68
2025-09-04 21:40,66.39,66.39,66.35,66.38,-0.01,-0.02%,45
2025-09-04 21:45,66.38,66.38,66.36,66.37,-0.01,-0.02%,7
2025-09-04 21:50,66.37,66.39,66.36,66.37,0,0.00%,50
2025-09-04 21:55,66.37,66.41,66.35,66.39,0.02,0.03%,75
2025-09-04 22:00,66.39,66.39,66.36,66.38,-0.01,-0.02%,45
2025-09-04 22:05,66.4,66.41,66.38,66.41,0.03,0.05%,30
2025-09-04 22:10,66.41,66.41,66.39,66.41,0,0.00%,139
2025-09-04 22:15,66.42,66.42,66.38,66.39,-0.02,-0.03%,123
2025-09-04 22:20,66.4,66.41,66.39,66.41,0.02,0.03%,34
2025-09-04 22:25,66.4,66.41,66.38,66.4,-0.01,-0.02%,66
2025-09-04 22:30,66.42,66.42,66.42,66.42,0.02,0.03%,1
2025-09-04 22:35,66.42,66.42,66.38,66.39,-0.03,-0.05%,13
2025-09-04 22:40,66.38,66.4,66.38,66.4,0.01,0.02%,15
2025-09-04 22:45,66.4,66.4,66.38,66.39,-0.01,-0.02%,111
2025-09-04 22:50,66.4,66.4,66.39,66.39,0,0.00%,2
2025-09-04 22:55,66.39,66.39,66.39,66.39,0,0.00%,1
2025-09-04 23:00,66.39,66.42,66.39,66.41,0.02,0.03%,11
2025-09-04 23:05,66.4,66.42,66.4,66.4,-0.01,-0.02%,26
2025-09-04 23:10,66.41,66.41,66.4,66.41,0.01,0.02%,8
2025-09-04 23:15,66.41,66.43,66.41,66.43,0.02,0.03%,13
2025-09-04 23:20,66.44,66.46,66.43,66.43,0,0.00%,56
2025-09-04 23:25,66.42,66.42,66.41,66.41,-0.02,-0.03%,23
2025-09-04 23:30,66.39,66.41,66.39,66.41,0,0.00%,20
2025-09-04 23:35,66.4,66.41,66.4,66.41,0,0.00%,2
2025-09-04 23:40,66.41,66.42,66.41,66.42,0.01,0.02%,15
2025-09-04 23:50,66.4,66.4,66.4,66.4,-0.02,-0.03%,1
2025-09-04 23:55,66.4,66.4,66.4,66.4,0,0.00%,45
2025-09-05 0:00,66.4,66.41,66.37,66.38,-0.02,-0.03%,22
2025-09-05 0:05,66.39,66.41,66.39,66.41,0.03,0.05%,12
2025-09-05 0:10,66.41,66.41,66.39,66.39,-0.02,-0.03%,11
2025-09-05 0:15,66.39,66.39,66.38,66.38,-0.01,-0.02%,3
2025-09-05 0:20,66.38,66.38,66.37,66.38,0,0.00%,9
2025-09-05 0:25,66.39,66.41,66.39,66.41,0.03,0.05%,20
2025-09-05 0:30,66.4,66.44,66.36,66.39,-0.02,-0.03%,151
2025-09-05 0:35,66.4,66.47,66.4,66.45,0.06,0.09%,41
2025-09-05 0:40,66.45,66.46,66.4,66.42,-0.03,-0.05%,100
2025-09-05 0:45,66.44,66.49,66.43,66.47,0.05,0.08%,97
2025-09-05 0:50,66.47,66.47,66.42,66.42,-0.05,-0.08%,199
2025-09-05 0:55,66.43,66.45,66.43,66.43,0.01,0.02%,53
2025-09-05 1:00,66.43,66.5,66.43,66.45,0.02,0.03%,138
2025-09-05 1:05,66.44,66.44,66.33,66.34,-0.11,-0.17%,99
2025-09-05 1:10,66.36,66.38,66.32,66.37,0.03,0.05%,119
2025-09-05 1:15,66.38,66.4,66.31,66.31,-0.06,-0.09%,112
2025-09-05 1:20,66.33,66.33,66.23,66.27,-0.04,-0.06%,121
2025-09-05 1:25,66.28,66.37,66.28,66.34,0.07,0.11%,52
2025-09-05 1:30,66.36,66.44,66.36,66.41,0.07,0.11%,60
2025-09-05 1:35,66.41,66.42,66.33,66.34,-0.07,-0.11%,126
2025-09-05 1:40,66.34,66.35,66.32,66.34,0,0.00%,111
2025-09-05 1:45,66.34,66.34,66.27,66.27,-0.07,-0.11%,85
2025-09-05 1:50,66.27,66.27,66.19,66.21,-0.06,-0.09%,267
2025-09-05 1:55,66.21,66.3,66.2,66.3,0.09,0.14%,208
2025-09-05 2:00,66.31,66.31,66.15,66.26,-0.04,-0.06%,329
2025-09-05 2:05,66.25,66.28,66.24,66.27,0.01,0.02%,75
2025-09-05 2:10,66.26,66.3,66.22,66.28,0.01,0.02%,161
2025-09-05 2:15,66.29,66.32,66.27,66.3,0.02,0.03%,138
2025-09-05 2:20,66.27,66.29,66.2,66.2,-0.1,-0.15%,136
2025-09-05 2:25,66.22,66.26,66.19,66.26,0.06,0.09%,457
2025-09-05 2:30,66.24,66.33,66.24,66.33,0.07,0.11%,73
2025-09-05 2:35,66.34,66.37,66.29,66.29,-0.04,-0.06%,92
2025-09-05 2:40,66.31,66.38,66.31,66.32,0.03,0.05%,164
2025-09-05 2:45,66.31,66.37,66.3,66.34,0.02,0.03%,181
2025-09-05 2:50,66.34,66.34,66.21,66.23,-0.11,-0.17%,566
2025-09-05 2:55,66.22,66.27,66.21,66.27,0.04,0.06%,85
2025-09-05 3:00,66.27,66.3,66.17,66.28,0.01,0.02%,592
2025-09-05 3:05,66.28,66.28,66.16,66.25,-0.03,-0.05%,291
2025-09-05 3:10,66.26,66.31,66.22,66.23,-0.02,-0.03%,168
2025-09-05 3:15,66.23,66.27,66.21,66.25,0.02,0.03%,276
2025-09-05 3:20,66.26,66.32,66.24,66.32,0.07,0.11%,213
2025-09-05 3:25,66.31,66.35,66.27,66.33,0.01,0.02%,906
2025-09-05 3:30,66.31,66.42,66.3,66.34,0.01,0.02%,1177
2025-09-05 3:35,66.34,66.47,66.31,66.41,0.07,0.11%,714
2025-09-05 3:40,66.41,66.41,66.33,66.34,-0.07,-0.11%,187
2025-09-05 3:45,66.34,66.48,66.34,66.48,0.14,0.21%,297
2025-09-05 3:50,66.47,66.48,66.42,66.44,-0.04,-0.06%,194
2025-09-05 3:55,66.46,66.49,66.45,66.47,0.03,0.05%,118
2025-09-05 4:00,66.48,66.51,66.42,66.47,0,0.00%,511
2025-09-05 4:05,66.48,66.54,66.46,66.49,0.02,0.03%,245
2025-09-05 4:10,66.51,66.58,66.47,66.5,0.01,0.02%,329
2025-09-05 4:15,66.48,66.49,66.45,66.46,-0.04,-0.06%,136
2025-09-05 4:20,66.45,66.45,66.4,66.43,-0.03,-0.05%,127
2025-09-05 4:25,66.44,66.44,66.32,66.41,-0.02,-0.03%,376
2025-09-05 4:30,66.42,66.42,66.29,66.33,-0.08,-0.12%,291
2025-09-05 4:35,66.34,66.43,66.34,66.42,0.09,0.14%,280
2025-09-05 4:40,66.44,66.56,66.44,66.49,0.07,0.11%,316
2025-09-05 4:45,66.49,66.56,66.48,66.54,0.05,0.08%,256
2025-09-05 4:50,66.54,66.54,66.48,66.49,-0.05,-0.08%,82
2025-09-05 4:55,66.49,66.55,66.49,66.5,0.01,0.02%,180
2025-09-05 5:00,66.5,66.5,66.45,66.46,-0.04,-0.06%,150
2025-09-05 5:05,66.46,66.46,66.4,66.41,-0.05,-0.08%,155
2025-09-05 5:10,66.41,66.47,66.39,66.46,0.05,0.08%,130
2025-09-05 5:15,66.46,66.46,66.35,66.4,-0.06,-0.09%,385
2025-09-05 5:20,66.39,66.39,66.32,66.33,-0.07,-0.11%,182
2025-09-05 5:25,66.33,66.38,66.3,66.3,-0.03,-0.05%,194
2025-09-05 5:30,66.3,66.34,66.29,66.34,0.04,0.06%,211
2025-09-05 5:35,66.34,66.34,66.22,66.24,-0.1,-0.15%,351
2025-09-05 5:40,66.23,66.24,66.17,66.18,-0.06,-0.09%,433
2025-09-05 5:45,66.19,66.21,66.11,66.16,-0.02,-0.03%,252
2025-09-05 5:50,66.16,66.17,66,66.01,-0.15,-0.23%,937
2025-09-05 5:55,66.01,66.02,65.95,66.01,0,0.00%,410
2025-09-05 6:00,66.02,66.1,66.02,66.08,0.07,0.11%,269
2025-09-05 6:05,66.07,66.09,66.03,66.08,0,0.00%,179
2025-09-05 6:10,66.1,66.15,66.1,66.12,0.04,0.06%,212
2025-09-05 6:15,66.12,66.14,66.11,66.14,0.02,0.03%,15
2025-09-05 6:20,66.15,66.21,66.15,66.2,0.06,0.09%,74
2025-09-05 6:25,66.21,66.24,66.2,66.21,0.01,0.02%,99
2025-09-05 6:30,66.21,66.22,66.16,66.18,-0.03,-0.05%,228
2025-09-05 6:35,66.15,66.19,66.15,66.18,0,0.00%,169
2025-09-05 6:40,66.17,66.25,66.17,66.25,0.07,0.11%,178
2025-09-05 6:45,66.25,66.27,66.19,66.2,-0.05,-0.08%,66
2025-09-05 6:50,66.19,66.2,66.08,66.08,-0.12,-0.18%,317
2025-09-05 6:55,66.08,66.08,65.98,65.99,-0.09,-0.14%,186
2025-09-05 7:00,66.01,66.09,65.99,66.06,0.07,0.11%,425
2025-09-05 7:05,66.07,66.07,65.83,65.85,-0.21,-0.32%,914
2025-09-05 7:10,65.84,65.9,65.8,65.87,0.02,0.03%,734
2025-09-05 7:15,65.87,65.92,65.83,65.86,-0.01,-0.02%,904
2025-09-05 7:20,65.86,65.91,65.84,65.88,0.02,0.03%,337
2025-09-05 7:25,65.87,65.89,65.8,65.87,-0.01,-0.02%,232
2025-09-05 7:30,65.86,65.97,65.8,65.86,-0.01,-0.02%,928
2025-09-05 7:35,65.85,65.9,65.7,65.78,-0.08,-0.12%,863
2025-09-05 7:40,65.78,65.78,65.69,65.71,-0.07,-0.11%,402
2025-09-05 7:45,65.72,65.8,65.69,65.77,0.06,0.09%,394
2025-09-05 7:50,65.78,65.78,64.95,65.24,-0.53,-0.81%,7010
2025-09-05 7:55,65.23,65.82,65.15,65.33,0.09,0.14%,5423
2025-09-05 8:00,65.31,65.46,65.27,65.27,-0.06,-0.09%,1614
2025-09-05 8:05,65.28,65.34,65.23,65.31,0.04,0.06%,932
2025-09-05 8:10,65.3,65.32,65.12,65.13,-0.18,-0.28%,761
2025-09-05 8:15,65.13,65.24,65.13,65.14,0.01,0.02%,1018
2025-09-05 8:20,65.15,65.29,65.15,65.18,0.04,0.06%,962
2025-09-05 8:25,65.19,65.53,65.19,65.5,0.32,0.49%,1851
2025-09-05 8:30,65.49,65.49,65.34,65.34,-0.16,-0.24%,691
2025-09-05 8:35,65.34,65.37,65.26,65.3,-0.04,-0.06%,580
2025-09-05 8:40,65.31,65.34,65.27,65.28,-0.02,-0.03%,627
2025-09-05 8:45,65.27,65.34,65.23,65.24,-0.04,-0.06%,423
2025-09-05 8:50,65.24,65.3,65.17,65.24,0,0.00%,515
2025-09-05 8:55,65.23,65.33,65.22,65.26,0.02,0.03%,512
2025-09-05 9:00,65.26,65.26,65.07,65.08,-0.18,-0.28%,876
2025-09-05 9:05,65.07,65.25,65.07,65.11,0.03,0.05%,637
2025-09-05 9:10,65.12,65.19,65.09,65.11,0,0.00%,745
2025-09-05 9:15,65.09,65.2,65.08,65.12,0.01,0.02%,228
2025-09-05 9:20,65.12,65.19,65.1,65.16,0.04,0.06%,530
2025-09-05 9:25,65.16,65.18,65.02,65.05,-0.11,-0.17%,750
2025-09-05 9:30,65.05,65.14,65.02,65.07,0.02,0.03%,859
2025-09-05 9:35,65.06,65.11,65.03,65.05,-0.02,-0.03%,474
2025-09-05 9:40,65.05,65.07,64.98,64.99,-0.06,-0.09%,532
2025-09-05 9:45,65,65.01,64.95,64.95,-0.04,-0.06%,594
2025-09-05 9:50,64.95,65.15,64.95,65.03,0.08,0.12%,853
2025-09-05 9:55,65.03,65.08,64.87,64.99,-0.04,-0.06%,992
2025-09-05 10:00,65,65.1,64.95,64.96,-0.03,-0.05%,567
2025-09-05 10:05,64.96,64.97,64.86,64.88,-0.08,-0.12%,405
2025-09-05 10:10,64.88,64.88,64.77,64.81,-0.07,-0.11%,1782
2025-09-05 10:15,64.81,64.86,64.73,64.75,-0.06,-0.09%,1226
2025-09-05 10:20,64.74,64.81,64.72,64.8,0.05,0.08%,915
2025-09-05 10:25,64.79,64.79,64.71,64.74,-0.06,-0.09%,1314
2025-09-05 10:30,64.75,64.84,64.69,64.82,0.08,0.12%,1541
2025-09-05 10:35,64.83,64.88,64.78,64.88,0.06,0.09%,420
2025-09-05 10:40,64.88,64.96,64.86,64.87,-0.01,-0.02%,1214
2025-09-05 10:45,64.87,64.9,64.73,64.73,-0.14,-0.22%,905
2025-09-05 10:50,64.75,64.8,64.7,64.72,-0.01,-0.02%,1000
2025-09-05 10:55,64.72,64.78,64.7,64.73,0.01,0.02%,573
2025-09-05 11:00,64.73,64.76,64.72,64.73,0,0.00%,788
2025-09-05 11:05,64.74,64.8,64.74,64.78,0.05,0.08%,492
2025-09-05 11:10,64.78,64.79,64.75,64.78,0,0.00%,580
2025-09-05 11:15,64.78,64.81,64.73,64.81,0.03,0.05%,825
2025-09-05 11:20,64.79,64.8,64.72,64.79,-0.02,-0.03%,343
2025-09-05 11:25,64.79,64.86,64.78,64.84,0.05,0.08%,631
2025-09-05 11:30,64.84,64.92,64.83,64.89,0.05,0.08%,560
2025-09-05 11:35,64.9,64.97,64.85,64.87,-0.02,-0.03%,571
2025-09-05 11:40,64.86,64.95,64.85,64.93,0.06,0.09%,473
2025-09-05 11:45,64.93,64.99,64.92,64.95,0.02,0.03%,373
2025-09-05 11:50,64.95,65.07,64.95,65.04,0.09,0.14%,825
2025-09-05 11:55,65.04,65.1,64.98,65.1,0.06,0.09%,467
2025-09-05 12:00,65.09,65.11,65.06,65.1,0,0.00%,355
2025-09-05 12:05,65.08,65.09,65,65.03,-0.07,-0.11%,270
2025-09-05 12:10,65.04,65.07,65.01,65.05,0.02,0.03%,525
2025-09-05 12:15,65.06,65.08,65.04,65.05,0,0.00%,474
2025-09-05 12:20,65.06,65.07,64.97,64.98,-0.07,-0.11%,518
2025-09-05 12:25,64.99,65,64.93,64.99,0.01,0.02%,381
2025-09-05 12:30,64.97,64.98,64.91,64.93,-0.06,-0.09%,272
2025-09-05 12:35,64.91,64.95,64.87,64.91,-0.02,-0.03%,257
2025-09-05 12:40,64.91,64.92,64.88,64.92,0.01,0.02%,136
2025-09-05 12:45,64.92,64.96,64.91,64.94,0.02,0.03%,140
2025-09-05 12:50,64.94,65,64.94,64.99,0.05,0.08%,320
2025-09-05 12:55,64.98,65.06,64.97,65.03,0.04,0.06%,245
2025-09-05 13:00,65.01,65.07,65.01,65.06,0.03,0.05%,182
2025-09-05 13:05,65.05,65.05,65,65.03,-0.03,-0.05%,281
2025-09-05 13:10,65.04,65.07,65.02,65.05,0.02,0.03%,162
2025-09-05 13:15,65.06,65.1,65.05,65.1,0.05,0.08%,209
2025-09-05 13:20,65.1,65.1,65.05,65.08,-0.02,-0.03%,489
2025-09-05 13:25,65.09,65.19,65.08,65.13,0.05,0.08%,1375
2025-09-05 13:30,65.12,65.19,65.11,65.17,0.04,0.06%,575
2025-09-05 13:35,65.16,65.23,65.16,65.22,0.05,0.08%,337
2025-09-05 13:40,65.22,65.25,65.21,65.24,0.02,0.03%,128
2025-09-05 13:45,65.24,65.29,65.24,65.28,0.04,0.06%,221
2025-09-05 13:50,65.29,65.3,65.26,65.29,0.01,0.02%,96
2025-09-05 13:55,65.3,65.31,65.28,65.3,0.01,0.02%,112
2025-09-05 14:00,65.29,65.29,65.26,65.28,-0.02,-0.03%,178
2025-09-05 14:05,65.29,65.32,65.27,65.27,-0.01,-0.02%,106
2025-09-05 14:10,65.27,65.3,65.27,65.29,0.02,0.03%,39
2025-09-05 14:15,65.29,65.3,65.27,65.29,0,0.00%,78
2025-09-05 14:20,65.29,65.3,65.25,65.25,-0.04,-0.06%,35
2025-09-05 14:25,65.26,65.26,65.24,65.24,-0.01,-0.02%,139
2025-09-05 14:30,65.25,65.25,65.2,65.2,-0.04,-0.06%,49
2025-09-05 14:35,65.21,65.21,65.18,65.21,0.01,0.02%,158
2025-09-05 14:40,65.22,65.25,65.22,65.25,0.04,0.06%,143
2025-09-05 14:45,65.25,65.28,65.25,65.26,0.01,0.02%,72
2025-09-05 14:50,65.27,65.3,65.26,65.3,0.04,0.06%,64
2025-09-05 14:55,65.3,65.3,65.22,65.26,-0.04,-0.06%,152
2025-09-05 15:00,65.27,65.28,65.26,65.28,0.02,0.03%,128
2025-09-05 15:05,65.28,65.31,65.27,65.29,0.01,0.02%,257
2025-09-05 15:10,65.27,65.27,65.26,65.27,-0.02,-0.03%,21
2025-09-05 15:15,65.28,65.28,65.26,65.26,-0.01,-0.02%,106
2025-09-05 15:20,65.26,65.26,65.2,65.25,-0.01,-0.02%,98
2025-09-05 15:25,65.25,65.26,65.25,65.26,0.01,0.02%,29
2025-09-05 15:30,65.26,65.27,65.25,65.27,0.01,0.02%,18
2025-09-05 15:35,65.26,65.26,65.25,65.26,-0.01,-0.02%,24
2025-09-05 15:40,65.24,65.24,65.21,65.22,-0.04,-0.06%,16
2025-09-05 15:45,65.22,65.24,65.22,65.23,0.01,0.02%,20
2025-09-05 15:50,65.23,65.23,65.16,65.19,-0.04,-0.06%,45
2025-09-05 15:55,65.2,65.21,65.19,65.21,0.02,0.03%,34
2025-09-05 16:00,65.2,65.2,65.2,65.2,-0.01,-0.02%,3
2025-09-05 16:30,65.2,65.2,65.2,65.2,0,0.00%,3
2025-09-05 16:40,65.23,65.23,65.23,65.23,0.03,0.05%,1
2025-09-07 17:00,65.35,65.61,65.17,65.26,0.03,0.05%,736
2025-09-07 17:05,65.28,65.39,65.24,65.25,-0.01,-0.02%,279
2025-09-07 17:10,65.23,65.34,65.23,65.25,0,0.00%,108
2025-09-07 17:15,65.25,65.3,65.24,65.3,0.05,0.08%,76
2025-09-07 17:20,65.3,65.3,65.23,65.25,-0.05,-0.08%,14
2025-09-07 17:25,65.24,65.26,65.19,65.19,-0.06,-0.09%,37
2025-09-07 17:30,65.2,65.22,65.17,65.18,-0.01,-0.02%,83
2025-09-07 17:35,65.19,65.19,65.14,65.14,-0.04,-0.06%,37
2025-09-07 17:40,65.18,65.2,65.17,65.2,0.06,0.09%,16
2025-09-07 17:45,65.21,65.22,65.11,65.22,0.02,0.03%,153
2025-09-07 17:50,65.22,65.24,65.2,65.2,-0.02,-0.03%,77
2025-09-07 17:55,65.2,65.22,65.2,65.22,0.02,0.03%,14
2025-09-07 18:00,65.23,65.23,65.19,65.19,-0.03,-0.05%,25
2025-09-07 18:05,65.24,65.33,65.24,65.32,0.13,0.20%,21
2025-09-07 18:10,65.32,65.32,65.29,65.31,-0.01,-0.02%,62
2025-09-07 18:15,65.3,65.37,65.3,65.37,0.06,0.09%,33
2025-09-07 18:20,65.37,65.37,65.34,65.34,-0.03,-0.05%,8
2025-09-07 18:25,65.36,65.4,65.33,65.33,-0.01,-0.02%,119
2025-09-07 18:30,65.35,65.35,65.29,65.29,-0.04,-0.06%,7
2025-09-07 18:35,65.33,65.35,65.33,65.35,0.06,0.09%,7
2025-09-07 18:40,65.35,65.42,65.35,65.42,0.07,0.11%,149
2025-09-07 18:45,65.4,65.43,65.4,65.43,0.01,0.02%,34
2025-09-07 18:50,65.44,65.47,65.42,65.46,0.03,0.05%,75
2025-09-07 18:55,65.47,65.49,65.47,65.48,0.02,0.03%,33
2025-09-07 19:00,65.49,65.55,65.45,65.45,-0.03,-0.05%,296
2025-09-07 19:05,65.47,65.49,65.46,65.46,0.01,0.02%,77
2025-09-07 19:10,65.47,65.48,65.43,65.44,-0.02,-0.03%,86
2025-09-07 19:15,65.44,65.45,65.42,65.45,0.01,0.02%,58
2025-09-07 19:20,65.45,65.45,65.39,65.4,-0.05,-0.08%,63
2025-09-07 19:25,65.4,65.42,65.4,65.41,0.01,0.02%,4
2025-09-07 19:30,65.41,65.45,65.41,65.45,0.04,0.06%,44
2025-09-07 19:35,65.46,65.46,65.39,65.41,-0.04,-0.06%,28
2025-09-07 19:40,65.43,65.45,65.43,65.44,0.03,0.05%,18
2025-09-07 19:45,65.45,65.45,65.41,65.41,-0.03,-0.05%,23
2025-09-07 19:50,65.41,65.46,65.41,65.46,0.05,0.08%,16
2025-09-07 19:55,65.47,65.47,65.43,65.45,-0.01,-0.02%,185
2025-09-07 20:00,65.43,65.49,65.37,65.48,0.03,0.05%,357
2025-09-07 20:05,65.49,65.64,65.49,65.61,0.13,0.20%,404
2025-09-07 20:10,65.61,65.67,65.61,65.63,0.02,0.03%,191
2025-09-07 20:15,65.63,65.67,65.6,65.67,0.04,0.06%,194
2025-09-07 20:20,65.66,65.72,65.61,65.7,0.03,0.05%,362
2025-09-07 20:25,65.69,65.71,65.68,65.7,0,0.00%,49
2025-09-07 20:30,65.7,65.77,65.7,65.73,0.03,0.05%,202
2025-09-07 20:35,65.75,65.85,65.73,65.8,0.07,0.11%,390
2025-09-07 20:40,65.8,65.9,65.8,65.87,0.07,0.11%,517
2025-09-07 20:45,65.87,65.89,65.85,65.87,0,0.00%,75
2025-09-07 20:50,65.88,65.9,65.85,65.85,-0.02,-0.03%,201
2025-09-07 20:55,65.84,65.87,65.82,65.84,-0.01,-0.02%,207
2025-09-07 21:00,65.83,65.89,65.82,65.83,-0.01,-0.02%,210
2025-09-07 21:05,65.82,65.85,65.79,65.79,-0.04,-0.06%,76
2025-09-07 21:10,65.79,65.83,65.78,65.81,0.02,0.03%,138
2025-09-07 21:15,65.8,65.8,65.8,65.8,-0.01,-0.02%,24
2025-09-07 21:20,65.79,65.8,65.76,65.78,-0.02,-0.03%,42
2025-09-07 21:25,65.79,65.81,65.78,65.8,0.02,0.03%,21
2025-09-07 21:30,65.8,65.84,65.8,65.83,0.03,0.05%,119
2025-09-07 21:35,65.83,65.87,65.83,65.84,0.01,0.02%,87
2025-09-07 21:40,65.84,65.87,65.83,65.84,0,0.00%,395
2025-09-07 21:45,65.84,65.86,65.82,65.86,0.02,0.03%,24
2025-09-07 21:50,65.85,65.86,65.83,65.83,-0.03,-0.05%,38
2025-09-07 21:55,65.83,65.87,65.82,65.86,0.03,0.05%,127
2025-09-07 22:00,65.87,65.87,65.83,65.83,-0.03,-0.05%,11
2025-09-07 22:05,65.84,65.86,65.84,65.85,0.02,0.03%,68
2025-09-07 22:10,65.84,65.85,65.82,65.85,0,0.00%,20
2025-09-07 22:15,65.84,65.88,65.83,65.87,0.02,0.03%,126
2025-09-07 22:20,65.85,65.88,65.84,65.88,0.01,0.02%,121
2025-09-07 22:25,65.88,65.89,65.86,65.87,-0.01,-0.02%,151
2025-09-07 22:30,65.86,65.86,65.84,65.85,-0.02,-0.03%,44
2025-09-07 22:35,65.86,65.87,65.86,65.86,0.01,0.02%,16
2025-09-07 22:40,65.86,65.87,65.86,65.87,0.01,0.02%,30
2025-09-07 22:45,65.86,65.89,65.86,65.88,0.01,0.02%,51
2025-09-07 22:50,65.85,65.87,65.85,65.87,-0.01,-0.02%,10
2025-09-07 22:55,65.86,65.88,65.86,65.88,0.01,0.02%,6
2025-09-07 23:00,65.88,65.9,65.88,65.89,0.01,0.02%,301
2025-09-07 23:05,65.9,65.91,65.88,65.89,0,0.00%,112
2025-09-07 23:10,65.88,65.88,65.87,65.87,-0.02,-0.03%,38
2025-09-07 23:15,65.87,65.87,65.84,65.86,-0.01,-0.02%,90
2025-09-07 23:20,65.86,65.87,65.86,65.87,0.01,0.02%,5
2025-09-07 23:25,65.86,65.86,65.86,65.86,-0.01,-0.02%,1
2025-09-07 23:30,65.87,65.87,65.82,65.83,-0.03,-0.05%,232
2025-09-07 23:35,65.84,65.84,65.83,65.83,0,0.00%,9
2025-09-07 23:40,65.84,65.84,65.83,65.83,0,0.00%,10
2025-09-07 23:50,65.85,65.85,65.83,65.84,0.01,0.02%,151
2025-09-07 23:55,65.84,65.84,65.84,65.84,0,0.00%,3
2025-09-08 0:00,65.85,65.85,65.83,65.83,-0.01,-0.02%,131
2025-09-08 0:05,65.83,65.84,65.82,65.84,0.01,0.02%,77
2025-09-08 0:10,65.85,65.89,65.85,65.89,0.05,0.08%,63
2025-09-08 0:15,65.88,65.89,65.87,65.89,0,0.00%,11
2025-09-08 0:20,65.87,65.87,65.85,65.86,-0.03,-0.05%,15
2025-09-08 0:25,65.86,65.87,65.84,65.86,0,0.00%,54
2025-09-08 0:30,65.86,65.89,65.85,65.87,0.01,0.02%,106
2025-09-08 0:35,65.87,65.89,65.86,65.86,-0.01,-0.02%,32
2025-09-08 0:40,65.87,65.9,65.85,65.9,0.04,0.06%,91
2025-09-08 0:45,65.88,66.04,65.88,66.04,0.14,0.21%,547
2025-09-08 0:50,66.03,66.05,65.99,66.03,-0.01,-0.02%,177
2025-09-08 0:55,66.02,66.08,66,66.05,0.02,0.03%,239
2025-09-08 1:00,66.05,66.05,66,66,-0.05,-0.08%,156
2025-09-08 1:05,65.99,66.1,65.99,66.1,0.1,0.15%,157
2025-09-08 1:10,66.09,66.2,66.08,66.19,0.09,0.14%,813
2025-09-08 1:15,66.2,66.3,66.2,66.22,0.03,0.05%,317
2025-09-08 1:20,66.2,66.24,66.2,66.23,0.01,0.02%,194
2025-09-08 1:25,66.24,66.3,66.23,66.27,0.04,0.06%,339
2025-09-08 1:30,66.28,66.29,66.26,66.29,0.02,0.03%,112
2025-09-08 1:35,66.29,66.34,66.29,66.3,0.01,0.02%,465
2025-09-08 1:40,66.3,66.33,66.26,66.26,-0.04,-0.06%,487
2025-09-08 1:45,66.26,66.28,66.21,66.21,-0.05,-0.08%,752
2025-09-08 1:50,66.2,66.29,66.2,66.25,0.04,0.06%,531
2025-09-08 1:55,66.26,66.28,66.21,66.21,-0.04,-0.06%,200
2025-09-08 2:00,66.21,66.23,66.16,66.22,0.01,0.02%,599
2025-09-08 2:05,66.21,66.24,66.18,66.19,-0.03,-0.05%,497
2025-09-08 2:10,66.17,66.2,66.17,66.19,0,0.00%,109
2025-09-08 2:15,66.19,66.22,66.15,66.17,-0.02,-0.03%,189
2025-09-08 2:20,66.17,66.18,66.08,66.11,-0.06,-0.09%,813
2025-09-08 2:25,66.13,66.15,66.1,66.12,0.01,0.02%,187
2025-09-08 2:30,66.1,66.11,66.04,66.09,-0.03,-0.05%,380
2025-09-08 2:35,66.09,66.11,66.05,66.05,-0.04,-0.06%,289
2025-09-08 2:40,66.05,66.12,66.04,66.08,0.03,0.05%,185
2025-09-08 2:45,66.08,66.08,66.04,66.06,-0.02,-0.03%,180
2025-09-08 2:50,66.07,66.09,66.01,66.03,-0.03,-0.05%,218
2025-09-08 2:55,66.02,66.03,66,66.02,-0.01,-0.02%,310
2025-09-08 3:00,66.03,66.04,65.96,65.99,-0.03,-0.05%,423
2025-09-08 3:05,65.99,66.06,65.97,66.04,0.05,0.08%,389
2025-09-08 3:10,66.04,66.12,66.03,66.1,0.06,0.09%,386
2025-09-08 3:15,66.1,66.12,66.09,66.1,0,0.00%,89
2025-09-08 3:20,66.1,66.11,66.03,66.06,-0.04,-0.06%,203
2025-09-08 3:25,66.06,66.14,66.02,66.14,0.08,0.12%,642
2025-09-08 3:30,66.12,66.18,66.06,66.16,0.02,0.03%,869
2025-09-08 3:35,66.15,66.17,66.05,66.17,0.01,0.02%,401
2025-09-08 3:40,66.18,66.19,66.12,66.16,-0.01,-0.02%,322
2025-09-08 3:45,66.15,66.18,66.12,66.16,0,0.00%,295
2025-09-08 3:50,66.15,66.2,66.13,66.18,0.02,0.03%,257
2025-09-08 3:55,66.17,66.25,66.15,66.18,0,0.00%,516
2025-09-08 4:00,66.18,66.25,66.17,66.19,0.01,0.02%,270
2025-09-08 4:05,66.2,66.31,66.18,66.29,0.1,0.15%,572
2025-09-08 4:10,66.29,66.37,66.27,66.36,0.07,0.11%,312
2025-09-08 4:15,66.35,66.37,66.31,66.34,-0.02,-0.03%,368
2025-09-08 4:20,66.34,66.37,66.33,66.37,0.03,0.05%,179
2025-09-08 4:25,66.37,66.37,66.31,66.33,-0.04,-0.06%,219
2025-09-08 4:30,66.33,66.33,66.28,66.28,-0.05,-0.08%,250
2025-09-08 4:35,66.28,66.31,66.25,66.28,0,0.00%,274
2025-09-08 4:40,66.28,66.37,66.28,66.35,0.07,0.11%,210
2025-09-08 4:45,66.35,66.37,66.32,66.35,0,0.00%,541
2025-09-08 4:50,66.34,66.37,66.33,66.36,0.01,0.02%,306
2025-09-08 4:55,66.37,66.37,66.35,66.35,-0.01,-0.02%,666
2025-09-08 5:00,66.34,66.37,66.3,66.37,0.02,0.03%,667
2025-09-08 5:05,66.37,66.43,66.36,66.39,0.02,0.03%,560
2025-09-08 5:10,66.39,66.4,66.35,66.35,-0.04,-0.06%,276
2025-09-08 5:15,66.35,66.37,66.33,66.36,0.01,0.02%,188
2025-09-08 5:20,66.37,66.39,66.35,66.37,0.01,0.02%,113
2025-09-08 5:25,66.38,66.39,66.32,66.32,-0.05,-0.08%,274
2025-09-08 5:30,66.31,66.34,66.27,66.34,0.02,0.03%,386
2025-09-08 5:35,66.34,66.46,66.25,66.39,0.05,0.08%,585
2025-09-08 5:40,66.39,66.41,66.33,66.39,0,0.00%,92
2025-09-08 5:45,66.4,66.45,66.31,66.34,-0.05,-0.08%,501
2025-09-08 5:50,66.32,66.35,66.23,66.33,-0.01,-0.02%,282
2025-09-08 5:55,66.33,66.4,66.32,66.38,0.05,0.08%,144
2025-09-08 6:00,66.37,66.4,66.36,66.4,0.02,0.03%,61
2025-09-08 6:05,66.39,66.39,66.35,66.36,-0.04,-0.06%,68
2025-09-08 6:10,66.35,66.36,66.29,66.35,-0.01,-0.02%,130
2025-09-08 6:15,66.36,66.39,66.35,66.39,0.04,0.06%,115
2025-09-08 6:20,66.4,66.43,66.36,66.38,-0.01,-0.02%,175
2025-09-08 6:25,66.38,66.38,66.33,66.36,-0.02,-0.03%,74
2025-09-08 6:30,66.38,66.38,66.3,66.3,-0.06,-0.09%,84
2025-09-08 6:35,66.31,66.31,66.25,66.27,-0.03,-0.05%,239
2025-09-08 6:40,66.26,66.29,66.2,66.29,0.02,0.03%,603
2025-09-08 6:45,66.28,66.46,66.27,66.46,0.17,0.26%,470
2025-09-08 6:50,66.45,66.59,66.45,66.58,0.12,0.18%,824
2025-09-08 6:55,66.58,66.58,66.48,66.48,-0.1,-0.15%,162
2025-09-08 7:00,66.49,66.52,66.46,66.49,0.01,0.02%,349
2025-09-08 7:05,66.48,66.49,66.44,66.47,-0.02,-0.03%,257
2025-09-08 7:10,66.47,66.49,66.44,66.47,0,0.00%,273
2025-09-08 7:15,66.47,66.48,66.44,66.48,0.01,0.02%,121
2025-09-08 7:20,66.48,66.5,66.48,66.5,0.02,0.03%,224
2025-09-08 7:25,66.5,66.51,66.46,66.47,-0.03,-0.05%,199
2025-09-08 7:30,66.47,66.49,66.31,66.42,-0.05,-0.08%,633
2025-09-08 7:35,66.41,66.42,66.37,66.41,-0.01,-0.02%,210
2025-09-08 7:40,66.4,66.4,66.35,66.39,-0.02,-0.03%,365
2025-09-08 7:45,66.38,66.4,66.33,66.37,-0.02,-0.03%,159
2025-09-08 7:50,66.36,66.41,66.34,66.36,-0.01,-0.02%,167
2025-09-08 7:55,66.34,66.34,66.25,66.3,-0.06,-0.09%,257
2025-09-08 8:00,66.31,66.31,66.18,66.28,-0.02,-0.03%,761
2025-09-08 8:05,66.29,66.37,66.2,66.22,-0.06,-0.09%,1253
2025-09-08 8:10,66.23,66.27,66.15,66.21,-0.01,-0.02%,1041
2025-09-08 8:15,66.21,66.25,66.1,66.14,-0.07,-0.11%,857
2025-09-08 8:20,66.13,66.19,66.13,66.16,0.02,0.03%,629
2025-09-08 8:25,66.16,66.19,66.1,66.11,-0.05,-0.08%,647
2025-09-08 8:30,66.11,66.13,66.05,66.1,-0.01,-0.02%,565
2025-09-08 8:35,66.1,66.13,65.87,65.88,-0.22,-0.33%,1593
2025-09-08 8:40,65.88,65.94,65.81,65.83,-0.05,-0.08%,1416
2025-09-08 8:45,65.82,65.83,65.64,65.69,-0.14,-0.21%,1733
2025-09-08 8:50,65.67,65.69,65.43,65.56,-0.13,-0.20%,3288
2025-09-08 8:55,65.56,65.58,65.44,65.48,-0.08,-0.12%,1647
2025-09-08 9:00,65.48,65.57,65.35,65.56,0.08,0.12%,1016
2025-09-08 9:05,65.56,65.73,65.55,65.62,0.06,0.09%,858
2025-09-08 9:10,65.62,65.69,65.56,65.62,0,0.00%,698
2025-09-08 9:15,65.62,65.65,65.6,65.63,0.01,0.02%,527
2025-09-08 9:20,65.63,65.64,65.55,65.59,-0.04,-0.06%,493
2025-09-08 9:25,65.59,65.63,65.56,65.57,-0.02,-0.03%,335
2025-09-08 9:30,65.57,65.58,65.51,65.51,-0.06,-0.09%,866
2025-09-08 9:35,65.52,65.62,65.52,65.54,0.03,0.05%,573
2025-09-08 9:40,65.54,65.65,65.52,65.64,0.1,0.15%,1105
2025-09-08 9:45,65.64,65.7,65.56,65.69,0.05,0.08%,623
2025-09-08 9:50,65.7,65.76,65.66,65.75,0.06,0.09%,831
2025-09-08 9:55,65.75,65.78,65.59,65.6,-0.15,-0.23%,479
2025-09-08 10:00,65.61,65.78,65.61,65.78,0.18,0.27%,362
2025-09-08 10:05,65.79,65.8,65.73,65.78,0,0.00%,369
2025-09-08 10:10,65.78,65.91,65.77,65.9,0.12,0.18%,688
2025-09-08 10:15,65.91,65.95,65.83,65.94,0.04,0.06%,297
2025-09-08 10:20,65.93,65.95,65.89,65.95,0.01,0.02%,509
2025-09-08 10:25,65.95,65.99,65.83,65.84,-0.11,-0.17%,1388
2025-09-08 10:30,65.84,65.94,65.75,65.94,0.1,0.15%,1333
2025-09-08 10:35,65.93,65.93,65.8,65.81,-0.13,-0.20%,486
2025-09-08 10:40,65.8,65.81,65.71,65.74,-0.07,-0.11%,372
2025-09-08 10:45,65.74,65.82,65.74,65.8,0.06,0.09%,274
2025-09-08 10:50,65.81,65.85,65.75,65.83,0.03,0.05%,547
2025-09-08 10:55,65.83,65.85,65.78,65.79,-0.04,-0.06%,297
2025-09-08 11:00,65.78,65.87,65.74,65.79,0,0.00%,404
2025-09-08 11:05,65.8,65.87,65.78,65.79,0,0.00%,640
2025-09-08 11:10,65.78,65.78,65.71,65.72,-0.07,-0.11%,98
2025-09-08 11:15,65.72,65.72,65.64,65.65,-0.07,-0.11%,525
2025-09-08 11:20,65.66,65.69,65.62,65.66,0.01,0.02%,207
2025-09-08 11:25,65.66,65.67,65.64,65.66,0,0.00%,97
2025-09-08 11:30,65.65,65.66,65.61,65.64,-0.02,-0.03%,408
2025-09-08 11:35,65.63,65.63,65.58,65.6,-0.04,-0.06%,138
2025-09-08 11:40,65.6,65.63,65.58,65.6,0,0.00%,89
2025-09-08 11:45,65.6,65.6,65.56,65.56,-0.04,-0.06%,130
2025-09-08 11:50,65.56,65.6,65.53,65.57,0.01,0.02%,148
2025-09-08 11:55,65.56,65.57,65.54,65.56,-0.01,-0.02%,63
2025-09-08 12:00,65.56,65.66,65.56,65.61,0.05,0.08%,256
2025-09-08 12:05,65.62,65.68,65.62,65.66,0.05,0.08%,294
2025-09-08 12:10,65.65,65.66,65.63,65.66,0,0.00%,100
2025-09-08 12:15,65.66,65.66,65.63,65.64,-0.02,-0.03%,78
2025-09-08 12:20,65.64,65.7,65.64,65.67,0.03,0.05%,228
2025-09-08 12:25,65.67,65.73,65.66,65.73,0.06,0.09%,114
2025-09-08 12:30,65.72,65.78,65.69,65.69,-0.04,-0.06%,245
2025-09-08 12:35,65.68,65.71,65.68,65.71,0.02,0.03%,63
2025-09-08 12:40,65.71,65.74,65.7,65.71,0,0.00%,348
2025-09-08 12:45,65.71,65.72,65.65,65.66,-0.05,-0.08%,163
2025-09-08 12:50,65.65,65.65,65.58,65.63,-0.03,-0.05%,296
2025-09-08 12:55,65.62,65.65,65.59,65.62,-0.01,-0.02%,779
2025-09-08 13:00,65.62,65.62,65.57,65.59,-0.03,-0.05%,258
2025-09-08 13:05,65.6,65.61,65.56,65.58,-0.01,-0.02%,191
2025-09-08 13:10,65.59,65.6,65.56,65.58,0,0.00%,244
2025-09-08 13:15,65.59,65.62,65.57,65.61,0.03,0.05%,248
2025-09-08 13:20,65.61,65.72,65.61,65.71,0.1,0.15%,379
2025-09-08 13:25,65.7,65.77,65.63,65.67,-0.04,-0.06%,1116
2025-09-08 13:30,65.67,65.77,65.66,65.76,0.09,0.14%,291
2025-09-08 13:35,65.76,65.78,65.72,65.77,0.01,0.02%,152
2025-09-08 13:40,65.76,65.78,65.75,65.77,0,0.00%,152
2025-09-08 13:45,65.77,65.77,65.76,65.76,-0.01,-0.02%,64
2025-09-08 13:50,65.76,65.77,65.76,65.76,0,0.00%,56
2025-09-08 13:55,65.75,65.76,65.74,65.74,-0.02,-0.03%,180
2025-09-08 14:00,65.74,65.75,65.72,65.73,-0.01,-0.02%,71
2025-09-08 14:05,65.71,65.77,65.71,65.77,0.04,0.06%,108
2025-09-08 14:10,65.76,65.78,65.75,65.75,-0.02,-0.03%,33
2025-09-08 14:15,65.76,65.81,65.76,65.81,0.06,0.09%,114
2025-09-08 14:20,65.8,65.8,65.78,65.78,-0.03,-0.05%,31
2025-09-08 14:25,65.79,65.79,65.76,65.78,0,0.00%,17
2025-09-08 14:30,65.76,65.78,65.76,65.77,-0.01,-0.02%,14
2025-09-08 14:35,65.77,65.78,65.76,65.77,0,0.00%,16
2025-09-08 14:40,65.78,65.78,65.76,65.76,-0.01,-0.02%,12
2025-09-08 14:45,65.76,65.76,65.75,65.76,0,0.00%,44
2025-09-08 14:50,65.76,65.76,65.75,65.76,0,0.00%,16
2025-09-08 14:55,65.77,65.78,65.76,65.78,0.02,0.03%,67
2025-09-08 15:00,65.78,65.79,65.77,65.78,0,0.00%,23
2025-09-08 15:05,65.79,65.8,65.78,65.8,0.02,0.03%,103
2025-09-08 15:10,65.8,65.83,65.8,65.82,0.02,0.03%,80
2025-09-08 15:15,65.83,65.85,65.83,65.85,0.03,0.05%,43
2025-09-08 15:20,65.86,65.87,65.85,65.86,0.01,0.02%,98
2025-09-08 15:25,65.86,65.86,65.84,65.84,-0.02,-0.03%,27
2025-09-08 15:30,65.85,65.86,65.84,65.85,0.01,0.02%,47
2025-09-08 15:35,65.84,65.84,65.84,65.84,-0.01,-0.02%,2
2025-09-08 15:40,65.85,65.87,65.85,65.85,0.01,0.02%,45
2025-09-08 15:45,65.85,65.87,65.85,65.85,0,0.00%,18
2025-09-08 15:50,65.84,65.85,65.82,65.84,-0.01,-0.02%,43
2025-09-08 15:55,65.85,65.85,65.85,65.85,0.01,0.02%,11
2025-09-08 16:20,65.87,65.87,65.87,65.87,0.02,0.03%,1
2025-09-08 16:55,65.85,65.85,65.85,65.85,-0.02,-0.03%,1
2025-09-08 19:00,65.88,65.92,65.86,65.88,0.03,0.05%,602
2025-09-08 19:05,65.88,65.89,65.82,65.86,-0.02,-0.03%,86
2025-09-08 19:10,65.84,65.84,65.82,65.82,-0.04,-0.06%,24
2025-09-08 19:15,65.83,65.85,65.83,65.85,0.03,0.05%,7
2025-09-08 19:20,65.84,65.84,65.8,65.81,-0.04,-0.06%,101
2025-09-08 19:25,65.81,65.81,65.79,65.81,0,0.00%,469
2025-09-08 19:30,65.8,65.8,65.79,65.8,-0.01,-0.02%,9
2025-09-08 19:35,65.81,65.82,65.8,65.8,0,0.00%,24
2025-09-08 19:40,65.81,65.83,65.81,65.82,0.02,0.03%,22
2025-09-08 19:45,65.83,65.83,65.83,65.83,0.01,0.02%,3
2025-09-08 19:50,65.83,65.84,65.83,65.83,0,0.00%,7
2025-09-08 19:55,65.83,65.83,65.81,65.82,-0.01,-0.02%,7
2025-09-08 20:00,65.81,65.84,65.77,65.82,0,0.00%,191
2025-09-08 20:05,65.82,65.82,65.79,65.82,0,0.00%,71
2025-09-08 20:10,65.83,65.84,65.8,65.8,-0.02,-0.03%,140
2025-09-08 20:15,65.8,65.86,65.79,65.84,0.04,0.06%,117
2025-09-08 20:20,65.84,65.84,65.78,65.78,-0.06,-0.09%,70
2025-09-08 20:25,65.8,65.82,65.8,65.82,0.04,0.06%,15
2025-09-08 20:30,65.83,65.89,65.83,65.86,0.04,0.06%,131
2025-09-08 20:35,65.87,65.91,65.87,65.9,0.04,0.06%,77
2025-09-08 20:40,65.9,65.95,65.9,65.93,0.03,0.05%,84
2025-09-08 20:45,65.93,65.96,65.91,65.91,-0.02,-0.03%,72
2025-09-08 20:50,65.92,65.96,65.91,65.91,0,0.00%,46
2025-09-08 20:55,65.92,65.93,65.91,65.92,0.01,0.02%,31
2025-09-08 21:00,65.92,65.94,65.92,65.94,0.02,0.03%,23
2025-09-08 21:05,65.94,65.94,65.92,65.93,-0.01,-0.02%,8
2025-09-08 21:10,65.92,65.95,65.92,65.95,0.02,0.03%,22
2025-09-08 21:15,65.96,66.03,65.96,66.01,0.06,0.09%,121
2025-09-08 21:20,65.98,65.99,65.96,65.99,-0.02,-0.03%,73
2025-09-08 21:25,65.99,65.99,65.93,65.99,0,0.00%,251
2025-09-08 21:30,65.99,66.01,65.99,66.01,0.02,0.03%,119
2025-09-08 21:35,66,66.03,66,66.03,0.02,0.03%,95
2025-09-08 21:40,66.01,66.02,66.01,66.02,-0.01,-0.02%,47
2025-09-08 21:45,66.01,66.02,66,66,-0.02,-0.03%,22
2025-09-08 21:50,66,66.03,65.99,66.01,0.01,0.02%,130
2025-09-08 21:55,66,66.01,65.99,66,-0.01,-0.02%,11
2025-09-08 22:00,66,66,66,66,0,0.00%,10
2025-09-08 22:05,66.01,66.03,66,66.02,0.02,0.03%,76
2025-09-08 22:10,66.03,66.06,65.99,66,-0.02,-0.03%,103
2025-09-08 22:15,65.99,65.99,65.94,65.97,-0.03,-0.05%,63
2025-09-08 22:20,65.97,66.01,65.97,66,0.03,0.05%,17
2025-09-08 22:25,66.01,66.01,65.95,65.96,-0.04,-0.06%,95
2025-09-08 22:30,65.98,65.99,65.98,65.98,0.02,0.03%,36
2025-09-08 22:35,65.99,65.99,65.97,65.97,-0.01,-0.02%,3
2025-09-08 22:40,65.98,66,65.98,66,0.03,0.05%,6
2025-09-08 22:45,66,66,66,66,0,0.00%,3
2025-09-08 22:50,66.01,66.01,66.01,66.01,0.01,0.02%,1
2025-09-08 22:55,66.01,66.01,66.01,66.01,0,0.00%,1
2025-09-08 23:00,66,66,66,66,-0.01,-0.02%,1
2025-09-08 23:05,66.02,66.07,66.02,66.06,0.06,0.09%,52
2025-09-08 23:10,66.06,66.06,66.06,66.06,0,0.00%,5
2025-09-08 23:15,66.07,66.07,66.05,66.06,0,0.00%,10
2025-09-08 23:20,66.05,66.06,66.05,66.06,0,0.00%,27
2025-09-08 23:25,66.06,66.08,66.06,66.08,0.02,0.03%,17
2025-09-08 23:30,66.08,66.09,66.08,66.09,0.01,0.02%,9
2025-09-08 23:35,66.09,66.09,66.08,66.08,-0.01,-0.02%,7
2025-09-08 23:40,66.08,66.11,66.08,66.11,0.03,0.05%,73
2025-09-08 23:45,66.11,66.12,66.1,66.1,-0.01,-0.02%,15
2025-09-08 23:50,66.11,66.14,66.11,66.12,0.02,0.03%,43
2025-09-08 23:55,66.12,66.13,66.1,66.13,0.01,0.02%,37
2025-09-09 0:00,66.14,66.14,66.09,66.12,-0.01,-0.02%,43
2025-09-09 0:05,66.11,66.13,66.11,66.13,0.01,0.02%,4
2025-09-09 0:10,66.14,66.14,66.12,66.12,-0.01,-0.02%,3
2025-09-09 0:15,66.11,66.13,66.11,66.13,0.01,0.02%,26
2025-09-09 0:25,66.13,66.13,66.09,66.1,-0.03,-0.05%,80
2025-09-09 0:30,66.09,66.11,66.07,66.1,0,0.00%,111
2025-09-09 0:35,66.09,66.1,66.07,66.07,-0.03,-0.05%,38
2025-09-09 0:40,66.07,66.12,66.07,66.11,0.04,0.06%,49
2025-09-09 0:45,66.1,66.1,66.04,66.06,-0.05,-0.08%,97
2025-09-09 0:50,66.07,66.07,66.03,66.07,0.01,0.02%,164
2025-09-09 0:55,66.08,66.08,66.04,66.05,-0.02,-0.03%,68
2025-09-09 1:00,66.05,66.18,66.01,66.18,0.13,0.20%,318
2025-09-09 1:05,66.18,66.2,66.16,66.19,0.01,0.02%,154
2025-09-09 1:10,66.2,66.23,66.15,66.17,-0.02,-0.03%,218
2025-09-09 1:15,66.17,66.17,66.08,66.09,-0.08,-0.12%,122
2025-09-09 1:20,66.13,66.14,66.1,66.1,0.01,0.02%,76
2025-09-09 1:25,66.1,66.13,66.08,66.12,0.02,0.03%,105
2025-09-09 1:30,66.11,66.17,66.09,66.16,0.04,0.06%,320
2025-09-09 1:35,66.17,66.27,66.15,66.27,0.11,0.17%,279
2025-09-09 1:40,66.26,66.26,66.16,66.19,-0.08,-0.12%,328
2025-09-09 1:45,66.2,66.22,66.15,66.19,0,0.00%,133
2025-09-09 1:50,66.18,66.25,66.17,66.21,0.02,0.03%,276
2025-09-09 1:55,66.23,66.23,66.18,66.2,-0.01,-0.02%,298
2025-09-09 2:00,66.18,66.2,66.13,66.2,0,0.00%,206
2025-09-09 2:05,66.21,66.24,66.19,66.22,0.02,0.03%,276
2025-09-09 2:10,66.22,66.27,66.2,66.22,0,0.00%,203
2025-09-09 2:15,66.22,66.35,66.2,66.32,0.1,0.15%,573
2025-09-09 2:20,66.31,66.35,66.31,66.33,0.01,0.02%,100
2025-09-09 2:25,66.33,66.4,66.33,66.4,0.07,0.11%,127
2025-09-09 2:30,66.39,66.41,66.34,66.34,-0.06,-0.09%,307
2025-09-09 2:35,66.35,66.38,66.32,66.37,0.03,0.05%,476
2025-09-09 2:40,66.37,66.38,66.31,66.31,-0.06,-0.09%,113
2025-09-09 2:45,66.31,66.31,66.22,66.26,-0.05,-0.08%,362
2025-09-09 2:50,66.25,66.28,66.21,66.28,0.02,0.03%,410
2025-09-09 2:55,66.27,66.32,66.23,66.27,-0.01,-0.02%,514
2025-09-09 3:00,66.26,66.37,66.26,66.36,0.09,0.14%,511
2025-09-09 3:05,66.37,66.41,66.35,66.35,-0.01,-0.02%,613
2025-09-09 3:10,66.35,66.38,66.34,66.37,0.02,0.03%,337
2025-09-09 3:15,66.37,66.42,66.36,66.4,0.03,0.05%,366
2025-09-09 3:20,66.4,66.51,66.38,66.39,-0.01,-0.02%,1581
2025-09-09 3:25,66.39,66.49,66.37,66.46,0.07,0.11%,1230
2025-09-09 3:30,66.46,66.56,66.45,66.52,0.06,0.09%,2044
2025-09-09 3:35,66.51,66.52,66.47,66.49,-0.03,-0.05%,265
2025-09-09 3:40,66.49,66.54,66.49,66.51,0.02,0.03%,517
2025-09-09 3:45,66.52,66.55,66.49,66.5,-0.01,-0.02%,268
2025-09-09 3:50,66.5,66.51,66.4,66.4,-0.1,-0.15%,322
2025-09-09 3:55,66.4,66.43,66.37,66.4,0,0.00%,352
2025-09-09 4:00,66.39,66.39,66.2,66.22,-0.18,-0.27%,663
2025-09-09 4:05,66.2,66.2,66.11,66.15,-0.07,-0.11%,498
2025-09-09 4:10,66.14,66.28,66.13,66.24,0.09,0.14%,308
2025-09-09 4:15,66.27,66.33,66.26,66.28,0.04,0.06%,242
2025-09-09 4:20,66.27,66.34,66.25,66.33,0.05,0.08%,237
2025-09-09 4:25,66.33,66.41,66.27,66.32,-0.01,-0.02%,642
2025-09-09 4:30,66.31,66.34,66.19,66.25,-0.07,-0.11%,440
2025-09-09 4:35,66.24,66.27,66.19,66.22,-0.03,-0.05%,190
2025-09-09 4:40,66.21,66.22,66.19,66.2,-0.02,-0.03%,187
2025-09-09 4:45,66.21,66.22,66.12,66.13,-0.07,-0.11%,288
2025-09-09 4:50,66.13,66.14,66.06,66.08,-0.05,-0.08%,602
2025-09-09 4:55,66.08,66.13,66.07,66.12,0.04,0.06%,209
2025-09-09 5:00,66.12,66.19,66.06,66.18,0.06,0.09%,648
2025-09-09 5:05,66.18,66.18,66.12,66.15,-0.03,-0.05%,127
2025-09-09 5:10,66.15,66.18,66.13,66.18,0.03,0.05%,240
2025-09-09 5:15,66.18,66.21,66.15,66.19,0.01,0.02%,184
2025-09-09 5:20,66.18,66.19,66.11,66.13,-0.06,-0.09%,173
2025-09-09 5:25,66.16,66.17,66.11,66.16,0.03,0.05%,67
2025-09-09 5:30,66.16,66.18,66.14,66.17,0.01,0.02%,160
2025-09-09 5:35,66.18,66.2,66.12,66.12,-0.05,-0.08%,255
2025-09-09 5:40,66.12,66.14,66.12,66.12,0,0.00%,232
2025-09-09 5:45,66.11,66.11,66.03,66.1,-0.02,-0.03%,290
2025-09-09 5:50,66.09,66.15,66.09,66.12,0.02,0.03%,253
2025-09-09 5:55,66.13,66.18,66.12,66.16,0.04,0.06%,168
2025-09-09 6:00,66.16,66.24,66.14,66.15,-0.01,-0.02%,173
2025-09-09 6:05,66.16,66.16,66.13,66.13,-0.02,-0.03%,81
2025-09-09 6:10,66.12,66.18,66.11,66.18,0.05,0.08%,37
2025-09-09 6:15,66.19,66.25,66.18,66.18,0,0.00%,403
2025-09-09 6:20,66.19,66.19,66.16,66.18,0,0.00%,63
2025-09-09 6:25,66.18,66.22,66.17,66.21,0.03,0.05%,70
2025-09-09 6:30,66.22,66.24,66.2,66.22,0.01,0.02%,180
2025-09-09 6:35,66.21,66.28,66.21,66.23,0.01,0.02%,96
2025-09-09 6:40,66.23,66.23,66.18,66.19,-0.04,-0.06%,226
2025-09-09 6:45,66.19,66.25,66.17,66.24,0.05,0.08%,119
2025-09-09 6:50,66.25,66.28,66.21,66.27,0.03,0.05%,86
2025-09-09 6:55,66.28,66.29,66.23,66.25,-0.02,-0.03%,100
2025-09-09 7:00,66.26,66.28,66.21,66.26,0.01,0.02%,145
2025-09-09 7:05,66.27,66.34,66.24,66.31,0.05,0.08%,308
2025-09-09 7:10,66.34,66.34,66.3,66.33,0.02,0.03%,83
2025-09-09 7:15,66.32,66.35,66.31,66.34,0.01,0.02%,150
2025-09-09 7:20,66.35,66.4,66.34,66.4,0.06,0.09%,230
2025-09-09 7:25,66.38,66.41,66.35,66.35,-0.05,-0.08%,193
2025-09-09 7:30,66.36,66.42,66.33,66.36,0.01,0.02%,669
2025-09-09 7:35,66.36,66.37,66.25,66.29,-0.07,-0.11%,369
2025-09-09 7:40,66.3,66.31,66.27,66.28,-0.01,-0.02%,131
2025-09-09 7:45,66.28,66.35,66.28,66.33,0.05,0.08%,142
2025-09-09 7:50,66.33,66.46,66.33,66.37,0.04,0.06%,476
2025-09-09 7:55,66.36,66.37,66.26,66.29,-0.08,-0.12%,505
2025-09-09 8:00,66.3,66.91,66.26,66.76,0.47,0.71%,4306
2025-09-09 8:05,66.77,66.77,66.45,66.56,-0.2,-0.30%,2997
2025-09-09 8:10,66.57,66.71,66.55,66.71,0.15,0.23%,861
2025-09-09 8:15,66.71,66.85,66.59,66.63,-0.08,-0.12%,1887
2025-09-09 8:20,66.62,66.72,66.59,66.7,0.07,0.11%,1149
2025-09-09 8:25,66.7,66.78,66.61,66.64,-0.06,-0.09%,886
2025-09-09 8:30,66.63,66.73,66.56,66.67,0.03,0.05%,1060
2025-09-09 8:35,66.68,66.73,66.47,66.48,-0.19,-0.28%,1411
2025-09-09 8:40,66.52,66.67,66.51,66.67,0.19,0.29%,574
2025-09-09 8:45,66.68,66.69,66.56,66.68,0.01,0.01%,553
2025-09-09 8:50,66.68,66.77,66.68,66.68,0,0.00%,812
2025-09-09 8:55,66.68,66.78,66.63,66.75,0.07,0.10%,873
2025-09-09 9:00,66.75,66.77,66.6,66.6,-0.15,-0.22%,776
2025-09-09 9:05,66.6,66.6,66.5,66.55,-0.05,-0.08%,1061
2025-09-09 9:10,66.56,66.67,66.51,66.66,0.11,0.17%,500
2025-09-09 9:15,66.65,66.68,66.6,66.66,0,0.00%,392
2025-09-09 9:20,66.65,66.76,66.63,66.74,0.08,0.12%,573
2025-09-09 9:25,66.73,66.75,66.65,66.74,0,0.00%,707
2025-09-09 9:30,66.72,66.9,66.71,66.78,0.04,0.06%,1278
2025-09-09 9:35,66.79,66.79,66.61,66.7,-0.08,-0.12%,793
2025-09-09 9:40,66.71,66.76,66.7,66.73,0.03,0.04%,339
2025-09-09 9:45,66.72,66.79,66.71,66.77,0.04,0.06%,360
2025-09-09 9:50,66.77,66.78,66.64,66.74,-0.03,-0.04%,392
2025-09-09 9:55,66.75,66.8,66.72,66.78,0.04,0.06%,598
2025-09-09 10:00,66.79,67.01,66.75,66.88,0.1,0.15%,2478
2025-09-09 10:05,66.87,66.87,66.7,66.7,-0.18,-0.27%,666
2025-09-09 10:10,66.72,66.8,66.68,66.78,0.08,0.12%,342
2025-09-09 10:15,66.8,66.8,66.69,66.71,-0.07,-0.10%,373
2025-09-09 10:20,66.72,66.75,66.65,66.69,-0.02,-0.03%,535
2025-09-09 10:25,66.68,66.72,66.57,66.59,-0.1,-0.15%,1169
2025-09-09 10:30,66.6,66.6,66.34,66.41,-0.18,-0.27%,2539
2025-09-09 10:35,66.41,66.48,66.41,66.45,0.04,0.06%,613
2025-09-09 10:40,66.44,66.47,66.38,66.41,-0.04,-0.06%,570
2025-09-09 10:45,66.4,66.45,66.34,66.45,0.04,0.06%,509
2025-09-09 10:50,66.44,66.44,66.37,66.4,-0.05,-0.08%,281
2025-09-09 10:55,66.4,66.43,66.34,66.37,-0.03,-0.05%,429
2025-09-09 11:00,66.37,66.4,66.26,66.31,-0.06,-0.09%,716
2025-09-09 11:05,66.32,66.33,66.27,66.29,-0.02,-0.03%,510
2025-09-09 11:10,66.3,66.3,66.22,66.26,-0.03,-0.05%,717
2025-09-09 11:15,66.26,66.26,66.23,66.25,-0.01,-0.02%,233
2025-09-09 11:20,66.25,66.34,66.24,66.31,0.06,0.09%,1011
2025-09-09 11:25,66.31,66.32,66.24,66.24,-0.07,-0.11%,238
2025-09-09 11:30,66.24,66.35,66.24,66.32,0.08,0.12%,349
2025-09-09 11:35,66.32,66.33,66.22,66.25,-0.07,-0.11%,219
2025-09-09 11:40,66.26,66.28,66.24,66.26,0.01,0.02%,323
2025-09-09 11:45,66.27,66.27,66.19,66.22,-0.04,-0.06%,338
2025-09-09 11:50,66.2,66.24,66.17,66.22,0,0.00%,207
2025-09-09 11:55,66.22,66.26,66.21,66.24,0.02,0.03%,97
2025-09-09 12:00,66.25,66.31,66.23,66.24,0,0.00%,122
2025-09-09 12:05,66.24,66.26,66.22,66.24,0,0.00%,178
2025-09-09 12:10,66.24,66.29,66.23,66.26,0.02,0.03%,299
2025-09-09 12:15,66.27,66.31,66.26,66.29,0.03,0.05%,384
2025-09-09 12:20,66.29,66.36,66.28,66.34,0.05,0.08%,191
2025-09-09 12:25,66.34,66.37,66.34,66.35,0.01,0.02%,226
2025-09-09 12:30,66.36,66.36,66.3,66.31,-0.04,-0.06%,277
2025-09-09 12:35,66.3,66.33,66.29,66.29,-0.02,-0.03%,228
2025-09-09 12:40,66.29,66.29,66.2,66.24,-0.05,-0.08%,464
2025-09-09 12:45,66.24,66.26,66.18,66.2,-0.04,-0.06%,155
2025-09-09 12:50,66.2,66.25,66.18,66.19,-0.01,-0.02%,129
2025-09-09 12:55,66.17,66.19,66.16,66.16,-0.03,-0.05%,380
2025-09-09 13:00,66.17,66.18,66.13,66.16,0,0.00%,263
2025-09-09 13:05,66.16,66.16,66.11,66.13,-0.03,-0.05%,382
2025-09-09 13:10,66.13,66.17,66.12,66.16,0.03,0.05%,129
2025-09-09 13:15,66.16,66.17,66.1,66.12,-0.04,-0.06%,391
2025-09-09 13:20,66.11,66.17,66.04,66.14,0.02,0.03%,481
2025-09-09 13:25,66.14,66.15,66.08,66.11,-0.03,-0.05%,953
2025-09-09 13:30,66.1,66.17,66.06,66.16,0.05,0.08%,625
2025-09-09 13:35,66.15,66.2,66.15,66.19,0.03,0.05%,333
2025-09-09 13:40,66.18,66.19,66.15,66.18,-0.01,-0.02%,78
2025-09-09 13:45,66.18,66.2,66.16,66.16,-0.02,-0.03%,35
2025-09-09 13:50,66.17,66.19,66.16,66.18,0.02,0.03%,35
2025-09-09 13:55,66.17,66.19,66.17,66.18,0,0.00%,36
2025-09-09 14:00,66.19,66.19,66.17,66.17,-0.01,-0.02%,113
2025-09-09 14:05,66.16,66.19,66.15,66.17,0,0.00%,44
2025-09-09 14:10,66.17,66.18,66.16,66.17,0,0.00%,26
2025-09-09 14:15,66.17,66.18,66.16,66.16,-0.01,-0.02%,30
2025-09-09 14:20,66.16,66.17,66.15,66.15,-0.01,-0.02%,13
2025-09-09 14:25,66.17,66.18,66.16,66.18,0.03,0.05%,38
2025-09-09 14:30,66.18,66.18,66.15,66.15,-0.03,-0.05%,36
2025-09-09 14:35,66.15,66.16,66.15,66.16,0.01,0.02%,10
2025-09-09 14:40,66.17,66.21,66.16,66.2,0.04,0.06%,52
2025-09-09 14:45,66.2,66.2,66.18,66.18,-0.02,-0.03%,10
2025-09-09 14:50,66.18,66.18,66.13,66.14,-0.04,-0.06%,173
2025-09-09 14:55,66.15,66.15,66.11,66.12,-0.02,-0.03%,61
2025-09-09 15:00,66.11,66.12,66.09,66.1,-0.02,-0.03%,35
2025-09-09 15:05,66.11,66.13,66.11,66.13,0.03,0.05%,5
2025-09-09 15:10,66.13,66.13,66.11,66.11,-0.02,-0.03%,18
2025-09-09 15:15,66.11,66.12,66.11,66.12,0.01,0.02%,10
2025-09-09 15:20,66.13,66.14,66.12,66.13,0.01,0.02%,42
2025-09-09 15:25,66.13,66.14,66.11,66.11,-0.02,-0.03%,39
2025-09-09 15:30,66.12,66.17,66.07,66.15,0.04,0.06%,43
2025-09-09 15:35,66.15,66.17,66.14,66.17,0.02,0.03%,350
2025-09-09 15:40,66.15,66.16,66.14,66.15,-0.02,-0.03%,133
2025-09-09 15:45,66.15,66.18,66.14,66.18,0.03,0.05%,54
2025-09-09 15:50,66.17,66.24,66.15,66.22,0.04,0.06%,80
2025-09-09 15:55,66.22,66.23,66.2,66.23,0.01,0.02%,89
2025-09-09 16:00,66.21,66.21,66.17,66.17,-0.06,-0.09%,21
2025-09-09 16:05,66.17,66.17,66.16,66.16,-0.01,-0.02%,5
2025-09-09 16:10,66.14,66.14,66.06,66.06,-0.1,-0.15%,148
2025-09-09 16:30,66.14,66.14,66.14,66.14,0.08,0.12%,2
2025-09-09 16:50,66.17,66.17,66.17,66.17,0.03,0.05%,7
2025-09-09 16:55,66.22,66.24,66.22,66.24,0.07,0.11%,12
2025-09-09 19:00,66.41,66.63,66.36,66.46,0.22,0.33%,538
2025-09-09 19:05,66.47,66.47,66.39,66.4,-0.06,-0.09%,90
2025-09-09 19:10,66.4,66.41,66.38,66.39,-0.01,-0.02%,11
2025-09-09 19:15,66.36,66.4,66.36,66.4,0.01,0.02%,8
2025-09-09 19:20,66.39,66.43,66.38,66.42,0.02,0.03%,17
2025-09-09 19:25,66.44,66.44,66.42,66.42,0,0.00%,9
2025-09-09 19:30,66.43,66.44,66.42,66.43,0.01,0.02%,18
2025-09-09 19:35,66.41,66.46,66.41,66.42,-0.01,-0.02%,24
2025-09-09 19:40,66.44,66.47,66.44,66.44,0.02,0.03%,67
2025-09-09 19:45,66.43,66.46,66.41,66.45,0.01,0.02%,56
2025-09-09 19:50,66.47,66.49,66.47,66.47,0.02,0.03%,34
2025-09-09 19:55,66.5,66.5,66.5,66.5,0.03,0.05%,1
2025-09-09 20:00,66.49,66.56,66.45,66.52,0.02,0.03%,151
2025-09-09 20:05,66.52,66.53,66.5,66.53,0.01,0.02%,68
2025-09-09 20:10,66.53,66.55,66.5,66.5,-0.03,-0.05%,42
2025-09-09 20:15,66.48,66.52,66.47,66.47,-0.03,-0.05%,98
2025-09-09 20:20,66.48,66.49,66.44,66.48,0.01,0.02%,154
2025-09-09 20:25,66.5,66.5,66.48,66.49,0.01,0.02%,31
2025-09-09 20:30,66.46,66.5,66.44,66.5,0.01,0.02%,22
2025-09-09 20:35,66.49,66.51,66.48,66.5,0,0.00%,13
2025-09-09 20:40,66.51,66.53,66.5,66.53,0.03,0.05%,21
2025-09-09 20:45,66.52,66.55,66.52,66.54,0.01,0.02%,29
2025-09-09 20:50,66.55,66.56,66.54,66.55,0.01,0.02%,113
2025-09-09 20:55,66.56,66.59,66.56,66.57,0.02,0.03%,136
2025-09-09 21:00,66.57,66.62,66.57,66.59,0.02,0.03%,63
2025-09-09 21:05,66.61,66.66,66.61,66.65,0.06,0.09%,58
2025-09-09 21:10,66.65,66.67,66.62,66.62,-0.03,-0.05%,140
2025-09-09 21:15,66.63,66.63,66.62,66.62,0,0.00%,33
2025-09-09 21:20,66.61,66.61,66.58,66.59,-0.03,-0.05%,11
2025-09-09 21:25,66.61,66.61,66.6,66.61,0.02,0.03%,19
2025-09-09 21:30,66.6,66.61,66.59,66.6,-0.01,-0.02%,78
2025-09-09 21:35,66.6,66.61,66.57,66.59,-0.01,-0.02%,31
2025-09-09 21:40,66.59,66.59,66.55,66.56,-0.03,-0.05%,49
2025-09-09 21:45,66.56,66.59,66.56,66.58,0.02,0.03%,63
2025-09-09 21:50,66.56,66.58,66.55,66.58,0,0.00%,77
2025-09-09 21:55,66.59,66.59,66.56,66.58,0,0.00%,100
2025-09-09 22:00,66.59,66.62,66.58,66.6,0.02,0.03%,32
2025-09-09 22:05,66.6,66.61,66.58,66.58,-0.02,-0.03%,113
2025-09-09 22:10,66.59,66.61,66.56,66.59,0.01,0.02%,157
2025-09-09 22:15,66.59,66.64,66.58,66.64,0.05,0.08%,169
2025-09-09 22:20,66.63,66.64,66.58,66.63,-0.01,-0.02%,271
2025-09-09 22:25,66.64,66.66,66.63,66.63,0,0.00%,91
2025-09-09 22:30,66.61,66.65,66.61,66.65,0.02,0.03%,93
2025-09-09 22:35,66.64,66.66,66.64,66.65,0,0.00%,11
2025-09-09 22:40,66.64,66.64,66.62,66.63,-0.02,-0.03%,18
2025-09-09 22:45,66.63,66.63,66.62,66.62,-0.01,-0.02%,5
2025-09-09 22:50,66.62,66.64,66.62,66.64,0.02,0.03%,40
2025-09-09 22:55,66.65,66.68,66.65,66.67,0.03,0.05%,11
2025-09-09 23:00,66.66,66.66,66.65,66.65,-0.02,-0.03%,4
2025-09-09 23:05,66.66,66.67,66.66,66.66,0.01,0.02%,16
2025-09-09 23:10,66.66,66.66,66.65,66.66,0,0.00%,10
2025-09-09 23:15,66.67,66.69,66.66,66.68,0.02,0.03%,27
2025-09-09 23:20,66.67,66.67,66.65,66.67,-0.01,-0.01%,21
2025-09-09 23:25,66.68,66.71,66.68,66.68,0.01,0.01%,16
2025-09-09 23:30,66.68,66.68,66.67,66.67,-0.01,-0.01%,6
2025-09-09 23:35,66.67,66.68,66.66,66.68,0.01,0.01%,8
2025-09-09 23:40,66.72,66.74,66.7,66.73,0.05,0.07%,131
2025-09-09 23:45,66.72,66.72,66.71,66.71,-0.02,-0.03%,4
2025-09-09 23:50,66.71,66.72,66.71,66.72,0.01,0.01%,12
2025-09-09 23:55,66.7,66.74,66.7,66.74,0.02,0.03%,45
2025-09-10 0:00,66.74,66.78,66.73,66.76,0.02,0.03%,86
2025-09-10 0:05,66.77,66.77,66.75,66.75,-0.01,-0.01%,398
2025-09-10 0:10,66.74,66.8,66.74,66.79,0.04,0.06%,90
2025-09-10 0:15,66.8,66.83,66.79,66.8,0.01,0.01%,234
2025-09-10 0:20,66.8,66.81,66.78,66.79,-0.01,-0.01%,168
2025-09-10 0:25,66.8,66.82,66.8,66.82,0.03,0.04%,40
2025-09-10 0:30,66.81,66.85,66.76,66.76,-0.06,-0.09%,184
2025-09-10 0:35,66.76,66.77,66.74,66.75,-0.01,-0.01%,59
2025-09-10 0:40,66.75,66.75,66.69,66.74,-0.01,-0.01%,147
2025-09-10 0:45,66.73,66.75,66.71,66.75,0.01,0.01%,161
2025-09-10 0:50,66.76,66.79,66.76,66.78,0.03,0.04%,30
2025-09-10 0:55,66.77,66.77,66.74,66.74,-0.04,-0.06%,114
2025-09-10 1:00,66.74,66.74,66.67,66.68,-0.06,-0.09%,92
2025-09-10 1:05,66.67,66.7,66.66,66.68,0,0.00%,61
2025-09-10 1:10,66.67,66.68,66.65,66.68,0,0.00%,148
2025-09-10 1:15,66.68,66.7,66.6,66.68,0,0.00%,92
2025-09-10 1:20,66.7,66.79,66.69,66.77,0.09,0.13%,144
2025-09-10 1:25,66.76,66.82,66.74,66.81,0.04,0.06%,172
2025-09-10 1:30,66.81,66.86,66.8,66.84,0.03,0.04%,497
2025-09-10 1:35,66.86,66.88,66.74,66.74,-0.1,-0.15%,240
2025-09-10 1:40,66.74,66.74,66.67,66.67,-0.07,-0.10%,175
2025-09-10 1:45,66.68,66.75,66.68,66.69,0.02,0.03%,337
2025-09-10 1:50,66.7,66.72,66.64,66.71,0.02,0.03%,439
2025-09-10 1:55,66.72,66.73,66.66,66.7,-0.01,-0.01%,458
2025-09-10 2:00,66.71,66.76,66.66,66.69,-0.01,-0.01%,209
2025-09-10 2:05,66.69,66.7,66.65,66.7,0.01,0.01%,65
2025-09-10 2:10,66.69,66.77,66.66,66.75,0.05,0.07%,62
2025-09-10 2:15,66.73,66.74,66.69,66.74,-0.01,-0.01%,183
2025-09-10 2:20,66.75,66.79,66.7,66.7,-0.04,-0.06%,139
2025-09-10 2:25,66.7,66.73,66.58,66.58,-0.12,-0.18%,626
2025-09-10 2:30,66.57,66.6,66.51,66.56,-0.02,-0.03%,325
2025-09-10 2:35,66.55,66.56,66.53,66.55,-0.01,-0.02%,144
2025-09-10 2:40,66.55,66.59,66.53,66.57,0.02,0.03%,254
2025-09-10 2:45,66.57,66.58,66.55,66.56,-0.01,-0.02%,201
2025-09-10 2:50,66.58,66.66,66.55,66.63,0.07,0.11%,302
2025-09-10 2:55,66.63,66.65,66.55,66.57,-0.06,-0.09%,258
2025-09-10 3:00,66.58,66.61,66.51,66.55,-0.02,-0.03%,566
2025-09-10 3:05,66.55,66.59,66.53,66.58,0.03,0.05%,365
2025-09-10 3:10,66.57,66.61,66.55,66.59,0.01,0.02%,226
2025-09-10 3:15,66.6,66.68,66.59,66.68,0.09,0.14%,199
2025-09-10 3:20,66.7,66.75,66.64,66.75,0.07,0.10%,352
2025-09-10 3:25,66.74,66.77,66.69,66.69,-0.06,-0.09%,798
2025-09-10 3:30,66.69,66.75,66.63,66.66,-0.03,-0.04%,1183
2025-09-10 3:35,66.64,66.66,66.55,66.58,-0.08,-0.12%,515
2025-09-10 3:40,66.58,66.71,66.57,66.71,0.13,0.20%,349
2025-09-10 3:45,66.71,66.75,66.68,66.73,0.02,0.03%,467
2025-09-10 3:50,66.74,66.75,66.65,66.71,-0.02,-0.03%,379
2025-09-10 3:55,66.7,66.71,66.66,66.69,-0.02,-0.03%,170
2025-09-10 4:00,66.69,66.72,66.66,66.71,0.02,0.03%,260
2025-09-10 4:05,66.69,66.72,66.68,66.7,-0.01,-0.01%,297
2025-09-10 4:10,66.7,66.72,66.68,66.68,-0.02,-0.03%,77
2025-09-10 4:15,66.68,66.71,66.67,66.69,0.01,0.01%,413
2025-09-10 4:20,66.68,66.69,66.62,66.64,-0.05,-0.07%,503
2025-09-10 4:25,66.65,66.65,66.42,66.45,-0.19,-0.29%,806
2025-09-10 4:30,66.46,66.53,66.41,66.52,0.07,0.11%,399
2025-09-10 4:35,66.5,66.52,66.49,66.51,-0.01,-0.02%,51
2025-09-10 4:40,66.52,66.53,66.49,66.53,0.02,0.03%,51
2025-09-10 4:45,66.52,66.55,66.49,66.49,-0.04,-0.06%,67
2025-09-10 4:50,66.49,66.53,66.48,66.53,0.04,0.06%,128
2025-09-10 4:55,66.52,66.55,66.47,66.47,-0.06,-0.09%,132
2025-09-10 5:00,66.47,66.47,66.37,66.38,-0.09,-0.14%,245
2025-09-10 5:05,66.39,66.46,66.38,66.45,0.07,0.11%,79
2025-09-10 5:10,66.47,66.51,66.46,66.51,0.06,0.09%,410
2025-09-10 5:15,66.51,66.6,66.51,66.57,0.06,0.09%,461
2025-09-10 5:20,66.57,66.6,66.55,66.59,0.02,0.03%,112
2025-09-10 5:25,66.6,66.63,66.6,66.61,0.02,0.03%,264
2025-09-10 5:30,66.61,66.62,66.57,66.58,-0.03,-0.05%,252
2025-09-10 5:35,66.59,66.61,66.59,66.61,0.03,0.05%,145
2025-09-10 5:40,66.62,66.66,66.61,66.66,0.05,0.08%,162
2025-09-10 5:45,66.64,66.66,66.58,66.6,-0.06,-0.09%,200
2025-09-10 5:50,66.62,66.7,66.62,66.67,0.07,0.11%,239
2025-09-10 5:55,66.66,66.71,66.66,66.71,0.04,0.06%,128
2025-09-10 6:00,66.71,66.71,66.69,66.71,0,0.00%,283
2025-09-10 6:05,66.7,66.72,66.68,66.7,-0.01,-0.01%,213
2025-09-10 6:10,66.69,66.75,66.68,66.73,0.03,0.04%,300
2025-09-10 6:15,66.73,66.74,66.68,66.69,-0.04,-0.06%,234
2025-09-10 6:20,66.71,66.76,66.7,66.76,0.07,0.10%,188
2025-09-10 6:25,66.76,66.76,66.69,66.72,-0.04,-0.06%,87
2025-09-10 6:30,66.72,66.73,66.68,66.68,-0.04,-0.06%,420
2025-09-10 6:35,66.68,66.68,66.66,66.67,-0.01,-0.01%,60
2025-09-10 6:40,66.67,66.69,66.65,66.66,-0.01,-0.01%,177
2025-09-10 6:45,66.66,66.68,66.64,66.64,-0.02,-0.03%,154
2025-09-10 6:50,66.65,66.68,66.65,66.66,0.02,0.03%,150
2025-09-10 6:55,66.67,66.68,66.64,66.65,-0.01,-0.02%,167
2025-09-10 7:00,66.67,66.68,66.64,66.68,0.03,0.05%,139
2025-09-10 7:05,66.67,66.75,66.66,66.72,0.04,0.06%,181
2025-09-10 7:10,66.72,66.72,66.68,66.69,-0.03,-0.04%,224
2025-09-10 7:15,66.68,66.84,66.68,66.84,0.15,0.22%,344
2025-09-10 7:20,66.83,66.84,66.77,66.78,-0.06,-0.09%,641
2025-09-10 7:25,66.77,66.78,66.73,66.76,-0.02,-0.03%,255
2025-09-10 7:30,66.78,66.79,66.68,66.76,0,0.00%,357
2025-09-10 7:35,66.75,66.78,66.7,66.71,-0.05,-0.07%,208
2025-09-10 7:40,66.71,66.78,66.67,66.77,0.06,0.09%,158
2025-09-10 7:45,66.75,66.75,66.7,66.71,-0.06,-0.09%,120
2025-09-10 7:50,66.7,66.72,66.64,66.68,-0.03,-0.04%,575
2025-09-10 7:55,66.68,66.74,66.64,66.7,0.02,0.03%,416
2025-09-10 8:00,66.7,66.74,66.66,66.74,0.04,0.06%,570
2025-09-10 8:05,66.73,66.76,66.7,66.73,-0.01,-0.01%,608
2025-09-10 8:10,66.74,66.89,66.74,66.85,0.12,0.18%,1188
2025-09-10 8:15,66.82,66.83,66.69,66.69,-0.16,-0.24%,723
2025-09-10 8:20,66.69,66.73,66.69,66.69,0,0.00%,380
2025-09-10 8:25,66.69,66.69,66.53,66.59,-0.1,-0.15%,1048
2025-09-10 8:30,66.59,66.61,66.54,66.6,0.01,0.02%,504
2025-09-10 8:35,66.6,66.65,66.57,66.59,-0.01,-0.02%,425
2025-09-10 8:40,66.6,66.63,66.57,66.63,0.04,0.06%,299
2025-09-10 8:45,66.63,66.73,66.61,66.68,0.05,0.08%,433
2025-09-10 8:50,66.68,66.68,66.64,66.67,-0.01,-0.01%,434
2025-09-10 8:55,66.65,66.74,66.64,66.73,0.06,0.09%,406
2025-09-10 9:00,66.73,66.81,66.73,66.76,0.03,0.04%,383
2025-09-10 9:05,66.76,66.78,66.73,66.76,0,0.00%,222
2025-09-10 9:10,66.76,66.78,66.75,66.77,0.01,0.01%,232
2025-09-10 9:15,66.77,66.82,66.77,66.81,0.04,0.06%,417
2025-09-10 9:20,66.81,66.87,66.81,66.87,0.06,0.09%,340
2025-09-10 9:25,66.87,66.87,66.76,66.77,-0.1,-0.15%,407
2025-09-10 9:30,66.76,66.76,66.53,66.58,-0.19,-0.28%,1710
2025-09-10 9:35,66.59,66.71,66.55,66.55,-0.03,-0.05%,726
2025-09-10 9:40,66.54,66.57,66.44,66.47,-0.08,-0.12%,714
2025-09-10 9:45,66.46,66.55,66.45,66.53,0.06,0.09%,834
2025-09-10 9:50,66.53,66.81,66.5,66.73,0.2,0.30%,2641
2025-09-10 9:55,66.73,66.77,66.69,66.7,-0.03,-0.04%,572
2025-09-10 10:00,66.69,66.75,66.64,66.68,-0.02,-0.03%,518
2025-09-10 10:05,66.71,67.14,66.68,67.11,0.43,0.64%,2810
2025-09-10 10:10,67.11,67.16,66.87,66.95,-0.16,-0.24%,2621
2025-09-10 10:15,66.96,67.08,66.94,67.02,0.07,0.10%,1419
2025-09-10 10:20,67.03,67.06,66.97,67.04,0.02,0.03%,1090
2025-09-10 10:25,67.04,67.05,66.93,66.96,-0.08,-0.12%,1221
2025-09-10 10:30,66.97,67.01,66.91,66.95,-0.01,-0.01%,1229
2025-09-10 10:35,66.95,67.06,66.91,67.05,0.1,0.15%,976
2025-09-10 10:40,67.06,67.15,67.02,67.02,-0.03,-0.04%,906
2025-09-10 10:45,67.01,67.23,67,67.22,0.2,0.30%,854
2025-09-10 10:50,67.22,67.3,67.15,67.21,-0.01,-0.01%,1202
2025-09-10 10:55,67.22,67.35,67.2,67.32,0.11,0.16%,1187
2025-09-10 11:00,67.32,67.41,67.32,67.38,0.06,0.09%,748
2025-09-10 11:05,67.38,67.39,67.3,67.34,-0.04,-0.06%,893
2025-09-10 11:10,67.35,67.37,67.31,67.34,0,0.00%,300
2025-09-10 11:15,67.33,67.36,67.31,67.36,0.02,0.03%,265
2025-09-10 11:20,67.36,67.37,67.32,67.35,-0.01,-0.01%,463
2025-09-10 11:25,67.34,67.39,67.33,67.36,0.01,0.01%,432
2025-09-10 11:30,67.36,67.37,67.32,67.36,0,0.00%,406
2025-09-10 11:35,67.36,67.41,67.36,67.37,0.01,0.01%,234
2025-09-10 11:40,67.37,67.37,67.32,67.33,-0.04,-0.06%,273
2025-09-10 11:45,67.32,67.36,67.29,67.35,0.02,0.03%,495
2025-09-10 11:50,67.35,67.37,67.33,67.36,0.01,0.01%,253
2025-09-10 11:55,67.36,67.38,67.34,67.38,0.02,0.03%,162
2025-09-10 12:00,67.36,67.36,67.26,67.26,-0.12,-0.18%,455
2025-09-10 12:05,67.26,67.27,67.2,67.22,-0.04,-0.06%,467
2025-09-10 12:10,67.22,67.23,67.19,67.23,0.01,0.01%,165
2025-09-10 12:15,67.23,67.25,67.22,67.24,0.01,0.01%,122
2025-09-10 12:20,67.24,67.26,67.21,67.23,-0.01,-0.01%,239
2025-09-10 12:25,67.24,67.33,67.24,67.26,0.03,0.04%,338
2025-09-10 12:30,67.27,67.28,67.2,67.24,-0.02,-0.03%,247
2025-09-10 12:35,67.24,67.3,67.24,67.3,0.06,0.09%,327
2025-09-10 12:40,67.29,67.29,67.22,67.25,-0.05,-0.07%,403
2025-09-10 12:45,67.25,67.26,67.22,67.23,-0.02,-0.03%,123
2025-09-10 12:50,67.23,67.25,67.22,67.23,0,0.00%,160
2025-09-10 12:55,67.23,67.28,67.23,67.24,0.01,0.01%,159
2025-09-10 13:00,67.23,67.27,67.22,67.26,0.02,0.03%,180
2025-09-10 13:05,67.25,67.26,67.21,67.25,-0.01,-0.01%,171
2025-09-10 13:10,67.25,67.25,67.23,67.25,0,0.00%,89
2025-09-10 13:15,67.26,67.26,67.19,67.2,-0.05,-0.07%,369
2025-09-10 13:20,67.19,67.21,67.18,67.19,-0.01,-0.01%,465
2025-09-10 13:25,67.19,67.22,67.13,67.16,-0.03,-0.04%,1896
2025-09-10 13:30,67.16,67.26,67.15,67.24,0.08,0.12%,977
2025-09-10 13:35,67.24,67.27,67.23,67.27,0.03,0.04%,180
2025-09-10 13:40,67.27,67.28,67.25,67.25,-0.02,-0.03%,103
2025-09-10 13:45,67.26,67.26,67.23,67.24,-0.01,-0.01%,49
2025-09-10 13:50,67.25,67.26,67.23,67.24,0,0.00%,45
2025-09-10 13:55,67.24,67.27,67.23,67.27,0.03,0.04%,42
2025-09-10 14:00,67.27,67.27,67.24,67.24,-0.03,-0.04%,58
2025-09-10 14:05,67.24,67.32,67.24,67.31,0.07,0.10%,275
2025-09-10 14:10,67.31,67.34,67.29,67.29,-0.02,-0.03%,71
2025-09-10 14:15,67.3,67.32,67.3,67.3,0.01,0.01%,171
2025-09-10 14:20,67.3,67.3,67.27,67.27,-0.03,-0.04%,107
2025-09-10 14:25,67.27,67.28,67.25,67.27,0,0.00%,53
2025-09-10 14:30,67.27,67.28,67.27,67.28,0.01,0.01%,8
2025-09-10 14:35,67.29,67.31,67.28,67.31,0.03,0.04%,79
2025-09-10 14:40,67.31,67.31,67.29,67.31,0,0.00%,51
2025-09-10 14:45,67.31,67.33,67.3,67.3,-0.01,-0.01%,65
2025-09-10 14:50,67.31,67.31,67.29,67.3,0,0.00%,31
2025-09-10 14:55,67.29,67.32,67.27,67.27,-0.03,-0.04%,80
2025-09-10 15:00,67.27,67.29,67.26,67.27,0,0.00%,41
2025-09-10 15:05,67.27,67.27,67.26,67.26,-0.01,-0.01%,40
2025-09-10 15:10,67.26,67.27,67.24,67.24,-0.02,-0.03%,49
2025-09-10 15:15,67.24,67.26,67.23,67.26,0.02,0.03%,97
2025-09-10 15:20,67.26,67.27,67.25,67.25,-0.01,-0.01%,22
2025-09-10 15:25,67.26,67.27,67.25,67.26,0.01,0.01%,20
2025-09-10 15:30,67.25,67.25,67.25,67.25,-0.01,-0.01%,1
2025-09-10 15:35,67.25,67.25,67.24,67.24,-0.01,-0.01%,20
2025-09-10 15:40,67.24,67.24,67.24,67.24,0,0.00%,11
2025-09-10 15:45,67.24,67.24,67.23,67.23,-0.01,-0.01%,15
2025-09-10 15:50,67.23,67.25,67.22,67.23,0,0.00%,49
2025-09-10 15:55,67.22,67.24,67.22,67.23,0,0.00%,52
2025-09-10 16:00,67.26,67.27,67.26,67.27,0.04,0.06%,13
2025-09-10 16:20,67.25,67.25,67.25,67.25,-0.02,-0.03%,1
2025-09-10 16:35,67.25,67.25,67.25,67.25,0,0.00%,1
2025-09-10 16:40,67.24,67.24,67.24,67.24,-0.01,-0.01%,7
2025-09-10 19:00,67.25,67.28,67.24,67.27,0.03,0.04%,126
2025-09-10 19:05,67.28,67.28,67.26,67.27,0,0.00%,20
2025-09-10 19:10,67.26,67.26,67.26,67.26,-0.01,-0.01%,5
2025-09-10 19:15,67.26,67.26,67.24,67.25,-0.01,-0.01%,8
2025-09-10 19:20,67.24,67.25,67.24,67.25,0,0.00%,5
2025-09-10 19:25,67.25,67.25,67.24,67.25,0,0.00%,16
2025-09-10 19:30,67.25,67.26,67.24,67.25,0,0.00%,22
2025-09-10 19:35,67.25,67.25,67.24,67.24,-0.01,-0.01%,4
2025-09-10 19:40,67.24,67.24,67.22,67.24,0,0.00%,16
2025-09-10 19:45,67.24,67.25,67.24,67.24,0,0.00%,14
2025-09-10 19:50,67.24,67.24,67.23,67.24,0,0.00%,46
2025-09-10 19:55,67.24,67.24,67.22,67.24,0,0.00%,197
2025-09-10 20:00,67.23,67.23,67.12,67.13,-0.11,-0.16%,202
2025-09-10 20:05,67.14,67.16,67.13,67.15,0.02,0.03%,51
2025-09-10 20:10,67.14,67.16,67.12,67.13,-0.02,-0.03%,101
2025-09-10 20:15,67.12,67.13,67.12,67.13,0,0.00%,14
2025-09-10 20:20,67.13,67.15,67.12,67.13,0,0.00%,96
2025-09-10 20:25,67.14,67.18,67.13,67.17,0.04,0.06%,108
2025-09-10 20:30,67.16,67.16,67.15,67.15,-0.02,-0.03%,4
2025-09-10 20:35,67.14,67.16,67.14,67.15,0,0.00%,44
2025-09-10 20:40,67.14,67.17,67.14,67.17,0.02,0.03%,46
2025-09-10 20:45,67.17,67.19,67.16,67.16,-0.01,-0.01%,55
2025-09-10 20:50,67.16,67.18,67.14,67.17,0.01,0.01%,84
2025-09-10 20:55,67.18,67.2,67.18,67.18,0.01,0.01%,438
2025-09-10 21:00,67.19,67.21,67.18,67.2,0.02,0.03%,49
2025-09-10 21:05,67.2,67.2,67.17,67.19,-0.01,-0.01%,39
2025-09-10 21:10,67.19,67.19,67.17,67.17,-0.02,-0.03%,42
2025-09-10 21:15,67.18,67.2,67.17,67.18,0.01,0.01%,10
2025-09-10 21:20,67.18,67.19,67.18,67.19,0.01,0.01%,13
2025-09-10 21:25,67.19,67.19,67.18,67.18,-0.01,-0.01%,48
2025-09-10 21:30,67.19,67.21,67.15,67.15,-0.03,-0.04%,152
2025-09-10 21:35,67.16,67.16,67.11,67.12,-0.03,-0.04%,145
2025-09-10 21:40,67.13,67.14,67.1,67.13,0.01,0.01%,149
2025-09-10 21:45,67.14,67.14,67.11,67.13,0,0.00%,150
2025-09-10 21:50,67.14,67.14,67.11,67.12,-0.01,-0.01%,59
2025-09-10 21:55,67.12,67.14,67.12,67.14,0.02,0.03%,42
2025-09-10 22:00,67.14,67.15,67.13,67.14,0,0.00%,40
2025-09-10 22:05,67.14,67.14,67.12,67.12,-0.02,-0.03%,62
2025-09-10 22:10,67.11,67.13,67.1,67.11,-0.01,-0.01%,49
2025-09-10 22:15,67.12,67.13,67.09,67.09,-0.02,-0.03%,78
2025-09-10 22:20,67.09,67.11,67.06,67.06,-0.03,-0.04%,269
2025-09-10 22:25,67.07,67.11,67.06,67.1,0.04,0.06%,65
2025-09-10 22:30,67.1,67.11,67.1,67.11,0.01,0.01%,11
2025-09-10 22:35,67.11,67.13,67.11,67.12,0.01,0.01%,23
2025-09-10 22:40,67.11,67.11,67.11,67.11,-0.01,-0.01%,18
2025-09-10 22:45,67.11,67.11,67.11,67.11,0,0.00%,1
2025-09-10 22:50,67.1,67.11,67.1,67.11,0,0.00%,10
2025-09-10 22:55,67.1,67.1,67.06,67.06,-0.05,-0.07%,146
2025-09-10 23:00,67.06,67.06,67.04,67.06,0,0.00%,28
2025-09-10 23:05,67.07,67.08,67.07,67.07,0.01,0.01%,16
2025-09-10 23:10,67.06,67.07,67.05,67.05,-0.02,-0.03%,46
2025-09-10 23:15,67.06,67.06,67.04,67.04,-0.01,-0.01%,50
2025-09-10 23:20,67.04,67.05,67.03,67.03,-0.01,-0.01%,17
2025-09-10 23:25,67.03,67.03,67.01,67.02,-0.01,-0.01%,15
2025-09-10 23:30,67.03,67.03,67.02,67.02,0,0.00%,208
2025-09-10 23:35,67.01,67.02,67.01,67.02,0,0.00%,4
2025-09-10 23:40,67.02,67.03,67.02,67.03,0.01,0.01%,16
2025-09-10 23:45,67.03,67.04,67.03,67.03,0,0.00%,8
2025-09-10 23:50,67.03,67.03,67.03,67.03,0,0.00%,4
2025-09-10 23:55,67.03,67.03,67.02,67.02,-0.01,-0.01%,10
2025-09-11 0:00,67.02,67.02,66.99,67,-0.02,-0.03%,158
2025-09-11 0:05,67.01,67.01,66.97,66.97,-0.03,-0.04%,81
2025-09-11 0:10,66.96,66.96,66.92,66.93,-0.04,-0.06%,41
2025-09-11 0:15,66.93,66.95,66.93,66.94,0.01,0.01%,14
2025-09-11 0:20,66.94,66.97,66.94,66.97,0.03,0.04%,11
2025-09-11 0:25,66.96,66.97,66.96,66.97,0,0.00%,87
2025-09-11 0:30,66.98,66.99,66.91,66.96,-0.01,-0.01%,287
2025-09-11 0:35,66.96,66.96,66.91,66.95,-0.01,-0.01%,225
2025-09-11 0:40,66.95,66.95,66.92,66.95,0,0.00%,61
2025-09-11 0:45,66.94,67.01,66.94,66.96,0.01,0.01%,102
2025-09-11 0:50,66.97,67.01,66.97,66.99,0.03,0.04%,108
2025-09-11 0:55,66.99,67.01,66.98,66.99,0,0.00%,285
2025-09-11 1:00,67,67.06,67,67.01,0.02,0.03%,346
2025-09-11 1:05,67.03,67.08,67.02,67.08,0.07,0.10%,59
2025-09-11 1:10,67.07,67.08,67.04,67.06,-0.02,-0.03%,62
2025-09-11 1:15,67.04,67.08,67.03,67.06,0,0.00%,74
2025-09-11 1:20,67.06,67.1,67.06,67.07,0.01,0.01%,127
2025-09-11 1:25,67.07,67.1,67.06,67.09,0.02,0.03%,76
2025-09-11 1:30,67.09,67.12,67.07,67.09,0,0.00%,150
2025-09-11 1:35,67.1,67.1,67.03,67.03,-0.06,-0.09%,105
2025-09-11 1:40,67.03,67.1,67.01,67.09,0.06,0.09%,175
2025-09-11 1:45,67.09,67.1,67.08,67.09,0,0.00%,57
2025-09-11 1:50,67.11,67.14,67.11,67.12,0.03,0.04%,167
2025-09-11 1:55,67.12,67.12,67.04,67.09,-0.03,-0.04%,246
2025-09-11 2:00,67.09,67.12,67.02,67.06,-0.03,-0.04%,219
2025-09-11 2:05,67.08,67.09,67.03,67.07,0.01,0.01%,213
2025-09-11 2:10,67.07,67.1,67.05,67.09,0.02,0.03%,156
2025-09-11 2:15,67.08,67.08,67.05,67.05,-0.04,-0.06%,106
2025-09-11 2:20,67.05,67.06,67.02,67.04,-0.01,-0.01%,98
2025-09-11 2:25,67.04,67.05,67.02,67.04,0,0.00%,236
2025-09-11 2:30,67.05,67.12,67.03,67.08,0.04,0.06%,228
2025-09-11 2:35,67.07,67.09,67.04,67.08,0,0.00%,79
2025-09-11 2:40,67.08,67.11,67.06,67.09,0.01,0.01%,81
2025-09-11 2:45,67.08,67.08,67.03,67.06,-0.03,-0.04%,136
2025-09-11 2:50,67.05,67.06,67.02,67.05,-0.01,-0.01%,97
2025-09-11 2:55,67.03,67.09,67,67.09,0.04,0.06%,135
2025-09-11 3:00,67.08,67.17,67.08,67.12,0.03,0.04%,510
2025-09-11 3:05,67.11,67.13,67.07,67.11,-0.01,-0.01%,501
2025-09-11 3:10,67.11,67.12,67.06,67.07,-0.04,-0.06%,373
2025-09-11 3:15,67.07,67.07,66.91,66.97,-0.1,-0.15%,1124
2025-09-11 3:20,66.96,66.97,66.91,66.93,-0.04,-0.06%,1006
2025-09-11 3:25,66.93,66.99,66.87,66.9,-0.03,-0.04%,1928
2025-09-11 3:30,66.9,66.97,66.86,66.9,0,0.00%,1389
2025-09-11 3:35,66.9,66.93,66.84,66.9,0,0.00%,910
2025-09-11 3:40,66.89,66.9,66.72,66.76,-0.14,-0.21%,489
2025-09-11 3:45,66.76,66.82,66.75,66.8,0.04,0.06%,462
2025-09-11 3:50,66.81,66.83,66.79,66.82,0.02,0.03%,252
2025-09-11 3:55,66.83,66.93,66.81,66.88,0.06,0.09%,795
2025-09-11 4:00,66.88,66.91,66.81,66.9,0.02,0.03%,380
2025-09-11 4:05,66.9,66.93,66.89,66.91,0.01,0.01%,127
2025-09-11 4:10,66.89,66.94,66.89,66.94,0.03,0.04%,134
2025-09-11 4:15,66.94,66.95,66.92,66.95,0.01,0.01%,123
2025-09-11 4:20,66.95,67.01,66.94,67,0.05,0.07%,425
2025-09-11 4:25,67,67.09,66.98,67,0,0.00%,629
2025-09-11 4:30,67,67.01,66.92,66.95,-0.05,-0.07%,352
2025-09-11 4:35,66.96,67.01,66.96,66.99,0.04,0.06%,215
2025-09-11 4:40,66.99,66.99,66.91,66.91,-0.08,-0.12%,129
2025-09-11 4:45,66.92,66.95,66.91,66.94,0.03,0.04%,311
2025-09-11 4:50,66.95,66.95,66.9,66.95,0.01,0.01%,107
2025-09-11 4:55,66.94,66.94,66.86,66.87,-0.08,-0.12%,251
2025-09-11 5:00,66.88,66.89,66.67,66.69,-0.18,-0.27%,1010
2025-09-11 5:05,66.69,66.76,66.67,66.7,0.01,0.01%,802
2025-09-11 5:10,66.69,66.75,66.66,66.74,0.04,0.06%,281
2025-09-11 5:15,66.73,66.78,66.72,66.75,0.01,0.01%,493
2025-09-11 5:20,66.75,66.77,66.74,66.75,0,0.00%,110
2025-09-11 5:25,66.75,66.78,66.74,66.75,0,0.00%,141
2025-09-11 5:30,66.74,66.75,66.62,66.63,-0.12,-0.18%,592
2025-09-11 5:35,66.63,66.68,66.63,66.67,0.04,0.06%,287
2025-09-11 5:40,66.67,66.67,66.63,66.65,-0.02,-0.03%,413
2025-09-11 5:45,66.65,66.67,66.63,66.65,0,0.00%,352
2025-09-11 5:50,66.64,66.73,66.64,66.67,0.02,0.03%,147
2025-09-11 5:55,66.69,66.7,66.65,66.66,-0.01,-0.01%,133
2025-09-11 6:00,66.67,66.7,66.65,66.69,0.03,0.05%,452
2025-09-11 6:05,66.69,66.69,66.65,66.67,-0.02,-0.03%,100
2025-09-11 6:10,66.67,66.67,66.65,66.65,-0.02,-0.03%,132
2025-09-11 6:15,66.66,66.66,66.57,66.58,-0.07,-0.11%,269
2025-09-11 6:20,66.58,66.6,66.56,66.58,0,0.00%,111
2025-09-11 6:25,66.57,66.61,66.56,66.57,-0.01,-0.02%,239
2025-09-11 6:30,66.58,66.58,66.41,66.48,-0.09,-0.14%,1223
2025-09-11 6:35,66.5,66.53,66.46,66.52,0.04,0.06%,195
2025-09-11 6:40,66.5,66.53,66.48,66.49,-0.03,-0.05%,111
2025-09-11 6:45,66.5,66.54,66.5,66.52,0.03,0.05%,187
2025-09-11 6:50,66.52,66.52,66.46,66.47,-0.05,-0.08%,242
2025-09-11 6:55,66.48,66.52,66.47,66.52,0.05,0.08%,94
2025-09-11 7:00,66.51,66.51,66.43,66.46,-0.06,-0.09%,504
2025-09-11 7:05,66.47,66.52,66.46,66.49,0.03,0.05%,104
2025-09-11 7:10,66.49,66.5,66.45,66.45,-0.04,-0.06%,247
2025-09-11 7:15,66.44,66.5,66.41,66.43,-0.02,-0.03%,286
2025-09-11 7:20,66.43,66.47,66.25,66.36,-0.07,-0.11%,848
2025-09-11 7:25,66.36,66.42,66.36,66.41,0.05,0.08%,439
2025-09-11 7:30,66.39,66.43,66.25,66.28,-0.13,-0.20%,937
2025-09-11 7:35,66.3,66.34,66.27,66.31,0.03,0.05%,503
2025-09-11 7:40,66.29,66.33,66.25,66.33,0.02,0.03%,388
2025-09-11 7:45,66.32,66.37,66.32,66.35,0.02,0.03%,247
2025-09-11 7:50,66.33,66.33,66.21,66.26,-0.09,-0.14%,1066
2025-09-11 7:55,66.25,66.3,66.2,66.27,0.01,0.02%,519
2025-09-11 8:00,66.27,66.27,66.1,66.19,-0.08,-0.12%,1475
2025-09-11 8:05,66.2,66.22,65.93,65.94,-0.25,-0.38%,1599
2025-09-11 8:10,65.94,65.97,65.81,65.93,-0.01,-0.02%,2099
2025-09-11 8:15,65.91,66.07,65.91,65.98,0.05,0.08%,1404
2025-09-11 8:20,65.99,66.01,65.93,65.95,-0.03,-0.05%,1182
2025-09-11 8:25,65.94,65.99,65.91,65.93,-0.02,-0.03%,588
2025-09-11 8:30,65.94,65.96,65.84,65.92,-0.01,-0.02%,1175
2025-09-11 8:35,65.93,65.99,65.92,65.95,0.03,0.05%,980
2025-09-11 8:40,65.96,66.06,65.93,66.01,0.06,0.09%,856
2025-09-11 8:45,66.02,66.07,65.98,66.06,0.05,0.08%,482
2025-09-11 8:50,66.05,66.18,66,66.16,0.1,0.15%,1223
2025-09-11 8:55,66.16,66.23,66.12,66.2,0.04,0.06%,675
2025-09-11 9:00,66.2,66.23,66.16,66.16,-0.04,-0.06%,834
2025-09-11 9:05,66.17,66.18,66.04,66.05,-0.11,-0.17%,1007
2025-09-11 9:10,66.05,66.15,66,66.04,-0.01,-0.02%,435
2025-09-11 9:15,66.05,66.14,66.04,66.12,0.08,0.12%,517
2025-09-11 9:20,66.12,66.13,66.02,66.04,-0.08,-0.12%,450
2025-09-11 9:25,66.04,66.13,66.01,66.02,-0.02,-0.03%,922
2025-09-11 9:30,66.03,66.08,65.96,65.99,-0.03,-0.05%,318
2025-09-11 9:35,66,66.04,65.92,65.93,-0.06,-0.09%,546
2025-09-11 9:40,65.93,66.02,65.91,66,0.07,0.11%,681
2025-09-11 9:45,66,66.02,65.93,65.95,-0.05,-0.08%,593
2025-09-11 9:50,65.94,66.05,65.92,66.02,0.07,0.11%,371
2025-09-11 9:55,66.01,66.06,65.98,66.03,0.01,0.02%,637
2025-09-11 10:00,66.03,66.05,65.97,66.02,-0.01,-0.02%,601
2025-09-11 10:05,66.02,66.1,65.99,66.06,0.04,0.06%,489
2025-09-11 10:10,66.06,66.11,66.05,66.09,0.03,0.05%,377
2025-09-11 10:15,66.08,66.17,66.03,66.05,-0.04,-0.06%,1361
2025-09-11 10:20,66.05,66.17,66.05,66.1,0.05,0.08%,494
2025-09-11 10:25,66.09,66.11,66.01,66.02,-0.08,-0.12%,1557
2025-09-11 10:30,66.02,66.05,65.97,66.04,0.02,0.03%,2293
2025-09-11 10:35,66.03,66.1,66.01,66.06,0.02,0.03%,566
2025-09-11 10:40,66.04,66.04,65.87,65.95,-0.11,-0.17%,532
2025-09-11 10:45,65.96,66,65.95,65.98,0.03,0.05%,552
2025-09-11 10:50,65.99,66.02,65.93,66,0.02,0.03%,456
2025-09-11 10:55,66,66.09,65.98,66.03,0.03,0.05%,531
2025-09-11 11:00,66.04,66.04,65.98,66.04,0.01,0.02%,380
2025-09-11 11:05,66.03,66.06,65.97,65.97,-0.07,-0.11%,147
2025-09-11 11:10,65.98,66.01,65.91,65.96,-0.01,-0.02%,353
2025-09-11 11:15,65.96,66,65.95,65.98,0.02,0.03%,313
2025-09-11 11:20,65.98,66,65.96,66,0.02,0.03%,393
2025-09-11 11:25,65.99,66.01,65.96,65.99,-0.01,-0.02%,435
2025-09-11 11:30,66,66.03,65.98,66.03,0.04,0.06%,254
2025-09-11 11:35,66.02,66.08,66,66.07,0.04,0.06%,108
2025-09-11 11:40,66.07,66.11,66.05,66.08,0.01,0.02%,331
2025-09-11 11:45,66.08,66.1,66.02,66.07,-0.01,-0.02%,242
2025-09-11 11:50,66.07,66.1,66.06,66.1,0.03,0.05%,313
2025-09-11 11:55,66.09,66.1,66.03,66.09,-0.01,-0.02%,263
2025-09-11 12:00,66.08,66.08,66,66.05,-0.04,-0.06%,428
2025-09-11 12:05,66.04,66.05,66.01,66.04,-0.01,-0.02%,54
2025-09-11 12:10,66.04,66.09,66.04,66.08,0.04,0.06%,136
2025-09-11 12:15,66.07,66.09,66.06,66.07,-0.01,-0.02%,105
2025-09-11 12:20,66.07,66.09,66.03,66.03,-0.04,-0.06%,289
2025-09-11 12:25,66.03,66.09,66.03,66.05,0.02,0.03%,131
2025-09-11 12:30,66.05,66.13,66.05,66.11,0.06,0.09%,260
2025-09-11 12:35,66.11,66.19,66.11,66.19,0.08,0.12%,388
2025-09-11 12:40,66.19,66.19,66.12,66.15,-0.04,-0.06%,225
2025-09-11 12:45,66.14,66.19,66.14,66.19,0.04,0.06%,261
2025-09-11 12:50,66.18,66.2,66.1,66.11,-0.08,-0.12%,181
2025-09-11 12:55,66.1,66.1,66.03,66.07,-0.04,-0.06%,297
2025-09-11 13:00,66.06,66.06,65.98,65.99,-0.08,-0.12%,209
2025-09-11 13:05,65.98,65.98,65.87,65.93,-0.06,-0.09%,463
2025-09-11 13:10,65.94,65.95,65.87,65.94,0.01,0.02%,389
2025-09-11 13:15,65.94,66.01,65.93,65.99,0.05,0.08%,183
2025-09-11 13:20,65.99,66.08,65.99,66.07,0.08,0.12%,501
2025-09-11 13:25,66.07,66.07,65.99,66.01,-0.06,-0.09%,1325
2025-09-11 13:30,66.01,66.03,65.96,66.01,0,0.00%,343
2025-09-11 13:35,66.02,66.03,65.97,65.98,-0.03,-0.05%,252
2025-09-11 13:40,65.96,65.96,65.89,65.94,-0.04,-0.06%,250
2025-09-11 13:45,65.94,65.96,65.93,65.94,0,0.00%,163
2025-09-11 13:50,65.93,65.93,65.9,65.93,-0.01,-0.02%,131
2025-09-11 13:55,65.92,65.94,65.91,65.92,-0.01,-0.02%,151
2025-09-11 14:00,65.92,65.96,65.92,65.94,0.02,0.03%,106
2025-09-11 14:05,65.94,65.94,65.9,65.94,0,0.00%,137
2025-09-11 14:10,65.94,65.94,65.91,65.93,-0.01,-0.02%,49
2025-09-11 14:15,65.93,65.93,65.89,65.91,-0.02,-0.03%,67
2025-09-11 14:20,65.91,65.94,65.91,65.94,0.03,0.05%,21
2025-09-11 14:25,65.94,65.94,65.91,65.92,-0.02,-0.03%,32
2025-09-11 14:30,65.92,65.93,65.91,65.93,0.01,0.02%,52
2025-09-11 14:35,65.93,65.93,65.91,65.92,-0.01,-0.02%,92
2025-09-11 14:40,65.92,65.93,65.91,65.92,0,0.00%,47
2025-09-11 14:45,65.93,65.93,65.89,65.89,-0.03,-0.05%,53
2025-09-11 14:50,65.9,65.9,65.87,65.9,0.01,0.02%,127
2025-09-11 14:55,65.91,65.92,65.87,65.89,-0.01,-0.02%,83
2025-09-11 15:00,65.9,65.94,65.9,65.94,0.05,0.08%,20
2025-09-11 15:05,65.92,65.95,65.92,65.93,-0.01,-0.02%,16
2025-09-11 15:10,65.93,65.94,65.92,65.93,0,0.00%,19
2025-09-11 15:15,65.92,65.94,65.92,65.93,0,0.00%,26
2025-09-11 15:20,65.93,65.93,65.92,65.92,-0.01,-0.02%,24
2025-09-11 15:25,65.93,65.93,65.9,65.92,0,0.00%,93
2025-09-11 15:30,65.91,65.91,65.91,65.91,-0.01,-0.02%,3
2025-09-11 15:35,65.92,65.93,65.92,65.93,0.02,0.03%,5
2025-09-11 15:40,65.93,65.95,65.93,65.95,0.02,0.03%,18
2025-09-11 15:45,65.94,65.94,65.91,65.92,-0.03,-0.05%,23
2025-09-11 15:50,65.92,65.95,65.92,65.93,0.01,0.02%,26
2025-09-11 15:55,65.92,65.94,65.9,65.9,-0.03,-0.05%,35
2025-09-11 16:00,65.92,65.93,65.92,65.93,0.03,0.05%,2
2025-09-11 16:05,65.93,65.93,65.93,65.93,0,0.00%,2
2025-09-11 16:10,65.93,65.93,65.93,65.93,0,0.00%,2
2025-09-11 16:15,65.91,65.91,65.9,65.91,-0.02,-0.03%,6
2025-09-11 16:20,65.91,65.91,65.91,65.91,0,0.00%,1
2025-09-11 16:25,65.9,65.9,65.89,65.89,-0.02,-0.03%,2
2025-09-11 16:30,65.88,65.9,65.88,65.9,0.01,0.02%,10
2025-09-11 16:35,65.9,65.94,65.9,65.94,0.04,0.06%,31
2025-09-11 16:40,65.96,65.96,65.96,65.96,0.02,0.03%,9
2025-09-11 16:45,65.96,65.96,65.96,65.96,0,0.00%,2
2025-09-11 16:50,65.95,65.96,65.95,65.96,0,0.00%,3
2025-09-11 16:55,65.95,65.95,65.95,65.95,-0.01,-0.02%,1
2025-09-11 19:00,65.88,65.88,65.76,65.87,-0.08,-0.12%,275
2025-09-11 19:05,65.88,65.88,65.77,65.79,-0.08,-0.12%,227
2025-09-11 19:10,65.79,65.79,65.75,65.75,-0.04,-0.06%,33
2025-09-11 19:15,65.77,65.78,65.75,65.77,0.02,0.03%,63
2025-09-11 19:20,65.76,65.76,65.73,65.73,-0.04,-0.06%,145
2025-09-11 19:25,65.73,65.75,65.73,65.73,0,0.00%,20
2025-09-11 19:30,65.75,65.75,65.74,65.74,0.01,0.02%,14
2025-09-11 19:35,65.74,65.74,65.7,65.71,-0.03,-0.05%,354
2025-09-11 19:40,65.72,65.72,65.71,65.71,0,0.00%,31
2025-09-11 19:45,65.72,65.72,65.71,65.71,0,0.00%,12
2025-09-11 19:50,65.72,65.75,65.71,65.75,0.04,0.06%,68
2025-09-11 19:55,65.76,65.76,65.72,65.72,-0.03,-0.05%,42
2025-09-11 20:00,65.73,65.75,65.69,65.74,0.02,0.03%,362
2025-09-11 20:05,65.73,65.75,65.67,65.74,0,0.00%,184
2025-09-11 20:10,65.72,65.74,65.71,65.72,-0.02,-0.03%,128
2025-09-11 20:15,65.72,65.73,65.69,65.72,0,0.00%,93
2025-09-11 20:20,65.74,65.74,65.71,65.73,0.01,0.02%,172
2025-09-11 20:25,65.72,65.73,65.67,65.69,-0.04,-0.06%,266
2025-09-11 20:30,65.69,65.69,65.63,65.66,-0.03,-0.05%,449
2025-09-11 20:35,65.66,65.68,65.65,65.67,0.01,0.02%,62
2025-09-11 20:40,65.66,65.68,65.64,65.68,0.01,0.02%,80
2025-09-11 20:45,65.68,65.69,65.65,65.66,-0.02,-0.03%,102
2025-09-11 20:50,65.66,65.68,65.61,65.63,-0.03,-0.05%,144
2025-09-11 20:55,65.63,65.63,65.52,65.54,-0.09,-0.14%,342
2025-09-11 21:00,65.53,65.57,65.53,65.54,0,0.00%,140
2025-09-11 21:05,65.53,65.55,65.52,65.53,-0.01,-0.02%,146
2025-09-11 21:10,65.52,65.55,65.52,65.53,0,0.00%,177
2025-09-11 21:15,65.53,65.57,65.53,65.55,0.02,0.03%,54
2025-09-11 21:20,65.54,65.56,65.54,65.54,-0.01,-0.02%,31
2025-09-11 21:25,65.55,65.58,65.54,65.58,0.04,0.06%,29
2025-09-11 21:30,65.58,65.58,65.52,65.52,-0.06,-0.09%,145
2025-09-11 21:35,65.52,65.53,65.51,65.51,-0.01,-0.02%,275
2025-09-11 21:40,65.51,65.55,65.49,65.53,0.02,0.03%,573
2025-09-11 21:45,65.53,65.53,65.46,65.48,-0.05,-0.08%,357
2025-09-11 21:50,65.47,65.5,65.47,65.47,-0.01,-0.02%,99
2025-09-11 21:55,65.47,65.48,65.44,65.46,-0.01,-0.02%,286
2025-09-11 22:00,65.45,65.46,65.42,65.43,-0.03,-0.05%,151
2025-09-11 22:05,65.43,65.46,65.43,65.44,0.01,0.02%,147
2025-09-11 22:10,65.44,65.45,65.43,65.45,0.01,0.02%,150
2025-09-11 22:15,65.45,65.5,65.45,65.48,0.03,0.05%,177
2025-09-11 22:20,65.48,65.51,65.47,65.5,0.02,0.03%,145
2025-09-11 22:25,65.49,65.5,65.44,65.45,-0.05,-0.08%,468
2025-09-11 22:30,65.46,65.49,65.41,65.41,-0.04,-0.06%,123
2025-09-11 22:35,65.41,65.45,65.41,65.45,0.04,0.06%,27
2025-09-11 22:40,65.44,65.47,65.43,65.47,0.02,0.03%,88
2025-09-11 22:45,65.47,65.48,65.47,65.48,0.01,0.02%,4
2025-09-11 22:50,65.51,65.51,65.5,65.5,0.02,0.03%,2
2025-09-11 22:55,65.48,65.5,65.48,65.48,-0.02,-0.03%,71
2025-09-11 23:00,65.49,65.53,65.49,65.5,0.02,0.03%,35
2025-09-11 23:05,65.49,65.51,65.49,65.51,0.01,0.02%,38
2025-09-11 23:10,65.52,65.52,65.5,65.5,-0.01,-0.02%,11
2025-09-11 23:15,65.5,65.52,65.5,65.52,0.02,0.03%,7
2025-09-11 23:20,65.53,65.54,65.52,65.54,0.02,0.03%,9
2025-09-11 23:25,65.53,65.53,65.51,65.53,-0.01,-0.02%,13
2025-09-11 23:30,65.52,65.53,65.52,65.52,-0.01,-0.02%,14
2025-09-11 23:35,65.53,65.53,65.5,65.51,-0.01,-0.02%,98
2025-09-11 23:40,65.51,65.51,65.5,65.51,0,0.00%,10
2025-09-11 23:45,65.5,65.51,65.5,65.51,0,0.00%,18
2025-09-11 23:50,65.5,65.51,65.48,65.49,-0.02,-0.03%,133
2025-09-11 23:55,65.5,65.5,65.48,65.5,0.01,0.02%,136
2025-09-12 0:00,65.49,65.49,65.47,65.49,-0.01,-0.02%,28
2025-09-12 0:05,65.5,65.52,65.5,65.52,0.03,0.05%,9
2025-09-12 0:10,65.52,65.53,65.51,65.53,0.01,0.02%,23
2025-09-12 0:15,65.53,65.57,65.53,65.56,0.03,0.05%,95
2025-09-12 0:20,65.55,65.56,65.54,65.55,-0.01,-0.02%,32
2025-09-12 0:25,65.54,65.55,65.53,65.55,0,0.00%,57
2025-09-12 0:30,65.54,65.54,65.49,65.54,-0.01,-0.02%,123
2025-09-12 0:35,65.54,65.56,65.54,65.55,0.01,0.02%,26
2025-09-12 0:40,65.55,65.57,65.55,65.55,0,0.00%,78
2025-09-12 0:45,65.56,65.6,65.55,65.55,0,0.00%,109
2025-09-12 0:50,65.56,65.57,65.54,65.56,0.01,0.02%,72
2025-09-12 0:55,65.56,65.57,65.54,65.55,-0.01,-0.02%,96
2025-09-12 1:00,65.54,65.55,65.51,65.52,-0.03,-0.05%,133
2025-09-12 1:05,65.52,65.55,65.42,65.45,-0.07,-0.11%,293
2025-09-12 1:10,65.44,65.51,65.42,65.47,0.02,0.03%,423
2025-09-12 1:15,65.47,65.56,65.47,65.53,0.06,0.09%,103
2025-09-12 1:20,65.53,65.53,65.46,65.46,-0.07,-0.11%,122
2025-09-12 1:25,65.48,65.51,65.48,65.48,0.02,0.03%,185
2025-09-12 1:30,65.48,65.52,65.48,65.49,0.01,0.02%,117
2025-09-12 1:35,65.5,65.5,65.48,65.49,0,0.00%,86
2025-09-12 1:40,65.48,65.48,65.42,65.47,-0.02,-0.03%,198
2025-09-12 1:45,65.46,65.46,65.38,65.41,-0.06,-0.09%,333
2025-09-12 1:50,65.43,65.44,65.36,65.39,-0.02,-0.03%,179
2025-09-12 1:55,65.39,65.42,65.39,65.42,0.03,0.05%,279
2025-09-12 2:00,65.41,65.53,65.36,65.53,0.11,0.17%,973
2025-09-12 2:05,65.53,65.58,65.51,65.57,0.04,0.06%,469
2025-09-12 2:10,65.57,65.62,65.55,65.59,0.02,0.03%,244
2025-09-12 2:15,65.59,65.61,65.56,65.61,0.02,0.03%,87
2025-09-12 2:20,65.6,65.62,65.46,65.5,-0.11,-0.17%,382
2025-09-12 2:25,65.51,65.54,65.48,65.53,0.03,0.05%,300
2025-09-12 2:30,65.53,65.59,65.5,65.55,0.02,0.03%,250
2025-09-12 2:35,65.56,65.61,65.51,65.56,0.01,0.02%,258
2025-09-12 2:40,65.57,65.64,65.56,65.62,0.06,0.09%,395
2025-09-12 2:45,65.6,65.66,65.57,65.65,0.03,0.05%,475
2025-09-12 2:50,65.64,65.79,65.64,65.78,0.13,0.20%,623
2025-09-12 2:55,65.77,65.82,65.74,65.77,-0.01,-0.02%,399
2025-09-12 3:00,65.76,65.85,65.75,65.78,0.01,0.02%,549
2025-09-12 3:05,65.78,65.83,65.76,65.83,0.05,0.08%,607
2025-09-12 3:10,65.83,65.87,65.83,65.86,0.03,0.05%,143
2025-09-12 3:15,65.86,65.86,65.78,65.79,-0.07,-0.11%,286
2025-09-12 3:20,65.8,65.89,65.8,65.84,0.05,0.08%,269
2025-09-12 3:25,65.84,65.92,65.81,65.92,0.08,0.12%,1639
2025-09-12 3:30,65.92,66.04,65.85,66,0.08,0.12%,1882
2025-09-12 3:35,66,66.03,65.96,65.99,-0.01,-0.02%,590
2025-09-12 3:40,65.98,65.99,65.93,65.98,-0.01,-0.02%,367
2025-09-12 3:45,65.99,66.06,65.97,66.04,0.06,0.09%,944
2025-09-12 3:50,66.04,66.14,66.03,66.13,0.09,0.14%,809
2025-09-12 3:55,66.12,66.17,66.06,66.07,-0.06,-0.09%,524
2025-09-12 4:00,66.06,66.12,66.06,66.11,0.04,0.06%,317
2025-09-12 4:05,66.12,66.22,66.12,66.22,0.11,0.17%,191
2025-09-12 4:10,66.22,66.29,66.2,66.25,0.03,0.05%,1002
2025-09-12 4:15,66.25,66.45,66.23,66.35,0.1,0.15%,1195
2025-09-12 4:20,66.35,66.54,66.35,66.44,0.09,0.14%,1031
2025-09-12 4:25,66.44,66.45,66.41,66.43,-0.01,-0.02%,374
2025-09-12 4:30,66.43,66.5,66.4,66.5,0.07,0.11%,841
2025-09-12 4:35,66.49,66.53,66.48,66.49,-0.01,-0.02%,619
2025-09-12 4:40,66.48,66.52,66.44,66.47,-0.02,-0.03%,746
2025-09-12 4:45,66.46,66.47,66.37,66.42,-0.05,-0.08%,784
2025-09-12 4:50,66.42,66.44,66.35,66.36,-0.06,-0.09%,365
2025-09-12 4:55,66.37,66.37,66.29,66.3,-0.06,-0.09%,439
2025-09-12 5:00,66.3,66.37,66.29,66.33,0.03,0.05%,241
2025-09-12 5:05,66.32,66.37,66.32,66.34,0.01,0.02%,191
2025-09-12 5:10,66.34,66.4,66.34,66.39,0.05,0.08%,114
2025-09-12 5:15,66.38,66.44,66.36,66.43,0.04,0.06%,223
2025-09-12 5:20,66.43,66.46,66.41,66.44,0.01,0.02%,133
2025-09-12 5:25,66.45,66.5,66.45,66.48,0.04,0.06%,211
2025-09-12 5:30,66.48,66.52,66.48,66.5,0.02,0.03%,183
2025-09-12 5:35,66.5,66.51,66.46,66.48,-0.02,-0.03%,208
2025-09-12 5:40,66.48,66.56,66.48,66.51,0.03,0.05%,337
2025-09-12 5:45,66.52,66.66,66.52,66.64,0.13,0.20%,1133
2025-09-12 5:50,66.63,66.75,66.61,66.73,0.09,0.14%,786
2025-09-12 5:55,66.74,66.79,66.73,66.77,0.04,0.06%,816
2025-09-12 6:00,66.76,66.88,66.71,66.86,0.09,0.13%,824
2025-09-12 6:05,66.86,66.92,66.85,66.89,0.03,0.04%,534
2025-09-12 6:10,66.89,66.94,66.86,66.89,0,0.00%,554
2025-09-12 6:15,66.89,66.92,66.85,66.87,-0.02,-0.03%,597
2025-09-12 6:20,66.87,66.96,66.86,66.9,0.03,0.04%,941
2025-09-12 6:25,66.9,66.98,66.9,66.96,0.06,0.09%,623
2025-09-12 6:30,66.96,67.03,66.94,66.98,0.02,0.03%,1230
2025-09-12 6:35,66.98,67.09,66.98,67.07,0.09,0.13%,1246
2025-09-12 6:40,67.08,67.17,67.07,67.09,0.02,0.03%,974
2025-09-12 6:45,67.1,67.13,67.05,67.12,0.03,0.04%,675
2025-09-12 6:50,67.12,67.13,67.09,67.11,-0.01,-0.01%,1060
2025-09-12 6:55,67.11,67.25,67.11,67.25,0.14,0.21%,1402
2025-09-12 7:00,67.24,67.32,67.22,67.27,0.02,0.03%,1118
2025-09-12 7:05,67.25,67.28,67.13,67.25,-0.02,-0.03%,1157
2025-09-12 7:10,67.25,67.28,67.22,67.23,-0.02,-0.03%,390
2025-09-12 7:15,67.23,67.25,67.16,67.17,-0.06,-0.09%,403
2025-09-12 7:20,67.18,67.36,67.18,67.24,0.07,0.10%,1171
2025-09-12 7:25,67.26,67.71,67.26,67.5,0.26,0.39%,6223
2025-09-12 7:30,67.52,67.65,67.16,67.24,-0.26,-0.39%,5033
2025-09-12 7:35,67.26,67.45,67.16,67.25,0.01,0.01%,3319
2025-09-12 7:40,67.27,67.35,67.13,67.34,0.09,0.13%,1756
2025-09-12 7:45,67.33,67.38,67.27,67.31,-0.03,-0.04%,520
2025-09-12 7:50,67.3,67.38,67.22,67.35,0.04,0.06%,1498
2025-09-12 7:55,67.36,67.42,67.27,67.27,-0.08,-0.12%,678
2025-09-12 8:00,67.27,67.27,67,67.23,-0.04,-0.06%,3740
2025-09-12 8:05,67.25,67.25,67.11,67.15,-0.08,-0.12%,952
2025-09-12 8:10,67.16,67.25,67.12,67.2,0.05,0.07%,1415
2025-09-12 8:15,67.21,67.22,67.01,67.01,-0.19,-0.28%,590
2025-09-12 8:20,67.02,67.04,66.88,66.95,-0.06,-0.09%,1349
2025-09-12 8:25,66.97,66.99,66.91,66.97,0.02,0.03%,651
2025-09-12 8:30,66.98,67.18,66.94,67.13,0.16,0.24%,837
2025-09-12 8:35,67.13,67.2,67.06,67.08,-0.05,-0.07%,547
2025-09-12 8:40,67.09,67.11,66.99,67.06,-0.02,-0.03%,734
2025-09-12 8:45,67.06,67.06,66.99,67.05,-0.01,-0.01%,1177
2025-09-12 8:50,67.05,67.11,67.01,67.01,-0.04,-0.06%,459
2025-09-12 8:55,67.01,67.09,66.99,67.08,0.07,0.10%,497
2025-09-12 9:00,67.08,67.09,67.02,67.03,-0.05,-0.07%,684
2025-09-12 9:05,67.04,67.07,66.97,67.03,0,0.00%,659
2025-09-12 9:10,67.02,67.14,67.01,67.09,0.06,0.09%,308
2025-09-12 9:15,67.09,67.15,67.07,67.13,0.04,0.06%,302
2025-09-12 9:20,67.13,67.16,67.13,67.16,0.03,0.04%,482
2025-09-12 9:25,67.14,67.17,67.09,67.17,0.01,0.01%,557
2025-09-12 9:30,67.17,67.17,67.01,67.03,-0.14,-0.21%,545
2025-09-12 9:35,67.02,67.03,66.97,67.01,-0.02,-0.03%,334
2025-09-12 9:40,67.02,67.02,66.91,66.98,-0.03,-0.04%,690
2025-09-12 9:45,66.97,66.99,66.89,66.89,-0.09,-0.13%,535
2025-09-12 9:50,66.89,66.93,66.89,66.9,0.01,0.01%,631
2025-09-12 9:55,66.9,67.03,66.9,67.01,0.11,0.16%,489
2025-09-12 10:00,67.02,67.1,66.99,67.08,0.07,0.10%,599
2025-09-12 10:05,67.08,67.12,67.04,67.07,-0.01,-0.01%,225
2025-09-12 10:10,67.06,67.1,67.04,67.09,0.02,0.03%,305
2025-09-12 10:15,67.08,67.18,67.08,67.16,0.07,0.10%,340
2025-09-12 10:20,67.17,67.19,67.08,67.08,-0.08,-0.12%,640
2025-09-12 10:25,67.08,67.12,67.03,67.06,-0.02,-0.03%,1275
2025-09-12 10:30,67.07,67.14,67.07,67.11,0.05,0.07%,539
2025-09-12 10:35,67.12,67.16,67.07,67.09,-0.02,-0.03%,240
2025-09-12 10:40,67.08,67.08,66.97,66.98,-0.11,-0.16%,454
2025-09-12 10:45,66.98,67,66.95,66.98,0,0.00%,219
2025-09-12 10:50,66.97,67.05,66.97,67.03,0.05,0.07%,482
2025-09-12 10:55,67.02,67.07,66.99,67.01,-0.02,-0.03%,630
2025-09-12 11:00,67.01,67.06,67,67.04,0.03,0.04%,332
2025-09-12 11:05,67.04,67.05,67,67.05,0.01,0.01%,317
2025-09-12 11:10,67.04,67.05,67,67.01,-0.04,-0.06%,536
2025-09-12 11:15,67,67.01,66.95,66.98,-0.03,-0.04%,187
2025-09-12 11:20,66.97,66.97,66.92,66.97,-0.01,-0.01%,359
2025-09-12 11:25,66.97,66.98,66.81,66.82,-0.15,-0.22%,1544
2025-09-12 11:30,66.82,66.83,66.65,66.65,-0.17,-0.25%,859
2025-09-12 11:35,66.65,66.66,66.61,66.64,-0.01,-0.02%,362
2025-09-12 11:40,66.64,66.65,66.55,66.57,-0.07,-0.11%,793
2025-09-12 11:45,66.57,66.62,66.53,66.58,0.01,0.02%,719
2025-09-12 11:50,66.58,66.59,66.43,66.44,-0.14,-0.21%,1009
2025-09-12 11:55,66.45,66.47,66.42,66.42,-0.02,-0.03%,298
2025-09-12 12:00,66.41,66.44,66.38,66.38,-0.04,-0.06%,176
2025-09-12 12:05,66.38,66.47,66.38,66.46,0.08,0.12%,591
2025-09-12 12:10,66.46,66.5,66.45,66.47,0.01,0.02%,191
2025-09-12 12:15,66.48,66.48,66.45,66.48,0.01,0.02%,389
2025-09-12 12:20,66.47,66.47,66.44,66.47,-0.01,-0.02%,161
2025-09-12 12:25,66.47,66.48,66.4,66.4,-0.07,-0.11%,247
2025-09-12 12:30,66.4,66.42,66.39,66.41,0.01,0.02%,250
2025-09-12 12:35,66.42,66.47,66.39,66.39,-0.02,-0.03%,385
2025-09-12 12:40,66.39,66.41,66.28,66.29,-0.1,-0.15%,372
2025-09-12 12:45,66.31,66.36,66.3,66.35,0.06,0.09%,298
2025-09-12 12:50,66.34,66.4,66.34,66.38,0.03,0.05%,481
2025-09-12 12:55,66.38,66.4,66.35,66.36,-0.02,-0.03%,478
2025-09-12 13:00,66.35,66.43,66.33,66.41,0.05,0.08%,483
2025-09-12 13:05,66.41,66.43,66.38,66.38,-0.03,-0.05%,159
2025-09-12 13:10,66.38,66.43,66.38,66.42,0.04,0.06%,241
2025-09-12 13:15,66.42,66.49,66.41,66.47,0.05,0.08%,515
2025-09-12 13:20,66.48,66.55,66.45,66.52,0.05,0.08%,743
2025-09-12 13:25,66.52,66.58,66.47,66.53,0.01,0.02%,2729
2025-09-12 13:30,66.53,66.54,66.42,66.48,-0.05,-0.08%,322
2025-09-12 13:35,66.48,66.49,66.43,66.44,-0.04,-0.06%,285
2025-09-12 13:40,66.44,66.46,66.43,66.43,-0.01,-0.02%,159
2025-09-12 13:45,66.43,66.44,66.41,66.41,-0.02,-0.03%,137
2025-09-12 13:50,66.42,66.46,66.41,66.45,0.04,0.06%,64
2025-09-12 13:55,66.44,66.45,66.42,66.42,-0.03,-0.05%,32
2025-09-12 14:00,66.43,66.47,66.38,66.4,-0.02,-0.03%,191
2025-09-12 14:05,66.39,66.44,66.38,66.39,-0.01,-0.02%,263
2025-09-12 14:10,66.41,66.45,66.41,66.45,0.06,0.09%,30
2025-09-12 14:15,66.46,66.48,66.45,66.46,0.01,0.02%,56
2025-09-12 14:20,66.47,66.47,66.46,66.46,0,0.00%,24
2025-09-12 14:25,66.44,66.44,66.4,66.41,-0.05,-0.08%,65
2025-09-12 14:30,66.41,66.42,66.38,66.42,0.01,0.02%,60
2025-09-12 14:35,66.43,66.44,66.41,66.42,0,0.00%,24
2025-09-12 14:40,66.43,66.44,66.42,66.43,0.01,0.02%,25
2025-09-12 14:45,66.42,66.42,66.38,66.38,-0.05,-0.08%,92
2025-09-12 14:50,66.38,66.41,66.36,66.39,0.01,0.02%,84
2025-09-12 14:55,66.39,66.39,66.37,66.37,-0.02,-0.03%,63
2025-09-12 15:00,66.37,66.4,66.36,66.39,0.02,0.03%,18
2025-09-12 15:05,66.39,66.43,66.38,66.4,0.01,0.02%,90
2025-09-12 15:10,66.41,66.43,66.41,66.43,0.03,0.05%,39
2025-09-12 15:15,66.43,66.44,66.43,66.43,0,0.00%,14
2025-09-12 15:20,66.44,66.46,66.43,66.46,0.03,0.05%,84
2025-09-12 15:25,66.46,66.52,66.45,66.52,0.06,0.09%,107
2025-09-12 15:30,66.51,66.51,66.46,66.46,-0.06,-0.09%,21
2025-09-12 15:35,66.46,66.46,66.44,66.44,-0.02,-0.03%,38
2025-09-12 15:40,66.43,66.43,66.41,66.42,-0.02,-0.03%,39
2025-09-12 15:45,66.41,66.44,66.41,66.44,0.02,0.03%,31
2025-09-12 15:50,66.43,66.45,66.43,66.45,0.01,0.02%,116
2025-09-12 15:55,66.45,66.45,66.42,66.44,-0.01,-0.02%,45
2025-09-12 16:00,66.46,66.46,66.46,66.46,0.02,0.03%,2
2025-09-12 16:05,66.46,66.46,66.44,66.44,-0.02,-0.03%,33
2025-09-12 16:10,66.45,66.45,66.45,66.45,0.01,0.02%,1
2025-09-12 16:15,66.44,66.44,66.42,66.42,-0.03,-0.05%,12
2025-09-12 16:20,66.45,66.45,66.45,66.45,0.03,0.05%,1
2025-09-12 16:25,66.43,66.47,66.43,66.47,0.02,0.03%,7
2025-09-12 16:30,66.46,66.46,66.46,66.46,-0.01,-0.02%,2
2025-09-12 16:35,66.47,66.47,66.47,66.47,0.01,0.02%,2
2025-09-12 16:40,66.47,66.47,66.46,66.46,-0.01,-0.02%,2
2025-09-12 16:45,66.46,66.47,66.46,66.47,0.01,0.02%,2
2025-09-12 16:50,66.47,66.49,66.47,66.49,0.02,0.03%,3
2025-09-12 16:55,66.45,66.45,66.45,66.45,-0.04,-0.06%,1
