Time,Open,High,Low,Last,Change,%Chg,Volume
2025-08-17 17:00,62.19,62.19,61.65,61.67,-0.62,-1.00%,1150
2025-08-17 17:05,61.68,61.76,61.67,61.73,0.06,0.10%,248
2025-08-17 17:10,61.73,61.8,61.71,61.78,0.05,0.08%,171
2025-08-17 17:15,61.77,61.87,61.75,61.83,0.05,0.08%,203
2025-08-17 17:20,61.83,61.84,61.78,61.83,0,0.00%,113
2025-08-17 17:25,61.83,61.94,61.82,61.91,0.08,0.13%,117
2025-08-17 17:30,61.91,61.92,61.81,61.83,-0.08,-0.13%,129
2025-08-17 17:35,61.83,61.84,61.81,61.83,0,0.00%,48
2025-08-17 17:40,61.82,61.82,61.76,61.81,-0.02,-0.03%,90
2025-08-17 17:45,61.82,61.83,61.81,61.83,0.02,0.03%,22
2025-08-17 17:50,61.81,61.82,61.79,61.82,-0.01,-0.02%,34
2025-08-17 17:55,61.8,61.82,61.8,61.82,0,0.00%,26
2025-08-17 18:00,61.81,61.82,61.77,61.77,-0.05,-0.08%,84
2025-08-17 18:05,61.78,61.78,61.76,61.77,0,0.00%,34
2025-08-17 18:10,61.77,61.78,61.74,61.77,0,0.00%,167
2025-08-17 18:15,61.77,61.79,61.77,61.78,0.01,0.02%,68
2025-08-17 18:20,61.78,61.79,61.76,61.79,0.01,0.02%,55
2025-08-17 18:25,61.79,61.83,61.78,61.83,0.04,0.06%,77
2025-08-17 18:30,61.82,61.82,61.82,61.82,-0.01,-0.02%,9
2025-08-17 18:35,61.81,61.83,61.81,61.83,0.01,0.02%,8
2025-08-17 18:40,61.82,61.83,61.79,61.79,-0.04,-0.06%,67
2025-08-17 18:45,61.79,61.81,61.78,61.79,0,0.00%,51
2025-08-17 18:50,61.78,61.79,61.77,61.79,0,0.00%,39
2025-08-17 18:55,61.79,61.79,61.73,61.74,-0.05,-0.08%,98
2025-08-17 19:00,61.75,61.78,61.71,61.74,0,0.00%,182
2025-08-17 19:05,61.73,61.79,61.72,61.75,0.01,0.02%,78
2025-08-17 19:10,61.75,61.85,61.75,61.83,0.08,0.13%,249
2025-08-17 19:15,61.83,61.86,61.83,61.84,0.01,0.02%,135
2025-08-17 19:20,61.84,61.84,61.81,61.81,-0.03,-0.05%,152
2025-08-17 19:25,61.81,61.82,61.77,61.8,-0.01,-0.02%,152
2025-08-17 19:30,61.81,61.81,61.79,61.81,0.01,0.02%,56
2025-08-17 19:35,61.8,61.84,61.79,61.83,0.02,0.03%,63
2025-08-17 19:40,61.84,61.95,61.84,61.92,0.09,0.15%,241
2025-08-17 19:45,61.91,61.93,61.9,61.91,-0.01,-0.02%,116
2025-08-17 19:50,61.92,61.98,61.92,61.97,0.06,0.10%,86
2025-08-17 19:55,61.97,61.99,61.95,61.97,0,0.00%,120
2025-08-17 20:00,61.97,61.98,61.7,61.79,-0.18,-0.29%,835
2025-08-17 20:05,61.79,61.83,61.71,61.72,-0.07,-0.11%,280
2025-08-17 20:10,61.72,61.83,61.72,61.79,0.07,0.11%,168
2025-08-17 20:15,61.8,61.91,61.8,61.91,0.12,0.19%,274
2025-08-17 20:20,61.91,61.94,61.89,61.92,0.01,0.02%,138
2025-08-17 20:25,61.92,61.93,61.84,61.87,-0.05,-0.08%,110
2025-08-17 20:30,61.87,61.92,61.87,61.9,0.03,0.05%,98
2025-08-17 20:35,61.91,61.92,61.84,61.88,-0.02,-0.03%,109
2025-08-17 20:40,61.88,61.89,61.84,61.89,0.01,0.02%,45
2025-08-17 20:45,61.89,61.99,61.89,61.98,0.09,0.15%,214
2025-08-17 20:50,61.97,62,61.96,61.97,-0.01,-0.02%,125
2025-08-17 20:55,61.97,61.98,61.96,61.96,-0.01,-0.02%,62
2025-08-17 21:00,61.98,62,61.94,61.95,-0.01,-0.02%,188
2025-08-17 21:05,61.94,61.99,61.94,61.95,0,0.00%,84
2025-08-17 21:10,61.96,61.97,61.92,61.94,-0.01,-0.02%,84
2025-08-17 21:15,61.95,61.97,61.92,61.94,0,0.00%,120
2025-08-17 21:20,61.93,61.96,61.92,61.95,0.01,0.02%,78
2025-08-17 21:25,61.96,61.96,61.94,61.94,-0.01,-0.02%,23
2025-08-17 21:30,61.93,61.99,61.9,61.96,0.02,0.03%,234
2025-08-17 21:35,61.97,61.97,61.91,61.93,-0.03,-0.05%,96
2025-08-17 21:40,61.93,61.99,61.92,61.97,0.04,0.06%,98
2025-08-17 21:45,61.98,62.02,61.95,61.98,0.01,0.02%,215
2025-08-17 21:50,61.97,61.99,61.9,61.91,-0.07,-0.11%,141
2025-08-17 21:55,61.91,61.98,61.9,61.95,0.04,0.06%,103
2025-08-17 22:00,61.96,62.01,61.96,61.96,0.01,0.02%,97
2025-08-17 22:05,61.96,61.96,61.87,61.92,-0.04,-0.06%,142
2025-08-17 22:10,61.92,62,61.92,61.99,0.07,0.11%,98
2025-08-17 22:15,61.99,62,61.93,61.94,-0.05,-0.08%,104
2025-08-17 22:20,61.94,62,61.94,61.99,0.05,0.08%,61
2025-08-17 22:25,61.99,62.04,61.99,62,0.01,0.02%,138
2025-08-17 22:30,61.99,62.01,61.96,62,0,0.00%,178
2025-08-17 22:35,62,62.04,62,62.02,0.02,0.03%,76
2025-08-17 22:40,62.01,62.02,61.99,62.01,-0.01,-0.02%,43
2025-08-17 22:45,62.01,62.01,61.95,62.01,0,0.00%,148
2025-08-17 22:50,62.01,62.03,62,62.02,0.01,0.02%,41
2025-08-17 22:55,62.02,62.09,62.01,62.06,0.04,0.06%,335
2025-08-17 23:00,62.06,62.09,62.04,62.06,0,0.00%,75
2025-08-17 23:05,62.05,62.09,62.04,62.05,-0.01,-0.02%,105
2025-08-17 23:10,62.07,62.08,62.04,62.07,0.02,0.03%,76
2025-08-17 23:15,62.08,62.08,62.05,62.08,0.01,0.02%,70
2025-08-17 23:20,62.08,62.1,62.06,62.06,-0.02,-0.03%,150
2025-08-17 23:25,62.07,62.11,62.07,62.1,0.04,0.06%,112
2025-08-17 23:30,62.09,62.13,62.08,62.11,0.01,0.02%,179
2025-08-17 23:35,62.1,62.11,62.09,62.11,0,0.00%,39
2025-08-17 23:40,62.1,62.11,62.09,62.1,-0.01,-0.02%,74
2025-08-17 23:45,62.1,62.1,62.06,62.06,-0.04,-0.06%,100
2025-08-17 23:50,62.06,62.06,62.05,62.06,0,0.00%,48
2025-08-17 23:55,62.05,62.05,62.02,62.03,-0.03,-0.05%,110
2025-08-18 0:00,62.05,62.11,62.04,62.05,0.02,0.03%,121
2025-08-18 0:05,62.05,62.08,62.04,62.04,-0.01,-0.02%,38
2025-08-18 0:10,62.05,62.07,62.04,62.05,0.01,0.02%,46
2025-08-18 0:15,62.05,62.11,62.04,62.1,0.05,0.08%,56
2025-08-18 0:20,62.1,62.1,62.08,62.08,-0.02,-0.03%,34
2025-08-18 0:25,62.07,62.1,62,62.03,-0.05,-0.08%,187
2025-08-18 0:30,62.03,62.11,62.02,62.08,0.05,0.08%,119
2025-08-18 0:35,62.09,62.1,62.06,62.07,-0.01,-0.02%,68
2025-08-18 0:40,62.07,62.1,62.06,62.06,-0.01,-0.02%,67
2025-08-18 0:45,62.07,62.08,62.05,62.07,0.01,0.02%,78
2025-08-18 0:50,62.06,62.1,62.05,62.09,0.02,0.03%,99
2025-08-18 0:55,62.09,62.1,62.06,62.08,-0.01,-0.02%,81
2025-08-18 1:00,62.09,62.17,62.07,62.17,0.09,0.14%,238
2025-08-18 1:05,62.16,62.16,62.09,62.12,-0.05,-0.08%,155
2025-08-18 1:10,62.12,62.25,62.12,62.21,0.09,0.14%,339
2025-08-18 1:15,62.22,62.3,62.21,62.3,0.09,0.14%,169
2025-08-18 1:20,62.29,62.43,62.27,62.4,0.1,0.16%,499
2025-08-18 1:25,62.39,62.4,62.32,62.35,-0.05,-0.08%,332
2025-08-18 1:30,62.35,62.45,62.35,62.4,0.05,0.08%,325
2025-08-18 1:35,62.4,62.43,62.37,62.42,0.02,0.03%,231
2025-08-18 1:40,62.42,62.42,62.34,62.39,-0.03,-0.05%,196
2025-08-18 1:45,62.39,62.42,62.33,62.33,-0.06,-0.10%,241
2025-08-18 1:50,62.33,62.34,62.24,62.27,-0.06,-0.10%,359
2025-08-18 1:55,62.27,62.36,62.26,62.3,0.03,0.05%,212
2025-08-18 2:00,62.3,62.3,62.17,62.17,-0.13,-0.21%,523
2025-08-18 2:05,62.16,62.17,62.07,62.09,-0.08,-0.13%,540
2025-08-18 2:10,62.09,62.15,62.06,62.1,0.01,0.02%,417
2025-08-18 2:15,62.08,62.15,62.08,62.13,0.03,0.05%,212
2025-08-18 2:20,62.13,62.17,62.11,62.16,0.03,0.05%,148
2025-08-18 2:25,62.17,62.18,62.12,62.15,-0.01,-0.02%,264
2025-08-18 2:30,62.15,62.2,62.06,62.08,-0.07,-0.11%,769
2025-08-18 2:35,62.07,62.07,61.96,62.01,-0.07,-0.11%,648
2025-08-18 2:40,62,62.01,61.93,61.96,-0.05,-0.08%,299
2025-08-18 2:45,61.96,61.98,61.87,61.89,-0.07,-0.11%,539
2025-08-18 2:50,61.89,61.95,61.87,61.95,0.06,0.10%,478
2025-08-18 2:55,61.94,61.99,61.86,61.88,-0.07,-0.11%,543
2025-08-18 3:00,61.89,61.98,61.88,61.96,0.08,0.13%,502
2025-08-18 3:05,61.97,62,61.88,61.91,-0.05,-0.08%,434
2025-08-18 3:10,61.9,61.97,61.9,61.93,0.02,0.03%,279
2025-08-18 3:15,61.94,61.94,61.85,61.9,-0.03,-0.05%,462
2025-08-18 3:20,61.89,62.04,61.86,62,0.1,0.16%,743
2025-08-18 3:25,61.99,62.01,61.89,61.97,-0.03,-0.05%,509
2025-08-18 3:30,61.97,62.05,61.95,61.99,0.02,0.03%,778
2025-08-18 3:35,62,62.05,61.99,62.03,0.04,0.06%,203
2025-08-18 3:40,62.03,62.09,62.03,62.06,0.03,0.05%,372
2025-08-18 3:45,62.07,62.1,62.03,62.04,-0.02,-0.03%,307
2025-08-18 3:50,62.04,62.07,62.04,62.05,0.01,0.02%,131
2025-08-18 3:55,62.06,62.24,62.06,62.08,0.03,0.05%,642
2025-08-18 4:00,62.1,62.11,62.04,62.09,0.01,0.02%,221
2025-08-18 4:05,62.09,62.18,62.09,62.17,0.08,0.13%,215
2025-08-18 4:10,62.17,62.27,62.17,62.24,0.07,0.11%,477
2025-08-18 4:15,62.25,62.32,62.22,62.31,0.07,0.11%,471
2025-08-18 4:20,62.31,62.48,62.3,62.45,0.14,0.22%,1139
2025-08-18 4:25,62.44,62.52,62.4,62.41,-0.04,-0.06%,1113
2025-08-18 4:30,62.42,62.46,62.36,62.45,0.04,0.06%,458
2025-08-18 4:35,62.46,62.48,62.44,62.46,0.01,0.02%,239
2025-08-18 4:40,62.47,62.48,62.45,62.47,0.01,0.02%,291
2025-08-18 4:45,62.47,62.52,62.47,62.48,0.01,0.02%,406
2025-08-18 4:50,62.48,62.55,62.48,62.5,0.02,0.03%,314
2025-08-18 4:55,62.49,62.53,62.44,62.45,-0.05,-0.08%,254
2025-08-18 5:00,62.44,62.48,62.36,62.38,-0.07,-0.11%,389
2025-08-18 5:05,62.37,62.38,62.3,62.35,-0.03,-0.05%,305
2025-08-18 5:10,62.36,62.37,62.32,62.32,-0.03,-0.05%,111
2025-08-18 5:15,62.32,62.32,62.22,62.25,-0.07,-0.11%,293
2025-08-18 5:20,62.25,62.26,62.16,62.19,-0.06,-0.10%,449
2025-08-18 5:25,62.18,62.27,62.12,62.26,0.07,0.11%,489
2025-08-18 5:30,62.27,62.32,62.24,62.27,0.01,0.02%,388
2025-08-18 5:35,62.28,62.35,62.28,62.3,0.03,0.05%,232
2025-08-18 5:40,62.31,62.31,62.24,62.27,-0.03,-0.05%,136
2025-08-18 5:45,62.27,62.28,62.23,62.25,-0.02,-0.03%,122
2025-08-18 5:50,62.25,62.28,62.2,62.2,-0.05,-0.08%,289
2025-08-18 5:55,62.19,62.38,62.19,62.38,0.18,0.29%,305
2025-08-18 6:00,62.38,62.43,62.36,62.37,-0.01,-0.02%,554
2025-08-18 6:05,62.37,62.38,62.29,62.29,-0.08,-0.13%,236
2025-08-18 6:10,62.29,62.29,62.17,62.21,-0.08,-0.13%,613
2025-08-18 6:15,62.22,62.23,62.17,62.22,0.01,0.02%,279
2025-08-18 6:20,62.23,62.28,62.22,62.27,0.05,0.08%,194
2025-08-18 6:25,62.27,62.29,62.25,62.27,0,0.00%,206
2025-08-18 6:30,62.28,62.42,62.28,62.36,0.09,0.14%,482
2025-08-18 6:35,62.37,62.42,62.35,62.39,0.03,0.05%,299
2025-08-18 6:40,62.39,62.41,62.38,62.4,0.01,0.02%,269
2025-08-18 6:45,62.4,62.43,62.33,62.34,-0.06,-0.10%,340
2025-08-18 6:50,62.35,62.35,62.25,62.29,-0.05,-0.08%,304
2025-08-18 6:55,62.29,62.35,62.29,62.3,0.01,0.02%,207
2025-08-18 7:00,62.3,62.33,62.26,62.3,0,0.00%,354
2025-08-18 7:05,62.31,62.32,62.23,62.31,0.01,0.02%,402
2025-08-18 7:10,62.31,62.33,62.29,62.32,0.01,0.02%,339
2025-08-18 7:15,62.33,62.34,62.27,62.3,-0.02,-0.03%,370
2025-08-18 7:20,62.3,62.32,62.26,62.31,0.01,0.02%,478
2025-08-18 7:25,62.31,62.36,62.25,62.3,-0.01,-0.02%,539
2025-08-18 7:30,62.29,62.3,62.18,62.21,-0.09,-0.14%,969
2025-08-18 7:35,62.19,62.19,62.05,62.12,-0.09,-0.14%,1120
2025-08-18 7:40,62.11,62.18,62.09,62.14,0.02,0.03%,547
2025-08-18 7:45,62.13,62.22,62.11,62.13,-0.01,-0.02%,459
2025-08-18 7:50,62.13,62.22,62.11,62.18,0.05,0.08%,304
2025-08-18 7:55,62.18,62.18,62.08,62.12,-0.06,-0.10%,594
2025-08-18 8:00,62.13,62.15,61.98,62.07,-0.05,-0.08%,2095
2025-08-18 8:05,62.07,62.08,61.91,61.99,-0.08,-0.13%,1458
2025-08-18 8:10,61.98,62,61.89,61.99,0,0.00%,1139
2025-08-18 8:15,61.98,62.05,61.86,61.89,-0.1,-0.16%,1757
2025-08-18 8:20,61.9,62,61.86,61.93,0.04,0.06%,1349
2025-08-18 8:25,61.93,61.95,61.86,61.89,-0.04,-0.06%,615
2025-08-18 8:30,61.89,61.89,61.5,61.5,-0.39,-0.63%,4539
2025-08-18 8:35,61.5,61.66,61.45,61.64,0.14,0.23%,2549
2025-08-18 8:40,61.64,61.78,61.62,61.7,0.06,0.10%,1571
2025-08-18 8:45,61.7,61.74,61.62,61.69,-0.01,-0.02%,1377
2025-08-18 8:50,61.7,61.83,61.66,61.71,0.02,0.03%,1564
2025-08-18 8:55,61.71,61.76,61.66,61.71,0,0.00%,840
2025-08-18 9:00,61.72,61.78,61.65,61.68,-0.03,-0.05%,1168
2025-08-18 9:05,61.67,61.73,61.57,61.62,-0.06,-0.10%,869
2025-08-18 9:10,61.62,61.62,61.56,61.57,-0.05,-0.08%,899
2025-08-18 9:15,61.56,61.69,61.55,61.67,0.1,0.16%,1185
2025-08-18 9:20,61.68,61.78,61.66,61.73,0.06,0.10%,1175
2025-08-18 9:25,61.72,61.74,61.65,61.65,-0.08,-0.13%,557
2025-08-18 9:30,61.66,61.89,61.63,61.85,0.2,0.32%,1345
2025-08-18 9:35,61.85,62.04,61.83,62.02,0.17,0.27%,1337
2025-08-18 9:40,62.02,62.16,62.02,62.1,0.08,0.13%,1935
2025-08-18 9:45,62.1,62.14,62.05,62.06,-0.04,-0.06%,1224
2025-08-18 9:50,62.06,62.09,61.99,62.01,-0.05,-0.08%,760
2025-08-18 9:55,62.01,62.08,62,62.06,0.05,0.08%,846
2025-08-18 10:00,62.07,62.16,62.03,62.11,0.05,0.08%,1216
2025-08-18 10:05,62.11,62.21,62.01,62.04,-0.07,-0.11%,1252
2025-08-18 10:10,62.04,62.05,61.99,61.99,-0.05,-0.08%,814
2025-08-18 10:15,61.99,62.12,61.99,62.11,0.12,0.19%,674
2025-08-18 10:20,62.12,62.29,62.1,62.24,0.13,0.21%,1247
2025-08-18 10:25,62.25,62.32,62.19,62.22,-0.02,-0.03%,1925
2025-08-18 10:30,62.23,62.27,62.06,62.06,-0.16,-0.26%,1601
2025-08-18 10:35,62.06,62.2,62.06,62.15,0.09,0.15%,844
2025-08-18 10:40,62.16,62.18,62.13,62.17,0.02,0.03%,656
2025-08-18 10:45,62.16,62.21,62.09,62.21,0.04,0.06%,1020
2025-08-18 10:50,62.21,62.33,62.21,62.29,0.08,0.13%,1039
2025-08-18 10:55,62.29,62.34,62.26,62.34,0.05,0.08%,901
2025-08-18 11:00,62.34,62.42,62.28,62.32,-0.02,-0.03%,1844
2025-08-18 11:05,62.31,62.32,62.22,62.25,-0.07,-0.11%,940
2025-08-18 11:10,62.26,62.34,62.26,62.29,0.04,0.06%,493
2025-08-18 11:15,62.28,62.29,62.21,62.23,-0.06,-0.10%,561
2025-08-18 11:20,62.24,62.31,62.24,62.25,0.02,0.03%,540
2025-08-18 11:25,62.26,62.34,62.22,62.32,0.07,0.11%,641
2025-08-18 11:30,62.33,62.33,62.21,62.3,-0.02,-0.03%,581
2025-08-18 11:35,62.3,62.38,62.3,62.36,0.06,0.10%,515
2025-08-18 11:40,62.36,62.4,62.33,62.33,-0.03,-0.05%,615
2025-08-18 11:45,62.34,62.4,62.33,62.34,0.01,0.02%,326
2025-08-18 11:50,62.34,62.38,62.33,62.36,0.02,0.03%,250
2025-08-18 11:55,62.36,62.39,62.34,62.38,0.02,0.03%,512
2025-08-18 12:00,62.38,62.42,62.33,62.41,0.03,0.05%,535
2025-08-18 12:05,62.41,62.61,62.41,62.56,0.15,0.24%,1982
2025-08-18 12:10,62.57,62.63,62.51,62.56,0,0.00%,929
2025-08-18 12:15,62.57,62.95,62.57,62.91,0.35,0.56%,3103
2025-08-18 12:20,62.92,63.01,62.6,62.63,-0.28,-0.45%,2909
2025-08-18 12:25,62.63,62.73,62.6,62.69,0.06,0.10%,1094
2025-08-18 12:30,62.69,62.78,62.66,62.75,0.06,0.10%,1060
2025-08-18 12:35,62.75,62.79,62.65,62.69,-0.06,-0.10%,1085
2025-08-18 12:40,62.7,62.74,62.68,62.68,-0.01,-0.02%,607
2025-08-18 12:45,62.69,62.7,62.61,62.66,-0.02,-0.03%,743
2025-08-18 12:50,62.65,62.69,62.6,62.66,0,0.00%,640
2025-08-18 12:55,62.67,62.71,62.64,62.66,0,0.00%,544
2025-08-18 13:00,62.66,62.72,62.63,62.67,0.01,0.02%,807
2025-08-18 13:05,62.67,62.71,62.64,62.67,0,0.00%,640
2025-08-18 13:10,62.67,62.71,62.64,62.65,-0.02,-0.03%,876
2025-08-18 13:15,62.65,62.75,62.59,62.71,0.06,0.10%,1193
2025-08-18 13:20,62.71,62.82,62.65,62.69,-0.02,-0.03%,1289
2025-08-18 13:25,62.68,62.76,62.64,62.75,0.06,0.10%,5106
2025-08-18 13:30,62.74,62.8,62.7,62.77,0.02,0.03%,1489
2025-08-18 13:35,62.77,62.79,62.73,62.76,-0.01,-0.02%,591
2025-08-18 13:40,62.75,62.82,62.73,62.79,0.03,0.05%,524
2025-08-18 13:45,62.78,62.79,62.74,62.75,-0.04,-0.06%,242
2025-08-18 13:50,62.75,62.75,62.68,62.71,-0.04,-0.06%,526
2025-08-18 13:55,62.7,62.71,62.65,62.67,-0.04,-0.06%,763
2025-08-18 14:00,62.67,62.69,62.58,62.63,-0.04,-0.06%,983
2025-08-18 14:05,62.63,62.63,62.5,62.51,-0.12,-0.19%,719
2025-08-18 14:10,62.52,62.57,62.52,62.55,0.04,0.06%,180
2025-08-18 14:15,62.55,62.56,62.47,62.52,-0.03,-0.05%,604
2025-08-18 14:20,62.53,62.61,62.52,62.61,0.09,0.14%,300
2025-08-18 14:25,62.62,62.67,62.6,62.61,0,0.00%,433
2025-08-18 14:30,62.61,62.62,62.59,62.61,0,0.00%,148
2025-08-18 14:35,62.6,62.63,62.53,62.63,0.02,0.03%,566
2025-08-18 14:40,62.62,62.62,62.55,62.55,-0.08,-0.13%,300
2025-08-18 14:45,62.55,62.6,62.55,62.6,0.05,0.08%,186
2025-08-18 14:50,62.6,62.65,62.59,62.64,0.04,0.06%,236
2025-08-18 14:55,62.65,62.67,62.58,62.62,-0.02,-0.03%,367
2025-08-18 15:00,62.62,62.63,62.6,62.61,-0.01,-0.02%,156
2025-08-18 15:05,62.61,62.63,62.58,62.62,0.01,0.02%,165
2025-08-18 15:10,62.62,62.62,62.58,62.6,-0.02,-0.03%,129
2025-08-18 15:15,62.61,62.62,62.6,62.62,0.02,0.03%,48
2025-08-18 15:20,62.62,62.64,62.61,62.64,0.02,0.03%,70
2025-08-18 15:25,62.64,62.67,62.64,62.66,0.02,0.03%,74
2025-08-18 15:30,62.66,62.69,62.65,62.68,0.02,0.03%,128
2025-08-18 15:35,62.68,62.68,62.63,62.63,-0.05,-0.08%,166
2025-08-18 15:40,62.63,62.64,62.61,62.62,-0.01,-0.02%,81
2025-08-18 15:45,62.63,62.65,62.61,62.62,0,0.00%,158
2025-08-18 15:50,62.61,62.66,62.6,62.64,0.02,0.03%,186
2025-08-18 15:55,62.63,62.64,62.57,62.58,-0.06,-0.10%,190
2025-08-18 17:00,62.58,62.68,62.45,62.48,-0.1,-0.16%,347
2025-08-18 17:05,62.46,62.53,62.22,62.49,0.01,0.02%,558
2025-08-18 17:10,62.51,62.56,62.47,62.52,0.03,0.05%,77
2025-08-18 17:15,62.5,62.61,62.48,62.58,0.06,0.10%,134
2025-08-18 17:20,62.58,62.64,62.58,62.59,0.01,0.02%,93
2025-08-18 17:25,62.57,62.6,62.55,62.58,-0.01,-0.02%,21
2025-08-18 17:30,62.58,62.64,62.58,62.64,0.06,0.10%,34
2025-08-18 17:35,62.64,62.65,62.63,62.63,-0.01,-0.02%,41
2025-08-18 17:40,62.62,62.63,62.61,62.63,0,0.00%,12
2025-08-18 17:45,62.63,62.63,62.58,62.61,-0.02,-0.03%,34
2025-08-18 17:50,62.6,62.61,62.58,62.59,-0.02,-0.03%,18
2025-08-18 17:55,62.59,62.61,62.58,62.61,0.02,0.03%,31
2025-08-18 18:00,62.61,62.63,62.61,62.61,0,0.00%,24
2025-08-18 18:05,62.61,62.65,62.6,62.63,0.02,0.03%,31
2025-08-18 18:10,62.62,62.65,62.62,62.63,0,0.00%,28
2025-08-18 18:15,62.64,62.65,62.62,62.63,0,0.00%,17
2025-08-18 18:20,62.64,62.64,62.6,62.61,-0.02,-0.03%,34
2025-08-18 18:25,62.61,62.63,62.6,62.61,0,0.00%,56
2025-08-18 18:30,62.6,62.6,62.6,62.6,-0.01,-0.02%,19
2025-08-18 18:35,62.6,62.63,62.59,62.63,0.03,0.05%,48
2025-08-18 18:40,62.63,62.66,62.63,62.63,0,0.00%,50
2025-08-18 18:45,62.63,62.63,62.61,62.61,-0.02,-0.03%,19
2025-08-18 18:50,62.62,62.63,62.62,62.62,0.01,0.02%,9
2025-08-18 18:55,62.62,62.63,62.62,62.63,0.01,0.02%,17
2025-08-18 19:00,62.64,62.65,62.56,62.61,-0.02,-0.03%,418
2025-08-18 19:05,62.6,62.63,62.59,62.62,0.01,0.02%,57
2025-08-18 19:10,62.63,62.63,62.58,62.59,-0.03,-0.05%,34
2025-08-18 19:15,62.59,62.6,62.56,62.56,-0.03,-0.05%,59
2025-08-18 19:20,62.55,62.58,62.55,62.56,0,0.00%,57
2025-08-18 19:25,62.57,62.57,62.53,62.55,-0.01,-0.02%,107
2025-08-18 19:30,62.54,62.56,62.53,62.56,0.01,0.02%,54
2025-08-18 19:35,62.57,62.59,62.55,62.55,-0.01,-0.02%,43
2025-08-18 19:40,62.56,62.56,62.53,62.54,-0.01,-0.02%,23
2025-08-18 19:45,62.54,62.57,62.54,62.56,0.02,0.03%,93
2025-08-18 19:50,62.56,62.58,62.55,62.56,0,0.00%,63
2025-08-18 19:55,62.56,62.57,62.55,62.55,-0.01,-0.02%,57
2025-08-18 20:00,62.55,62.55,62.4,62.42,-0.13,-0.21%,412
2025-08-18 20:05,62.4,62.43,62.38,62.42,0,0.00%,207
2025-08-18 20:10,62.43,62.46,62.37,62.4,-0.02,-0.03%,136
2025-08-18 20:15,62.39,62.45,62.39,62.42,0.02,0.03%,97
2025-08-18 20:20,62.43,62.51,62.43,62.48,0.06,0.10%,122
2025-08-18 20:25,62.48,62.5,62.48,62.48,0,0.00%,56
2025-08-18 20:30,62.49,62.52,62.45,62.46,-0.02,-0.03%,192
2025-08-18 20:35,62.46,62.48,62.42,62.42,-0.04,-0.06%,134
2025-08-18 20:40,62.42,62.43,62.42,62.42,0,0.00%,23
2025-08-18 20:45,62.44,62.44,62.39,62.4,-0.02,-0.03%,59
2025-08-18 20:50,62.4,62.42,62.4,62.42,0.02,0.03%,33
2025-08-18 20:55,62.42,62.42,62.37,62.4,-0.02,-0.03%,114
2025-08-18 21:00,62.4,62.4,62.31,62.31,-0.09,-0.14%,184
2025-08-18 21:05,62.3,62.38,62.3,62.38,0.07,0.11%,139
2025-08-18 21:10,62.37,62.39,62.37,62.37,-0.01,-0.02%,51
2025-08-18 21:15,62.38,62.38,62.35,62.36,-0.01,-0.02%,63
2025-08-18 21:20,62.35,62.39,62.35,62.37,0.01,0.02%,30
2025-08-18 21:25,62.36,62.37,62.35,62.37,0,0.00%,26
2025-08-18 21:30,62.35,62.4,62.35,62.4,0.03,0.05%,41
2025-08-18 21:35,62.4,62.43,62.4,62.4,0,0.00%,70
2025-08-18 21:40,62.4,62.4,62.36,62.36,-0.04,-0.06%,54
2025-08-18 21:45,62.36,62.36,62.31,62.35,-0.01,-0.02%,83
2025-08-18 21:50,62.35,62.35,62.34,62.34,-0.01,-0.02%,55
2025-08-18 21:55,62.34,62.35,62.31,62.33,-0.01,-0.02%,65
2025-08-18 22:00,62.33,62.4,62.32,62.39,0.06,0.10%,101
2025-08-18 22:05,62.39,62.39,62.38,62.38,-0.01,-0.02%,27
2025-08-18 22:10,62.39,62.43,62.38,62.41,0.03,0.05%,65
2025-08-18 22:15,62.4,62.41,62.38,62.41,0,0.00%,45
2025-08-18 22:20,62.41,62.42,62.4,62.41,0,0.00%,49
2025-08-18 22:25,62.41,62.41,62.37,62.38,-0.03,-0.05%,41
2025-08-18 22:30,62.39,62.4,62.34,62.35,-0.03,-0.05%,55
2025-08-18 22:35,62.34,62.35,62.3,62.31,-0.04,-0.06%,136
2025-08-18 22:40,62.31,62.34,62.3,62.33,0.02,0.03%,30
2025-08-18 22:45,62.33,62.35,62.33,62.35,0.02,0.03%,21
2025-08-18 22:50,62.34,62.34,62.32,62.32,-0.03,-0.05%,56
2025-08-18 22:55,62.32,62.35,62.32,62.33,0.01,0.02%,44
2025-08-18 23:00,62.32,62.32,62.31,62.31,-0.02,-0.03%,43
2025-08-18 23:05,62.31,62.31,62.29,62.29,-0.02,-0.03%,40
2025-08-18 23:10,62.28,62.3,62.28,62.29,0,0.00%,50
2025-08-18 23:15,62.28,62.28,62.26,62.28,-0.01,-0.02%,105
2025-08-18 23:20,62.27,62.28,62.26,62.27,-0.01,-0.02%,40
2025-08-18 23:25,62.27,62.27,62.21,62.24,-0.03,-0.05%,195
2025-08-18 23:30,62.24,62.25,62.24,62.24,0,0.00%,24
2025-08-18 23:35,62.25,62.26,62.22,62.24,0,0.00%,88
2025-08-18 23:40,62.24,62.25,62.22,62.25,0.01,0.02%,66
2025-08-18 23:45,62.26,62.27,62.25,62.26,0.01,0.02%,61
2025-08-18 23:50,62.27,62.27,62.24,62.24,-0.02,-0.03%,49
2025-08-18 23:55,62.23,62.25,62.23,62.23,-0.01,-0.02%,46
2025-08-19 0:00,62.23,62.26,62.19,62.25,0.02,0.03%,256
2025-08-19 0:05,62.25,62.29,62.24,62.28,0.03,0.05%,109
2025-08-19 0:10,62.28,62.29,62.26,62.28,0,0.00%,78
2025-08-19 0:15,62.28,62.28,62.27,62.27,-0.01,-0.02%,46
2025-08-19 0:20,62.27,62.28,62.24,62.25,-0.02,-0.03%,87
2025-08-19 0:25,62.26,62.26,62.24,62.25,0,0.00%,40
2025-08-19 0:30,62.25,62.26,62.2,62.21,-0.04,-0.06%,173
2025-08-19 0:35,62.21,62.23,62.19,62.23,0.02,0.03%,81
2025-08-19 0:40,62.23,62.24,62.15,62.16,-0.07,-0.11%,207
2025-08-19 0:45,62.15,62.2,62.12,62.16,0,0.00%,235
2025-08-19 0:50,62.16,62.17,62.12,62.16,0,0.00%,182
2025-08-19 0:55,62.17,62.27,62.15,62.25,0.09,0.14%,228
2025-08-19 1:00,62.25,62.4,62.24,62.4,0.15,0.24%,408
2025-08-19 1:05,62.4,62.42,62.37,62.37,-0.03,-0.05%,280
2025-08-19 1:10,62.37,62.37,62.24,62.28,-0.09,-0.14%,242
2025-08-19 1:15,62.27,62.3,62.25,62.27,-0.01,-0.02%,160
2025-08-19 1:20,62.27,62.35,62.27,62.31,0.04,0.06%,119
2025-08-19 1:25,62.31,62.35,62.3,62.34,0.03,0.05%,113
2025-08-19 1:30,62.34,62.35,62.27,62.29,-0.05,-0.08%,203
2025-08-19 1:35,62.3,62.36,62.3,62.35,0.06,0.10%,85
2025-08-19 1:40,62.34,62.45,62.34,62.43,0.08,0.13%,366
2025-08-19 1:45,62.43,62.46,62.39,62.39,-0.04,-0.06%,348
2025-08-19 1:50,62.4,62.41,62.26,62.3,-0.09,-0.14%,416
2025-08-19 1:55,62.3,62.33,62.29,62.29,-0.01,-0.02%,112
2025-08-19 2:00,62.28,62.29,62.1,62.16,-0.13,-0.21%,977
2025-08-19 2:05,62.16,62.22,62.1,62.15,-0.01,-0.02%,669
2025-08-19 2:10,62.15,62.18,62.11,62.12,-0.03,-0.05%,478
2025-08-19 2:15,62.12,62.2,62.11,62.12,0,0.00%,334
2025-08-19 2:20,62.11,62.12,62.06,62.11,-0.01,-0.02%,427
2025-08-19 2:25,62.12,62.16,62.11,62.13,0.02,0.03%,230
2025-08-19 2:30,62.13,62.14,62.05,62.1,-0.03,-0.05%,421
2025-08-19 2:35,62.1,62.21,62.09,62.15,0.05,0.08%,396
2025-08-19 2:40,62.14,62.16,62.1,62.13,-0.02,-0.03%,240
2025-08-19 2:45,62.12,62.23,62.12,62.21,0.08,0.13%,254
2025-08-19 2:50,62.2,62.22,62.17,62.19,-0.02,-0.03%,210
2025-08-19 2:55,62.19,62.2,62.15,62.16,-0.03,-0.05%,307
2025-08-19 3:00,62.16,62.27,62.13,62.26,0.1,0.16%,581
2025-08-19 3:05,62.25,62.25,62.17,62.2,-0.06,-0.10%,359
2025-08-19 3:10,62.2,62.23,62.15,62.22,0.02,0.03%,286
2025-08-19 3:15,62.21,62.3,62.2,62.24,0.02,0.03%,364
2025-08-19 3:20,62.24,62.24,62.11,62.17,-0.07,-0.11%,570
2025-08-19 3:25,62.17,62.22,62.09,62.1,-0.07,-0.11%,759
2025-08-19 3:30,62.1,62.2,62.09,62.16,0.06,0.10%,713
2025-08-19 3:35,62.16,62.18,62.01,62.02,-0.14,-0.23%,974
2025-08-19 3:40,62.01,62.07,61.99,62.06,0.04,0.06%,555
2025-08-19 3:45,62.05,62.14,62.01,62.03,-0.03,-0.05%,582
2025-08-19 3:50,62.03,62.07,61.98,61.98,-0.05,-0.08%,456
2025-08-19 3:55,61.98,62.03,61.96,61.98,0,0.00%,537
2025-08-19 4:00,61.97,62.04,61.97,62.03,0.05,0.08%,578
2025-08-19 4:05,62.04,62.05,61.93,61.98,-0.05,-0.08%,541
2025-08-19 4:10,61.97,62,61.9,61.91,-0.07,-0.11%,708
2025-08-19 4:15,61.91,61.97,61.87,61.88,-0.03,-0.05%,855
2025-08-19 4:20,61.88,62.05,61.88,62.03,0.15,0.24%,705
2025-08-19 4:25,62.04,62.06,62.01,62.04,0.01,0.02%,399
2025-08-19 4:30,62.03,62.05,62,62.02,-0.02,-0.03%,265
2025-08-19 4:35,62.01,62.03,61.96,62.01,-0.01,-0.02%,285
2025-08-19 4:40,62,62.09,61.99,62.08,0.07,0.11%,223
2025-08-19 4:45,62.08,62.15,62.06,62.08,0,0.00%,294
2025-08-19 4:50,62.08,62.09,61.97,62.03,-0.05,-0.08%,795
2025-08-19 4:55,62.03,62.12,62.03,62.09,0.06,0.10%,491
2025-08-19 5:00,62.1,62.15,62.04,62.1,0.01,0.02%,232
2025-08-19 5:05,62.09,62.16,62.06,62.1,0,0.00%,330
2025-08-19 5:10,62.1,62.15,62.1,62.12,0.02,0.03%,287
2025-08-19 5:15,62.13,62.16,62.08,62.09,-0.03,-0.05%,209
2025-08-19 5:20,62.09,62.12,62.04,62.06,-0.03,-0.05%,211
2025-08-19 5:25,62.06,62.06,61.93,61.99,-0.07,-0.11%,394
2025-08-19 5:30,61.99,62.07,61.95,62.06,0.07,0.11%,335
2025-08-19 5:35,62.05,62.05,61.96,61.98,-0.08,-0.13%,279
2025-08-19 5:40,61.98,62.08,61.91,61.95,-0.03,-0.05%,1242
2025-08-19 5:45,61.94,61.97,61.86,61.87,-0.08,-0.13%,386
2025-08-19 5:50,61.87,61.92,61.85,61.89,0.02,0.03%,688
2025-08-19 5:55,61.89,61.93,61.87,61.89,0,0.00%,320
2025-08-19 6:00,61.89,61.92,61.86,61.9,0.01,0.02%,399
2025-08-19 6:05,61.9,61.93,61.84,61.85,-0.05,-0.08%,354
2025-08-19 6:10,61.86,61.96,61.85,61.92,0.07,0.11%,755
2025-08-19 6:15,61.92,62,61.9,61.95,0.03,0.05%,473
2025-08-19 6:20,61.95,61.96,61.93,61.94,-0.01,-0.02%,204
2025-08-19 6:25,61.94,61.97,61.94,61.96,0.02,0.03%,198
2025-08-19 6:30,61.95,61.97,61.89,61.97,0.01,0.02%,476
2025-08-19 6:35,61.96,62.06,61.93,61.94,-0.03,-0.05%,1225
2025-08-19 6:40,61.95,62.13,61.95,62.12,0.18,0.29%,965
2025-08-19 6:45,62.13,62.2,62.11,62.12,0,0.00%,927
2025-08-19 6:50,62.12,62.12,62.05,62.08,-0.04,-0.06%,495
2025-08-19 6:55,62.09,62.22,62.09,62.18,0.1,0.16%,900
2025-08-19 7:00,62.17,62.22,62.14,62.19,0.01,0.02%,873
2025-08-19 7:05,62.18,62.25,62.1,62.17,-0.02,-0.03%,841
2025-08-19 7:10,62.18,62.24,62.11,62.13,-0.04,-0.06%,770
2025-08-19 7:15,62.13,62.24,62.1,62.11,-0.02,-0.03%,900
2025-08-19 7:20,62.1,62.12,62.02,62.07,-0.04,-0.06%,648
2025-08-19 7:25,62.08,62.1,62.04,62.07,0,0.00%,397
2025-08-19 7:30,62.08,62.08,61.97,62,-0.07,-0.11%,699
2025-08-19 7:35,62,62.08,61.95,61.96,-0.04,-0.06%,744
2025-08-19 7:40,61.95,61.99,61.91,61.93,-0.03,-0.05%,1020
2025-08-19 7:45,61.93,61.96,61.91,61.95,0.02,0.03%,617
2025-08-19 7:50,61.95,61.96,61.88,61.89,-0.06,-0.10%,594
2025-08-19 7:55,61.89,61.97,61.88,61.95,0.06,0.10%,621
2025-08-19 8:00,61.95,61.96,61.78,61.83,-0.12,-0.19%,2761
2025-08-19 8:05,61.82,61.83,61.75,61.77,-0.06,-0.10%,1608
2025-08-19 8:10,61.77,61.81,61.7,61.79,0.02,0.03%,1876
2025-08-19 8:15,61.79,61.85,61.78,61.83,0.04,0.06%,1189
2025-08-19 8:20,61.83,61.94,61.82,61.94,0.11,0.18%,1175
2025-08-19 8:25,61.94,62.05,61.94,62.02,0.08,0.13%,1005
2025-08-19 8:30,62.02,62.05,61.95,61.97,-0.05,-0.08%,1003
2025-08-19 8:35,61.98,62,61.95,61.95,-0.02,-0.03%,641
2025-08-19 8:40,61.95,62.02,61.91,61.97,0.02,0.03%,1091
2025-08-19 8:45,61.97,62.07,61.96,62.06,0.09,0.15%,1033
2025-08-19 8:50,62.06,62.26,62.04,62.12,0.06,0.10%,2851
2025-08-19 8:55,62.12,62.13,61.95,62,-0.12,-0.19%,1472
2025-08-19 9:00,61.99,62.02,61.96,62,0,0.00%,813
2025-08-19 9:05,61.99,62,61.92,61.99,-0.01,-0.02%,817
2025-08-19 9:10,61.99,62,61.9,61.99,0,0.00%,1040
2025-08-19 9:15,61.98,62.2,61.97,62.15,0.16,0.26%,1375
2025-08-19 9:20,62.16,62.25,62.1,62.12,-0.03,-0.05%,1323
2025-08-19 9:25,62.12,62.23,62.02,62.17,0.05,0.08%,2299
2025-08-19 9:30,62.18,62.22,62.12,62.18,0.01,0.02%,2562
2025-08-19 9:35,62.17,62.18,62.07,62.08,-0.1,-0.16%,1629
2025-08-19 9:40,62.08,62.09,62.01,62.07,-0.01,-0.02%,1161
2025-08-19 9:45,62.08,62.13,62.03,62.12,0.05,0.08%,810
2025-08-19 9:50,62.12,62.16,62.05,62.09,-0.03,-0.05%,1048
2025-08-19 9:55,62.08,62.1,62.05,62.07,-0.02,-0.03%,621
2025-08-19 10:00,62.07,62.11,62.04,62.09,0.02,0.03%,724
2025-08-19 10:05,62.08,62.14,62.03,62.03,-0.06,-0.10%,1089
2025-08-19 10:10,62.03,62.19,62.01,62.18,0.15,0.24%,1015
2025-08-19 10:15,62.18,62.21,62.11,62.16,-0.02,-0.03%,806
2025-08-19 10:20,62.16,62.21,62.12,62.14,-0.02,-0.03%,964
2025-08-19 10:25,62.15,62.17,62.1,62.11,-0.03,-0.05%,914
2025-08-19 10:30,62.11,62.13,62.04,62.1,-0.01,-0.02%,991
2025-08-19 10:35,62.09,62.13,62.06,62.13,0.03,0.05%,665
2025-08-19 10:40,62.13,62.21,62.08,62.08,-0.05,-0.08%,882
2025-08-19 10:45,62.08,62.11,61.98,62.05,-0.03,-0.05%,1102
2025-08-19 10:50,62.04,62.07,61.89,61.9,-0.15,-0.24%,1736
2025-08-19 10:55,61.89,61.92,61.81,61.82,-0.08,-0.13%,2002
2025-08-19 11:00,61.82,61.88,61.78,61.87,0.05,0.08%,1507
2025-08-19 11:05,61.87,62.03,61.86,61.95,0.08,0.13%,1379
2025-08-19 11:10,61.95,61.95,61.87,61.87,-0.08,-0.13%,722
2025-08-19 11:15,61.87,61.93,61.85,61.9,0.03,0.05%,754
2025-08-19 11:20,61.91,61.94,61.88,61.92,0.02,0.03%,641
2025-08-19 11:25,61.91,61.97,61.91,61.93,0.01,0.02%,542
2025-08-19 11:30,61.93,61.94,61.87,61.91,-0.02,-0.03%,517
2025-08-19 11:35,61.9,61.92,61.88,61.91,0,0.00%,647
2025-08-19 11:40,61.9,61.94,61.87,61.89,-0.02,-0.03%,501
2025-08-19 11:45,61.89,61.91,61.83,61.87,-0.02,-0.03%,767
2025-08-19 11:50,61.86,61.87,61.8,61.82,-0.05,-0.08%,728
2025-08-19 11:55,61.82,61.83,61.77,61.8,-0.02,-0.03%,1375
2025-08-19 12:00,61.79,61.86,61.79,61.82,0.02,0.03%,541
2025-08-19 12:05,61.83,61.83,61.8,61.83,0.01,0.02%,431
2025-08-19 12:10,61.83,61.83,61.65,61.68,-0.15,-0.24%,1443
2025-08-19 12:15,61.68,61.76,61.68,61.73,0.05,0.08%,642
2025-08-19 12:20,61.73,61.74,61.7,61.72,-0.01,-0.02%,668
2025-08-19 12:25,61.72,61.73,61.69,61.7,-0.02,-0.03%,680
2025-08-19 12:30,61.69,61.72,61.66,61.68,-0.02,-0.03%,898
2025-08-19 12:35,61.68,61.77,61.67,61.76,0.08,0.13%,761
2025-08-19 12:40,61.77,61.81,61.75,61.77,0.01,0.02%,668
2025-08-19 12:45,61.77,61.8,61.71,61.72,-0.05,-0.08%,661
2025-08-19 12:50,61.72,61.77,61.71,61.74,0.02,0.03%,641
2025-08-19 12:55,61.74,61.76,61.71,61.73,-0.01,-0.02%,650
2025-08-19 13:00,61.72,61.75,61.68,61.72,-0.01,-0.02%,602
2025-08-19 13:05,61.73,61.78,61.72,61.75,0.03,0.05%,683
2025-08-19 13:10,61.75,61.77,61.73,61.75,0,0.00%,559
2025-08-19 13:15,61.76,61.77,61.67,61.67,-0.08,-0.13%,1344
2025-08-19 13:20,61.68,61.77,61.65,61.74,0.07,0.11%,1758
2025-08-19 13:25,61.75,61.79,61.72,61.77,0.03,0.05%,4992
2025-08-19 13:30,61.77,61.83,61.77,61.82,0.05,0.08%,1593
2025-08-19 13:35,61.83,61.88,61.83,61.88,0.06,0.10%,503
2025-08-19 13:40,61.87,61.87,61.84,61.86,-0.02,-0.03%,277
2025-08-19 13:45,61.85,61.88,61.85,61.88,0.02,0.03%,272
2025-08-19 13:50,61.88,61.96,61.88,61.9,0.02,0.03%,455
2025-08-19 13:55,61.9,61.91,61.88,61.9,0,0.00%,211
2025-08-19 14:00,61.9,61.92,61.9,61.9,0,0.00%,154
2025-08-19 14:05,61.9,61.9,61.87,61.9,0,0.00%,138
2025-08-19 14:10,61.89,61.92,61.89,61.9,0,0.00%,94
2025-08-19 14:15,61.9,61.97,61.9,61.96,0.06,0.10%,275
2025-08-19 14:20,61.95,61.98,61.94,61.97,0.01,0.02%,253
2025-08-19 14:25,61.98,62.03,61.95,61.97,0,0.00%,834
2025-08-19 14:30,61.96,61.98,61.95,61.95,-0.02,-0.03%,192
2025-08-19 14:35,61.96,62,61.95,61.96,0.01,0.02%,682
2025-08-19 14:40,61.97,61.97,61.9,61.91,-0.05,-0.08%,561
2025-08-19 14:45,61.92,61.93,61.84,61.85,-0.06,-0.10%,602
2025-08-19 14:50,61.84,61.85,61.81,61.81,-0.04,-0.06%,615
2025-08-19 14:55,61.82,61.91,61.8,61.89,0.08,0.13%,375
2025-08-19 15:00,61.89,61.94,61.88,61.89,0,0.00%,294
2025-08-19 15:05,61.89,61.94,61.87,61.93,0.04,0.06%,265
2025-08-19 15:10,61.94,61.96,61.94,61.95,0.02,0.03%,76
2025-08-19 15:15,61.95,61.96,61.91,61.91,-0.04,-0.06%,149
2025-08-19 15:20,61.91,61.97,61.9,61.97,0.06,0.10%,275
2025-08-19 15:25,61.96,62.01,61.96,61.99,0.02,0.03%,459
2025-08-19 15:30,62,62.05,61.97,62.03,0.04,0.06%,277
2025-08-19 15:35,62.02,62.03,61.99,62,-0.03,-0.05%,183
2025-08-19 15:40,61.99,62.03,61.98,62.01,0.01,0.02%,137
2025-08-19 15:45,62.01,62.04,62,62.02,0.01,0.02%,115
2025-08-19 15:50,62.04,62.04,61.97,62,-0.02,-0.03%,238
2025-08-19 15:55,62,62.02,61.98,62,0,0.00%,95
2025-08-19 17:00,61.95,61.99,61.93,61.95,-0.05,-0.08%,171
2025-08-19 17:05,61.94,61.98,61.94,61.98,0.03,0.05%,32
2025-08-19 17:10,61.98,62,61.97,61.99,0.01,0.02%,24
2025-08-19 17:15,61.99,62.01,61.99,62,0.01,0.02%,32
2025-08-19 17:20,62,62.04,61.99,62.04,0.04,0.06%,80
2025-08-19 17:25,62.04,62.06,62.04,62.06,0.02,0.03%,74
2025-08-19 17:30,62.05,62.08,62.04,62.07,0.01,0.02%,57
2025-08-19 17:35,62.07,62.11,62.07,62.11,0.04,0.06%,96
2025-08-19 17:40,62.09,62.09,62.08,62.08,-0.03,-0.05%,12
2025-08-19 17:45,62.09,62.09,62.04,62.06,-0.02,-0.03%,52
2025-08-19 17:50,62.06,62.1,62.06,62.09,0.03,0.05%,42
2025-08-19 17:55,62.1,62.11,62.09,62.1,0.01,0.02%,26
2025-08-19 18:00,62.1,62.12,62.1,62.12,0.02,0.03%,54
2025-08-19 18:05,62.11,62.12,62.09,62.1,-0.02,-0.03%,102
2025-08-19 18:10,62.1,62.12,62.09,62.11,0.01,0.02%,29
2025-08-19 18:15,62.1,62.1,62.09,62.1,-0.01,-0.02%,23
2025-08-19 18:20,62.1,62.1,62.08,62.1,0,0.00%,34
2025-08-19 18:25,62.1,62.14,62.09,62.13,0.03,0.05%,60
2025-08-19 18:30,62.14,62.14,62.12,62.14,0.01,0.02%,16
2025-08-19 18:35,62.14,62.14,62.12,62.13,-0.01,-0.02%,6
2025-08-19 18:40,62.13,62.13,62.11,62.11,-0.02,-0.03%,18
2025-08-19 18:45,62.12,62.14,62.12,62.13,0.02,0.03%,69
2025-08-19 18:50,62.13,62.13,62.12,62.13,0,0.00%,31
2025-08-19 18:55,62.14,62.14,62.11,62.12,-0.01,-0.02%,81
2025-08-19 19:00,62.11,62.12,62.05,62.09,-0.03,-0.05%,436
2025-08-19 19:05,62.09,62.11,62.08,62.09,0,0.00%,46
2025-08-19 19:10,62.09,62.09,62.04,62.04,-0.05,-0.08%,63
2025-08-19 19:15,62.06,62.08,62.05,62.08,0.04,0.06%,30
2025-08-19 19:20,62.07,62.08,62.05,62.05,-0.03,-0.05%,42
2025-08-19 19:25,62.05,62.09,62.05,62.08,0.03,0.05%,52
2025-08-19 19:30,62.09,62.1,62.09,62.1,0.02,0.03%,21
2025-08-19 19:35,62.1,62.11,62.08,62.08,-0.02,-0.03%,14
2025-08-19 19:40,62.09,62.11,62.09,62.11,0.03,0.05%,56
2025-08-19 19:45,62.09,62.1,62.08,62.09,-0.02,-0.03%,39
2025-08-19 19:50,62.1,62.11,62.09,62.1,0.01,0.02%,41
2025-08-19 19:55,62.1,62.13,62.1,62.11,0.01,0.02%,102
2025-08-19 20:00,62.11,62.2,62.08,62.18,0.07,0.11%,544
2025-08-19 20:05,62.17,62.18,62.1,62.11,-0.07,-0.11%,171
2025-08-19 20:10,62.1,62.11,62.07,62.09,-0.02,-0.03%,248
2025-08-19 20:15,62.08,62.09,62.02,62.04,-0.05,-0.08%,145
2025-08-19 20:20,62.03,62.04,62.01,62.01,-0.03,-0.05%,61
2025-08-19 20:25,62.02,62.03,61.97,61.98,-0.03,-0.05%,309
2025-08-19 20:30,61.98,61.98,61.89,61.95,-0.03,-0.05%,258
2025-08-19 20:35,61.94,61.95,61.91,61.93,-0.02,-0.03%,95
2025-08-19 20:40,61.94,61.98,61.94,61.96,0.03,0.05%,83
2025-08-19 20:45,61.96,61.96,61.91,61.92,-0.04,-0.06%,135
2025-08-19 20:50,61.93,61.95,61.92,61.92,0,0.00%,59
2025-08-19 20:55,61.92,61.92,61.89,61.9,-0.02,-0.03%,68
2025-08-19 21:00,61.89,61.9,61.84,61.86,-0.04,-0.06%,210
2025-08-19 21:05,61.85,61.9,61.85,61.89,0.03,0.05%,103
2025-08-19 21:10,61.89,61.92,61.89,61.89,0,0.00%,94
2025-08-19 21:15,61.88,61.93,61.86,61.91,0.02,0.03%,106
2025-08-19 21:20,61.92,61.93,61.91,61.92,0.01,0.02%,61
2025-08-19 21:25,61.92,61.94,61.92,61.93,0.01,0.02%,21
2025-08-19 21:30,61.93,61.96,61.91,61.94,0.01,0.02%,56
2025-08-19 21:35,61.93,61.96,61.92,61.93,-0.01,-0.02%,78
2025-08-19 21:40,61.93,61.93,61.87,61.87,-0.06,-0.10%,85
2025-08-19 21:45,61.87,61.93,61.87,61.92,0.05,0.08%,50
2025-08-19 21:50,61.91,61.93,61.91,61.92,0,0.00%,57
2025-08-19 21:55,61.92,61.92,61.9,61.9,-0.02,-0.03%,51
2025-08-19 22:00,61.9,61.92,61.89,61.92,0.02,0.03%,33
2025-08-19 22:05,61.93,61.98,61.93,61.94,0.02,0.03%,78
2025-08-19 22:10,61.94,61.96,61.93,61.94,0,0.00%,60
2025-08-19 22:15,61.94,61.96,61.83,61.87,-0.07,-0.11%,255
2025-08-19 22:20,61.88,61.88,61.85,61.88,0.01,0.02%,92
2025-08-19 22:25,61.87,61.89,61.83,61.87,-0.01,-0.02%,104
2025-08-19 22:30,61.87,61.88,61.84,61.86,-0.01,-0.02%,40
2025-08-19 22:35,61.87,61.87,61.85,61.86,0,0.00%,28
2025-08-19 22:40,61.87,61.87,61.86,61.87,0.01,0.02%,31
2025-08-19 22:45,61.87,61.88,61.86,61.86,-0.01,-0.02%,36
2025-08-19 22:50,61.86,61.87,61.86,61.87,0.01,0.02%,11
2025-08-19 22:55,61.87,61.88,61.87,61.88,0.01,0.02%,24
2025-08-19 23:00,61.88,61.9,61.88,61.9,0.02,0.03%,36
2025-08-19 23:05,61.9,61.9,61.88,61.89,-0.01,-0.02%,39
2025-08-19 23:10,61.89,61.9,61.88,61.89,0,0.00%,24
2025-08-19 23:15,61.89,61.91,61.88,61.88,-0.01,-0.02%,35
2025-08-19 23:20,61.89,61.89,61.88,61.88,0,0.00%,17
2025-08-19 23:25,61.88,61.9,61.88,61.89,0.01,0.02%,30
2025-08-19 23:30,61.9,61.92,61.88,61.89,0,0.00%,80
2025-08-19 23:35,61.89,61.97,61.88,61.97,0.08,0.13%,173
2025-08-19 23:40,61.97,61.98,61.95,61.98,0.01,0.02%,79
2025-08-19 23:45,61.98,62.02,61.98,62,0.02,0.03%,90
2025-08-19 23:50,61.99,62,61.98,61.98,-0.02,-0.03%,62
2025-08-19 23:55,61.97,62,61.97,61.99,0.01,0.02%,49
2025-08-20 0:00,62,62,61.98,61.98,-0.01,-0.02%,54
2025-08-20 0:05,61.99,62,61.99,61.99,0.01,0.02%,28
2025-08-20 0:10,61.99,62.05,61.99,62.05,0.06,0.10%,142
2025-08-20 0:15,62.04,62.05,62.03,62.03,-0.02,-0.03%,89
2025-08-20 0:20,62.03,62.05,62.01,62.02,-0.01,-0.02%,98
2025-08-20 0:25,62.02,62.03,62.01,62.03,0.01,0.02%,32
2025-08-20 0:30,62.01,62.03,62,62.03,0,0.00%,128
2025-08-20 0:35,62.03,62.08,62.03,62.06,0.03,0.05%,138
2025-08-20 0:40,62.06,62.08,62.04,62.05,-0.01,-0.02%,85
2025-08-20 0:45,62.05,62.06,62.03,62.06,0.01,0.02%,102
2025-08-20 0:50,62.06,62.16,62.06,62.14,0.08,0.13%,288
2025-08-20 0:55,62.16,62.21,62.15,62.2,0.06,0.10%,425
2025-08-20 1:00,62.21,62.34,62.2,62.31,0.11,0.18%,525
2025-08-20 1:05,62.31,62.31,62.19,62.21,-0.1,-0.16%,430
2025-08-20 1:10,62.2,62.3,62.2,62.28,0.07,0.11%,287
2025-08-20 1:15,62.27,62.3,62.24,62.29,0.01,0.02%,203
2025-08-20 1:20,62.29,62.31,62.27,62.31,0.02,0.03%,410
2025-08-20 1:25,62.31,62.31,62.27,62.3,-0.01,-0.02%,376
2025-08-20 1:30,62.3,62.34,62.28,62.32,0.02,0.03%,411
2025-08-20 1:35,62.31,62.37,62.31,62.37,0.05,0.08%,315
2025-08-20 1:40,62.36,62.38,62.32,62.34,-0.03,-0.05%,321
2025-08-20 1:45,62.33,62.35,62.32,62.33,-0.01,-0.02%,260
2025-08-20 1:50,62.33,62.34,62.31,62.33,0,0.00%,205
2025-08-20 1:55,62.32,62.36,62.31,62.33,0,0.00%,277
2025-08-20 2:00,62.32,62.33,62.21,62.26,-0.07,-0.11%,763
2025-08-20 2:05,62.25,62.36,62.25,62.35,0.09,0.14%,416
2025-08-20 2:10,62.35,62.39,62.33,62.36,0.01,0.02%,432
2025-08-20 2:15,62.36,62.37,62.35,62.35,-0.01,-0.02%,226
2025-08-20 2:20,62.35,62.44,62.35,62.43,0.08,0.13%,746
2025-08-20 2:25,62.44,62.49,62.44,62.47,0.04,0.06%,535
2025-08-20 2:30,62.47,62.56,62.43,62.47,0,0.00%,1128
2025-08-20 2:35,62.48,62.53,62.43,62.48,0.01,0.02%,571
2025-08-20 2:40,62.49,62.52,62.44,62.45,-0.03,-0.05%,284
2025-08-20 2:45,62.44,62.47,62.4,62.44,-0.01,-0.02%,406
2025-08-20 2:50,62.44,62.49,62.42,62.48,0.04,0.06%,360
2025-08-20 2:55,62.47,62.51,62.45,62.47,-0.01,-0.02%,328
2025-08-20 3:00,62.46,62.5,62.39,62.42,-0.05,-0.08%,611
2025-08-20 3:05,62.43,62.43,62.38,62.38,-0.04,-0.06%,456
2025-08-20 3:10,62.38,62.39,62.28,62.33,-0.05,-0.08%,635
2025-08-20 3:15,62.33,62.36,62.32,62.33,0,0.00%,150
2025-08-20 3:20,62.33,62.42,62.32,62.37,0.04,0.06%,424
2025-08-20 3:25,62.37,62.44,62.34,62.43,0.06,0.10%,664
2025-08-20 3:30,62.43,62.61,62.43,62.57,0.14,0.22%,1407
2025-08-20 3:35,62.57,62.6,62.49,62.56,-0.01,-0.02%,720
2025-08-20 3:40,62.56,62.72,62.56,62.71,0.15,0.24%,1268
2025-08-20 3:45,62.71,62.72,62.63,62.66,-0.05,-0.08%,533
2025-08-20 3:50,62.66,62.67,62.6,62.62,-0.04,-0.06%,410
2025-08-20 3:55,62.62,62.67,62.62,62.64,0.02,0.03%,248
2025-08-20 4:00,62.65,62.65,62.54,62.54,-0.1,-0.16%,527
2025-08-20 4:05,62.54,62.59,62.54,62.58,0.04,0.06%,141
2025-08-20 4:10,62.58,62.6,62.55,62.58,0,0.00%,191
2025-08-20 4:15,62.58,62.6,62.51,62.52,-0.06,-0.10%,282
2025-08-20 4:20,62.53,62.54,62.49,62.52,0,0.00%,317
2025-08-20 4:25,62.52,62.57,62.51,62.56,0.04,0.06%,351
2025-08-20 4:30,62.57,62.59,62.52,62.56,0,0.00%,252
2025-08-20 4:35,62.56,62.56,62.5,62.51,-0.05,-0.08%,425
2025-08-20 4:40,62.5,62.53,62.44,62.46,-0.05,-0.08%,302
2025-08-20 4:45,62.45,62.45,62.34,62.35,-0.11,-0.18%,583
2025-08-20 4:50,62.35,62.4,62.28,62.29,-0.06,-0.10%,526
2025-08-20 4:55,62.28,62.29,62.22,62.24,-0.05,-0.08%,654
2025-08-20 5:00,62.24,62.24,62.14,62.17,-0.07,-0.11%,866
2025-08-20 5:05,62.17,62.34,62.17,62.32,0.15,0.24%,840
2025-08-20 5:10,62.32,62.36,62.25,62.27,-0.05,-0.08%,572
2025-08-20 5:15,62.26,62.28,62.19,62.23,-0.04,-0.06%,292
2025-08-20 5:20,62.23,62.33,62.23,62.3,0.07,0.11%,281
2025-08-20 5:25,62.3,62.42,62.3,62.42,0.12,0.19%,411
2025-08-20 5:30,62.41,62.44,62.39,62.44,0.02,0.03%,273
2025-08-20 5:35,62.43,62.55,62.42,62.47,0.03,0.05%,656
2025-08-20 5:40,62.46,62.51,62.46,62.48,0.01,0.02%,268
2025-08-20 5:45,62.48,62.54,62.46,62.51,0.03,0.05%,229
2025-08-20 5:50,62.51,62.57,62.46,62.49,-0.02,-0.03%,432
2025-08-20 5:55,62.49,62.52,62.47,62.51,0.02,0.03%,252
2025-08-20 6:00,62.52,62.56,62.51,62.55,0.04,0.06%,341
2025-08-20 6:05,62.56,62.58,62.52,62.53,-0.02,-0.03%,225
2025-08-20 6:10,62.52,62.57,62.52,62.54,0.01,0.02%,203
2025-08-20 6:15,62.54,62.57,62.5,62.52,-0.02,-0.03%,352
2025-08-20 6:20,62.52,62.55,62.52,62.54,0.02,0.03%,258
2025-08-20 6:25,62.55,62.56,62.51,62.55,0.01,0.02%,444
2025-08-20 6:30,62.55,62.67,62.54,62.63,0.08,0.13%,1195
2025-08-20 6:35,62.64,62.66,62.58,62.64,0.01,0.02%,584
2025-08-20 6:40,62.63,62.67,62.59,62.59,-0.05,-0.08%,387
2025-08-20 6:45,62.59,62.69,62.59,62.67,0.08,0.13%,584
2025-08-20 6:50,62.66,62.66,62.57,62.59,-0.08,-0.13%,548
2025-08-20 6:55,62.6,62.63,62.59,62.62,0.03,0.05%,341
2025-08-20 7:00,62.62,62.65,62.59,62.59,-0.03,-0.05%,899
2025-08-20 7:05,62.59,62.59,62.5,62.53,-0.06,-0.10%,498
2025-08-20 7:10,62.53,62.55,62.43,62.43,-0.1,-0.16%,784
2025-08-20 7:15,62.43,62.48,62.39,62.45,0.02,0.03%,627
2025-08-20 7:20,62.45,62.5,62.43,62.44,-0.01,-0.02%,497
2025-08-20 7:25,62.43,62.45,62.39,62.44,0,0.00%,485
2025-08-20 7:30,62.43,62.46,62.36,62.37,-0.07,-0.11%,737
2025-08-20 7:35,62.38,62.43,62.37,62.42,0.05,0.08%,637
2025-08-20 7:40,62.41,62.48,62.39,62.45,0.03,0.05%,730
2025-08-20 7:45,62.45,62.51,62.43,62.46,0.01,0.02%,874
2025-08-20 7:50,62.46,62.5,62.44,62.49,0.03,0.05%,375
2025-08-20 7:55,62.49,62.55,62.49,62.55,0.06,0.10%,747
2025-08-20 8:00,62.54,62.59,62.42,62.5,-0.05,-0.08%,1913
2025-08-20 8:05,62.49,62.56,62.43,62.56,0.06,0.10%,1071
2025-08-20 8:10,62.57,62.57,62.51,62.57,0.01,0.02%,544
2025-08-20 8:15,62.57,62.58,62.48,62.57,0,0.00%,755
2025-08-20 8:20,62.57,62.58,62.51,62.53,-0.04,-0.06%,577
2025-08-20 8:25,62.53,62.6,62.5,62.59,0.06,0.10%,1053
2025-08-20 8:30,62.58,62.58,62.38,62.44,-0.15,-0.24%,1243
2025-08-20 8:35,62.42,62.56,62.41,62.56,0.12,0.19%,900
2025-08-20 8:40,62.56,62.65,62.52,62.6,0.04,0.06%,1181
2025-08-20 8:45,62.59,62.7,62.52,62.57,-0.03,-0.05%,1947
2025-08-20 8:50,62.57,62.58,62.36,62.39,-0.18,-0.29%,2293
2025-08-20 8:55,62.4,62.51,62.39,62.48,0.09,0.14%,1272
2025-08-20 9:00,62.49,62.66,62.46,62.6,0.12,0.19%,1325
2025-08-20 9:05,62.6,62.62,62.44,62.5,-0.1,-0.16%,928
2025-08-20 9:10,62.49,62.53,62.4,62.41,-0.09,-0.14%,1027
2025-08-20 9:15,62.41,62.48,62.38,62.44,0.03,0.05%,1089
2025-08-20 9:20,62.45,62.59,62.43,62.54,0.1,0.16%,1158
2025-08-20 9:25,62.54,62.56,62.45,62.49,-0.05,-0.08%,1277
2025-08-20 9:30,62.49,62.8,62.48,62.58,0.09,0.14%,4682
2025-08-20 9:35,62.58,62.58,62.4,62.45,-0.13,-0.21%,2113
2025-08-20 9:40,62.45,62.53,62.38,62.39,-0.06,-0.10%,1197
2025-08-20 9:45,62.38,62.38,62.27,62.35,-0.04,-0.06%,2588
2025-08-20 9:50,62.35,62.35,62.25,62.31,-0.04,-0.06%,1260
2025-08-20 9:55,62.31,62.33,62.27,62.27,-0.04,-0.06%,1062
2025-08-20 10:00,62.27,62.28,62.1,62.18,-0.09,-0.14%,2927
2025-08-20 10:05,62.19,62.28,62.16,62.27,0.09,0.14%,1413
2025-08-20 10:10,62.27,62.43,62.27,62.37,0.1,0.16%,2117
2025-08-20 10:15,62.38,62.48,62.38,62.45,0.08,0.13%,1228
2025-08-20 10:20,62.46,62.58,62.42,62.48,0.03,0.05%,1893
2025-08-20 10:25,62.49,62.68,62.47,62.66,0.18,0.29%,1757
2025-08-20 10:30,62.66,62.82,62.56,62.63,-0.03,-0.05%,3634
2025-08-20 10:35,62.62,62.65,62.6,62.64,0.01,0.02%,797
2025-08-20 10:40,62.63,62.78,62.6,62.78,0.14,0.22%,1384
2025-08-20 10:45,62.77,62.79,62.72,62.77,-0.01,-0.02%,1182
2025-08-20 10:50,62.78,62.86,62.75,62.83,0.06,0.10%,1367
2025-08-20 10:55,62.83,62.9,62.78,62.86,0.03,0.05%,1454
2025-08-20 11:00,62.86,63.01,62.84,62.91,0.05,0.08%,2383
2025-08-20 11:05,62.91,62.91,62.79,62.81,-0.1,-0.16%,1474
2025-08-20 11:10,62.81,62.85,62.74,62.75,-0.06,-0.10%,1045
2025-08-20 11:15,62.77,62.79,62.67,62.7,-0.05,-0.08%,845
2025-08-20 11:20,62.7,62.73,62.65,62.69,-0.01,-0.02%,709
2025-08-20 11:25,62.7,62.79,62.67,62.76,0.07,0.11%,1179
2025-08-20 11:30,62.76,62.76,62.7,62.71,-0.05,-0.08%,734
2025-08-20 11:35,62.71,62.72,62.67,62.71,0,0.00%,422
2025-08-20 11:40,62.72,62.8,62.71,62.8,0.09,0.14%,785
2025-08-20 11:45,62.8,62.84,62.77,62.81,0.01,0.02%,930
2025-08-20 11:50,62.81,62.81,62.73,62.74,-0.07,-0.11%,517
2025-08-20 11:55,62.74,62.83,62.74,62.81,0.07,0.11%,715
2025-08-20 12:00,62.8,62.82,62.7,62.7,-0.11,-0.18%,493
2025-08-20 12:05,62.7,62.75,62.7,62.72,0.02,0.03%,414
2025-08-20 12:10,62.72,62.73,62.66,62.7,-0.02,-0.03%,627
2025-08-20 12:15,62.7,62.76,62.68,62.75,0.05,0.08%,344
2025-08-20 12:20,62.75,62.76,62.69,62.72,-0.03,-0.05%,453
2025-08-20 12:25,62.73,62.78,62.73,62.76,0.04,0.06%,500
2025-08-20 12:30,62.76,62.82,62.74,62.75,-0.01,-0.02%,999
2025-08-20 12:35,62.75,62.76,62.7,62.74,-0.01,-0.02%,768
2025-08-20 12:40,62.74,62.82,62.72,62.81,0.07,0.11%,760
2025-08-20 12:45,62.81,62.82,62.64,62.7,-0.11,-0.18%,1341
2025-08-20 12:50,62.69,62.74,62.67,62.71,0.01,0.02%,835
2025-08-20 12:55,62.71,62.72,62.58,62.6,-0.11,-0.18%,1318
2025-08-20 13:00,62.6,62.72,62.55,62.66,0.06,0.10%,2255
2025-08-20 13:05,62.66,62.73,62.64,62.66,0,0.00%,1424
2025-08-20 13:10,62.66,62.79,62.66,62.69,0.03,0.05%,1596
2025-08-20 13:15,62.7,62.77,62.68,62.75,0.06,0.10%,1221
2025-08-20 13:20,62.75,62.79,62.69,62.72,-0.03,-0.05%,1762
2025-08-20 13:25,62.71,62.75,62.63,62.7,-0.02,-0.03%,6498
2025-08-20 13:30,62.7,62.89,62.69,62.86,0.16,0.26%,1646
2025-08-20 13:35,62.86,62.89,62.84,62.85,-0.01,-0.02%,299
2025-08-20 13:40,62.85,62.85,62.8,62.81,-0.04,-0.06%,250
2025-08-20 13:45,62.82,62.84,62.79,62.83,0.02,0.03%,302
2025-08-20 13:50,62.84,62.89,62.83,62.88,0.05,0.08%,446
2025-08-20 13:55,62.88,62.89,62.86,62.88,0,0.00%,200
2025-08-20 14:00,62.88,62.9,62.87,62.89,0.01,0.02%,164
2025-08-20 14:05,62.9,62.92,62.87,62.91,0.02,0.03%,636
2025-08-20 14:10,62.91,62.94,62.9,62.91,0,0.00%,437
2025-08-20 14:15,62.91,62.93,62.9,62.92,0.01,0.02%,238
2025-08-20 14:20,62.93,62.94,62.91,62.94,0.02,0.03%,451
2025-08-20 14:25,62.94,62.95,62.93,62.94,0,0.00%,396
2025-08-20 14:30,62.94,62.94,62.91,62.92,-0.02,-0.03%,201
2025-08-20 14:35,62.92,62.93,62.87,62.93,0.01,0.02%,525
2025-08-20 14:40,62.93,62.94,62.91,62.92,-0.01,-0.02%,183
2025-08-20 14:45,62.92,62.94,62.91,62.94,0.02,0.03%,317
2025-08-20 14:50,62.94,62.94,62.89,62.9,-0.04,-0.06%,364
2025-08-20 14:55,62.89,62.9,62.88,62.9,0,0.00%,387
2025-08-20 15:00,62.9,62.97,62.89,62.94,0.04,0.06%,268
2025-08-20 15:05,62.94,62.94,62.91,62.92,-0.02,-0.03%,122
2025-08-20 15:10,62.92,62.94,62.92,62.93,0.01,0.02%,157
2025-08-20 15:15,62.92,62.93,62.91,62.92,-0.01,-0.02%,40
2025-08-20 15:20,62.93,62.93,62.92,62.92,0,0.00%,73
2025-08-20 15:25,62.91,62.94,62.91,62.93,0.01,0.02%,142
2025-08-20 15:30,62.93,62.93,62.89,62.89,-0.04,-0.06%,218
2025-08-20 15:35,62.9,62.9,62.86,62.87,-0.02,-0.03%,146
2025-08-20 15:40,62.86,62.88,62.85,62.86,-0.01,-0.02%,206
2025-08-20 15:45,62.85,62.87,62.83,62.84,-0.02,-0.03%,179
2025-08-20 15:50,62.84,62.85,62.81,62.83,-0.01,-0.02%,108
2025-08-20 15:55,62.83,62.86,62.82,62.84,0.01,0.02%,189
2025-08-20 17:00,62.85,62.94,62.84,62.91,0.07,0.11%,200
2025-08-20 17:05,62.91,62.93,62.89,62.9,-0.01,-0.02%,29
2025-08-20 17:10,62.89,62.92,62.89,62.91,0.01,0.02%,15
2025-08-20 17:15,62.91,62.92,62.9,62.9,-0.01,-0.02%,19
2025-08-20 17:20,62.9,62.95,62.89,62.92,0.02,0.03%,57
2025-08-20 17:25,62.93,62.93,62.92,62.92,0,0.00%,23
2025-08-20 17:30,62.93,62.94,62.92,62.94,0.02,0.03%,39
2025-08-20 17:35,62.93,62.93,62.89,62.89,-0.05,-0.08%,47
2025-08-20 17:40,62.89,62.89,62.88,62.88,-0.01,-0.02%,5
2025-08-20 17:45,62.89,62.89,62.88,62.89,0.01,0.02%,21
2025-08-20 17:50,62.9,62.9,62.89,62.89,0,0.00%,2
2025-08-20 17:55,62.9,62.92,62.89,62.92,0.03,0.05%,11
2025-08-20 18:00,62.91,62.91,62.9,62.9,-0.02,-0.03%,4
2025-08-20 18:05,62.9,62.91,62.9,62.91,0.01,0.02%,9
2025-08-20 18:10,62.91,62.91,62.9,62.9,-0.01,-0.02%,41
2025-08-20 18:15,62.89,62.9,62.89,62.9,0,0.00%,63
2025-08-20 18:20,62.91,62.92,62.9,62.91,0.01,0.02%,13
2025-08-20 18:25,62.91,62.91,62.88,62.88,-0.03,-0.05%,36
2025-08-20 18:30,62.88,62.9,62.88,62.88,0,0.00%,6
2025-08-20 18:35,62.89,62.89,62.88,62.89,0.01,0.02%,4
2025-08-20 18:40,62.88,62.88,62.88,62.88,-0.01,-0.02%,4
2025-08-20 18:45,62.88,62.89,62.88,62.88,0,0.00%,18
2025-08-20 18:50,62.87,62.89,62.87,62.89,0.01,0.02%,15
2025-08-20 18:55,62.88,62.89,62.88,62.88,-0.01,-0.02%,7
2025-08-20 19:00,62.87,62.89,62.82,62.89,0.01,0.02%,214
2025-08-20 19:05,62.9,62.93,62.89,62.91,0.02,0.03%,72
2025-08-20 19:10,62.91,62.91,62.89,62.89,-0.02,-0.03%,21
2025-08-20 19:15,62.89,62.89,62.85,62.86,-0.03,-0.05%,30
2025-08-20 19:20,62.85,62.86,62.84,62.86,0,0.00%,62
2025-08-20 19:25,62.86,62.87,62.85,62.87,0.01,0.02%,48
2025-08-20 19:30,62.88,62.9,62.88,62.89,0.02,0.03%,39
2025-08-20 19:35,62.9,62.91,62.84,62.86,-0.03,-0.05%,53
2025-08-20 19:40,62.86,62.88,62.86,62.86,0,0.00%,10
2025-08-20 19:45,62.87,62.88,62.87,62.88,0.02,0.03%,59
2025-08-20 19:50,62.87,62.87,62.85,62.86,-0.02,-0.03%,49
2025-08-20 19:55,62.86,62.87,62.83,62.84,-0.02,-0.03%,57
2025-08-20 20:00,62.83,62.88,62.78,62.87,0.03,0.05%,388
2025-08-20 20:05,62.87,62.87,62.83,62.84,-0.03,-0.05%,113
2025-08-20 20:10,62.84,62.86,62.82,62.84,0,0.00%,64
2025-08-20 20:15,62.84,62.84,62.82,62.82,-0.02,-0.03%,47
2025-08-20 20:20,62.82,62.87,62.8,62.85,0.03,0.05%,147
2025-08-20 20:25,62.85,62.98,62.85,62.96,0.11,0.18%,323
2025-08-20 20:30,62.96,63.09,62.96,63.07,0.11,0.17%,1214
2025-08-20 20:35,63.06,63.14,63.06,63.13,0.06,0.10%,412
2025-08-20 20:40,63.13,63.19,63.13,63.14,0.01,0.02%,440
2025-08-20 20:45,63.14,63.14,63.09,63.12,-0.02,-0.03%,185
2025-08-20 20:50,63.12,63.12,63.06,63.06,-0.06,-0.10%,110
2025-08-20 20:55,63.06,63.08,62.99,62.99,-0.07,-0.11%,178
2025-08-20 21:00,62.99,63.01,62.96,62.97,-0.02,-0.03%,171
2025-08-20 21:05,62.98,63.02,62.98,63.02,0.05,0.08%,102
2025-08-20 21:10,63.02,63.03,63,63.02,0,0.00%,108
2025-08-20 21:15,63.01,63.01,62.97,62.99,-0.03,-0.05%,86
2025-08-20 21:20,62.99,63,62.98,62.98,-0.01,-0.02%,44
2025-08-20 21:25,62.98,63,62.97,62.99,0.01,0.02%,155
2025-08-20 21:30,62.99,63.04,62.99,63.02,0.03,0.05%,86
2025-08-20 21:35,63.02,63.05,62.99,63.03,0.01,0.02%,159
2025-08-20 21:40,63.02,63.03,62.97,63.01,-0.02,-0.03%,130
2025-08-20 21:45,63.01,63.03,62.99,63.01,0,0.00%,50
2025-08-20 21:50,63.01,63.02,63.01,63.02,0.01,0.02%,28
2025-08-20 21:55,63.01,63.01,62.95,62.95,-0.07,-0.11%,132
2025-08-20 22:00,62.95,62.99,62.95,62.99,0.04,0.06%,65
2025-08-20 22:05,62.99,62.99,62.95,62.97,-0.02,-0.03%,70
2025-08-20 22:10,62.97,62.99,62.96,62.96,-0.01,-0.02%,49
2025-08-20 22:15,62.96,62.99,62.96,62.98,0.02,0.03%,42
2025-08-20 22:20,62.97,62.97,62.91,62.95,-0.03,-0.05%,94
2025-08-20 22:25,62.96,63.03,62.96,63.01,0.06,0.10%,116
2025-08-20 22:30,63,63,62.97,62.99,-0.02,-0.03%,113
2025-08-20 22:35,63,63.03,62.99,63.02,0.03,0.05%,35
2025-08-20 22:40,63.02,63.03,63.02,63.03,0.01,0.02%,51
2025-08-20 22:45,63.03,63.03,62.98,62.99,-0.04,-0.06%,23
2025-08-20 22:50,62.99,63,62.99,63,0.01,0.02%,13
2025-08-20 22:55,63,63.02,63,63.01,0.01,0.02%,53
2025-08-20 23:00,63.01,63.01,63,63,-0.01,-0.02%,10
2025-08-20 23:05,63,63,62.98,63,0,0.00%,28
2025-08-20 23:10,62.99,63,62.95,63,0,0.00%,97
2025-08-20 23:15,63,63.07,63,63.05,0.05,0.08%,100
2025-08-20 23:20,63.05,63.05,63.03,63.03,-0.02,-0.03%,75
2025-08-20 23:25,63.03,63.04,63.02,63.03,0,0.00%,25
2025-08-20 23:30,63.03,63.03,63.02,63.03,0,0.00%,41
2025-08-20 23:35,63.03,63.04,63,63.01,-0.02,-0.03%,114
2025-08-20 23:40,63.01,63.05,63,63.05,0.04,0.06%,43
2025-08-20 23:45,63.05,63.09,63.03,63.06,0.01,0.02%,155
2025-08-20 23:50,63.05,63.05,63.04,63.04,-0.02,-0.03%,21
2025-08-20 23:55,63.05,63.05,63.02,63.04,0,0.00%,50
2025-08-21 0:00,63.05,63.05,63,63,-0.04,-0.06%,89
2025-08-21 0:05,63,63,62.98,62.99,-0.01,-0.02%,40
2025-08-21 0:10,62.99,63.01,62.99,63,0.01,0.02%,35
2025-08-21 0:15,63,63.05,63,63.05,0.05,0.08%,50
2025-08-21 0:20,63.05,63.05,63.02,63.02,-0.03,-0.05%,43
2025-08-21 0:25,63.03,63.03,63.01,63.03,0.01,0.02%,54
2025-08-21 0:30,63.03,63.14,63.03,63.13,0.1,0.16%,355
2025-08-21 0:35,63.12,63.14,63.08,63.08,-0.05,-0.08%,126
2025-08-21 0:40,63.08,63.09,63.06,63.07,-0.01,-0.02%,111
2025-08-21 0:45,63.08,63.12,63.07,63.11,0.04,0.06%,78
2025-08-21 0:50,63.11,63.12,63.07,63.08,-0.03,-0.05%,152
2025-08-21 0:55,63.09,63.12,63.08,63.1,0.02,0.03%,111
2025-08-21 1:00,63.11,63.12,63.04,63.04,-0.06,-0.10%,139
2025-08-21 1:05,63.04,63.09,63.04,63.07,0.03,0.05%,156
2025-08-21 1:10,63.08,63.16,63.08,63.15,0.08,0.13%,155
2025-08-21 1:15,63.15,63.24,63.15,63.16,0.01,0.02%,720
2025-08-21 1:20,63.16,63.18,63.07,63.08,-0.08,-0.13%,213
2025-08-21 1:25,63.09,63.15,63.07,63.12,0.04,0.06%,133
2025-08-21 1:30,63.13,63.14,63.09,63.13,0.01,0.02%,88
2025-08-21 1:35,63.12,63.25,63.12,63.24,0.11,0.17%,398
2025-08-21 1:40,63.24,63.28,63.19,63.22,-0.02,-0.03%,552
2025-08-21 1:45,63.22,63.24,63.2,63.22,0,0.00%,196
2025-08-21 1:50,63.21,63.22,63.16,63.16,-0.06,-0.09%,91
2025-08-21 1:55,63.16,63.22,63.15,63.22,0.06,0.09%,190
2025-08-21 2:00,63.22,63.32,63.19,63.25,0.03,0.05%,1525
2025-08-21 2:05,63.26,63.29,63.23,63.27,0.02,0.03%,276
2025-08-21 2:10,63.28,63.38,63.27,63.34,0.07,0.11%,767
2025-08-21 2:15,63.35,63.38,63.32,63.38,0.04,0.06%,461
2025-08-21 2:20,63.38,63.38,63.31,63.32,-0.06,-0.09%,414
2025-08-21 2:25,63.32,63.35,63.29,63.32,0,0.00%,271
2025-08-21 2:30,63.33,63.38,63.33,63.37,0.05,0.08%,419
2025-08-21 2:35,63.37,63.4,63.34,63.35,-0.02,-0.03%,316
2025-08-21 2:40,63.35,63.36,63.29,63.3,-0.05,-0.08%,433
2025-08-21 2:45,63.3,63.33,63.28,63.29,-0.01,-0.02%,387
2025-08-21 2:50,63.28,63.29,63.19,63.22,-0.07,-0.11%,1483
2025-08-21 2:55,63.22,63.23,63.17,63.18,-0.04,-0.06%,390
2025-08-21 3:00,63.19,63.22,63.14,63.17,-0.01,-0.02%,367
2025-08-21 3:05,63.17,63.21,63.16,63.19,0.02,0.03%,175
2025-08-21 3:10,63.19,63.25,63.19,63.24,0.05,0.08%,343
2025-08-21 3:15,63.24,63.24,63.14,63.2,-0.04,-0.06%,341
2025-08-21 3:20,63.2,63.21,63.17,63.19,-0.01,-0.02%,133
2025-08-21 3:25,63.2,63.26,63.18,63.25,0.06,0.09%,449
2025-08-21 3:30,63.25,63.25,63.18,63.25,0,0.00%,537
2025-08-21 3:35,63.24,63.31,63.23,63.29,0.04,0.06%,364
2025-08-21 3:40,63.29,63.29,63.24,63.28,-0.01,-0.02%,269
2025-08-21 3:45,63.29,63.31,63.22,63.3,0.02,0.03%,295
2025-08-21 3:50,63.28,63.3,63.23,63.24,-0.06,-0.09%,308
2025-08-21 3:55,63.23,63.36,63.22,63.33,0.09,0.14%,427
2025-08-21 4:00,63.34,63.35,63.23,63.23,-0.1,-0.16%,363
2025-08-21 4:05,63.25,63.29,63.24,63.25,0.02,0.03%,193
2025-08-21 4:10,63.25,63.25,63.17,63.23,-0.02,-0.03%,812
2025-08-21 4:15,63.23,63.36,63.23,63.35,0.12,0.19%,438
2025-08-21 4:20,63.35,63.38,63.33,63.36,0.01,0.02%,480
2025-08-21 4:25,63.35,63.36,63.33,63.35,-0.01,-0.02%,318
2025-08-21 4:30,63.35,63.4,63.32,63.38,0.03,0.05%,447
2025-08-21 4:35,63.38,63.39,63.35,63.37,-0.01,-0.02%,299
2025-08-21 4:40,63.37,63.37,63.3,63.36,-0.01,-0.02%,304
2025-08-21 4:45,63.36,63.36,63.32,63.35,-0.01,-0.02%,309
2025-08-21 4:50,63.35,63.37,63.3,63.3,-0.05,-0.08%,404
2025-08-21 4:55,63.3,63.38,63.3,63.37,0.07,0.11%,216
2025-08-21 5:00,63.37,63.43,63.35,63.42,0.05,0.08%,516
2025-08-21 5:05,63.42,63.43,63.36,63.38,-0.04,-0.06%,368
2025-08-21 5:10,63.39,63.39,63.35,63.35,-0.03,-0.05%,164
2025-08-21 5:15,63.35,63.41,63.35,63.38,0.03,0.05%,194
2025-08-21 5:20,63.38,63.43,63.37,63.42,0.04,0.06%,201
2025-08-21 5:25,63.41,63.47,63.35,63.43,0.01,0.02%,814
2025-08-21 5:30,63.43,63.48,63.4,63.42,-0.01,-0.02%,301
2025-08-21 5:35,63.42,63.43,63.31,63.31,-0.11,-0.17%,485
2025-08-21 5:40,63.32,63.32,63.25,63.27,-0.04,-0.06%,443
2025-08-21 5:45,63.28,63.3,63.24,63.27,0,0.00%,224
2025-08-21 5:50,63.27,63.28,63.22,63.24,-0.03,-0.05%,198
2025-08-21 5:55,63.25,63.29,63.24,63.25,0.01,0.02%,229
2025-08-21 6:00,63.26,63.28,63.2,63.22,-0.03,-0.05%,389
2025-08-21 6:05,63.21,63.3,63.21,63.3,0.08,0.13%,220
2025-08-21 6:10,63.31,63.31,63.25,63.27,-0.03,-0.05%,286
2025-08-21 6:15,63.27,63.29,63.23,63.28,0.01,0.02%,377
2025-08-21 6:20,63.27,63.31,63.25,63.27,-0.01,-0.02%,299
2025-08-21 6:25,63.26,63.26,63.18,63.18,-0.09,-0.14%,702
2025-08-21 6:30,63.18,63.19,62.99,63.05,-0.13,-0.21%,1307
2025-08-21 6:35,63.05,63.09,63.01,63.03,-0.02,-0.03%,547
2025-08-21 6:40,63.03,63.08,63.01,63.08,0.05,0.08%,449
2025-08-21 6:45,63.08,63.13,63.08,63.11,0.03,0.05%,388
2025-08-21 6:50,63.11,63.13,63.07,63.12,0.01,0.02%,311
2025-08-21 6:55,63.11,63.13,63.08,63.1,-0.02,-0.03%,259
2025-08-21 7:00,63.1,63.19,63.1,63.17,0.07,0.11%,500
2025-08-21 7:05,63.16,63.19,63.13,63.18,0.01,0.02%,208
2025-08-21 7:10,63.19,63.28,63.18,63.22,0.04,0.06%,559
2025-08-21 7:15,63.23,63.23,63.13,63.22,0,0.00%,557
2025-08-21 7:20,63.22,63.22,63.13,63.14,-0.08,-0.13%,203
2025-08-21 7:25,63.14,63.14,63.03,63.04,-0.1,-0.16%,560
2025-08-21 7:30,63.04,63.05,62.92,62.96,-0.08,-0.13%,1085
2025-08-21 7:35,62.95,62.96,62.84,62.94,-0.02,-0.03%,1091
2025-08-21 7:40,62.93,62.96,62.87,62.93,-0.01,-0.02%,576
2025-08-21 7:45,62.92,62.99,62.9,62.98,0.05,0.08%,380
2025-08-21 7:50,62.98,62.98,62.91,62.94,-0.04,-0.06%,360
2025-08-21 7:55,62.95,62.96,62.88,62.89,-0.05,-0.08%,423
2025-08-21 8:00,62.9,62.9,62.75,62.89,0,0.00%,2333
2025-08-21 8:05,62.89,62.93,62.8,62.81,-0.08,-0.13%,1299
2025-08-21 8:10,62.8,62.82,62.65,62.67,-0.14,-0.22%,2237
2025-08-21 8:15,62.67,62.72,62.62,62.69,0.02,0.03%,1646
2025-08-21 8:20,62.69,62.78,62.68,62.74,0.05,0.08%,1026
2025-08-21 8:25,62.75,62.81,62.67,62.69,-0.05,-0.08%,1484
2025-08-21 8:30,62.68,62.76,62.65,62.66,-0.03,-0.05%,2474
2025-08-21 8:35,62.66,62.71,62.56,62.65,-0.01,-0.02%,2797
2025-08-21 8:40,62.66,62.68,62.52,62.55,-0.1,-0.16%,1389
2025-08-21 8:45,62.55,62.68,62.53,62.59,0.04,0.06%,1816
2025-08-21 8:50,62.59,62.65,62.57,62.63,0.04,0.06%,1018
2025-08-21 8:55,62.64,62.68,62.59,62.59,-0.04,-0.06%,902
2025-08-21 9:00,62.6,62.78,62.56,62.74,0.15,0.24%,1527
2025-08-21 9:05,62.73,62.86,62.71,62.77,0.03,0.05%,1508
2025-08-21 9:10,62.77,62.92,62.72,62.9,0.13,0.21%,1352
2025-08-21 9:15,62.9,62.94,62.86,62.93,0.03,0.05%,863
2025-08-21 9:20,62.93,63.07,62.9,63.02,0.09,0.14%,1749
2025-08-21 9:25,63.01,63.02,62.93,62.99,-0.03,-0.05%,764
2025-08-21 9:30,62.99,63.03,62.95,62.98,-0.01,-0.02%,792
2025-08-21 9:35,62.99,63.02,62.93,62.96,-0.02,-0.03%,911
2025-08-21 9:40,62.96,63.05,62.94,62.96,0,0.00%,743
2025-08-21 9:45,62.95,63.09,62.95,63.06,0.1,0.16%,1131
2025-08-21 9:50,63.08,63.11,62.91,62.95,-0.11,-0.17%,1576
2025-08-21 9:55,62.96,63.05,62.95,62.99,0.04,0.06%,989
2025-08-21 10:00,63,63.03,62.93,63,0.01,0.02%,1053
2025-08-21 10:05,63.01,63.05,62.98,63,0,0.00%,743
2025-08-21 10:10,63.01,63.05,62.99,63.04,0.04,0.06%,546
2025-08-21 10:15,63.05,63.1,63.03,63.06,0.02,0.03%,1144
2025-08-21 10:20,63.05,63.1,62.84,63.02,-0.04,-0.06%,1500
2025-08-21 10:25,63.03,63.17,62.98,63.12,0.1,0.16%,1780
2025-08-21 10:30,63.12,63.12,62.88,62.89,-0.23,-0.36%,1776
2025-08-21 10:35,62.89,63.07,62.87,63.06,0.17,0.27%,985
2025-08-21 10:40,63.05,63.29,63.04,63.26,0.2,0.32%,2012
2025-08-21 10:45,63.25,63.28,63.19,63.26,0,0.00%,1318
2025-08-21 10:50,63.27,63.35,63.22,63.24,-0.02,-0.03%,1443
2025-08-21 10:55,63.23,63.28,63.21,63.23,-0.01,-0.02%,693
2025-08-21 11:00,63.22,63.35,63.22,63.3,0.07,0.11%,1254
2025-08-21 11:05,63.29,63.31,63.21,63.23,-0.07,-0.11%,701
2025-08-21 11:10,63.22,63.24,63.1,63.13,-0.1,-0.16%,925
2025-08-21 11:15,63.14,63.28,63.12,63.24,0.11,0.17%,949
2025-08-21 11:20,63.24,63.24,63.16,63.24,0,0.00%,394
2025-08-21 11:25,63.24,63.32,63.23,63.3,0.06,0.09%,921
2025-08-21 11:30,63.3,63.37,63.29,63.34,0.04,0.06%,1144
2025-08-21 11:35,63.34,63.37,63.3,63.36,0.02,0.03%,705
2025-08-21 11:40,63.36,63.41,63.33,63.39,0.03,0.05%,909
2025-08-21 11:45,63.39,63.45,63.36,63.43,0.04,0.06%,1128
2025-08-21 11:50,63.43,63.54,63.43,63.48,0.05,0.08%,1857
2025-08-21 11:55,63.48,63.5,63.43,63.47,-0.01,-0.02%,709
2025-08-21 12:00,63.47,63.5,63.43,63.5,0.03,0.05%,426
2025-08-21 12:05,63.51,63.53,63.5,63.51,0.01,0.02%,381
2025-08-21 12:10,63.52,63.52,63.36,63.37,-0.14,-0.22%,1160
2025-08-21 12:15,63.37,63.42,63.36,63.41,0.04,0.06%,669
2025-08-21 12:20,63.4,63.45,63.38,63.41,0,0.00%,495
2025-08-21 12:25,63.41,63.48,63.39,63.48,0.07,0.11%,554
2025-08-21 12:30,63.47,63.62,63.47,63.57,0.09,0.14%,2525
2025-08-21 12:35,63.56,63.59,63.53,63.56,-0.01,-0.02%,591
2025-08-21 12:40,63.56,63.59,63.55,63.58,0.02,0.03%,580
2025-08-21 12:45,63.57,63.58,63.49,63.51,-0.07,-0.11%,546
2025-08-21 12:50,63.51,63.51,63.46,63.5,-0.01,-0.02%,408
2025-08-21 12:55,63.5,63.53,63.49,63.52,0.02,0.03%,475
2025-08-21 13:00,63.53,63.57,63.48,63.56,0.04,0.06%,802
2025-08-21 13:05,63.55,63.56,63.49,63.53,-0.03,-0.05%,880
2025-08-21 13:10,63.52,63.58,63.5,63.58,0.05,0.08%,613
2025-08-21 13:15,63.57,63.67,63.55,63.63,0.05,0.08%,1376
2025-08-21 13:20,63.62,63.63,63.56,63.58,-0.05,-0.08%,1100
2025-08-21 13:25,63.58,63.62,63.49,63.5,-0.08,-0.13%,7679
2025-08-21 13:30,63.51,63.54,63.47,63.5,0,0.00%,2344
2025-08-21 13:35,63.5,63.52,63.42,63.44,-0.06,-0.09%,631
2025-08-21 13:40,63.44,63.48,63.44,63.44,0,0.00%,297
2025-08-21 13:45,63.44,63.5,63.44,63.48,0.04,0.06%,464
2025-08-21 13:50,63.48,63.5,63.47,63.49,0.01,0.02%,423
2025-08-21 13:55,63.49,63.5,63.48,63.5,0.01,0.02%,286
2025-08-21 14:00,63.5,63.51,63.43,63.43,-0.07,-0.11%,573
2025-08-21 14:05,63.43,63.44,63.38,63.38,-0.05,-0.08%,317
2025-08-21 14:10,63.38,63.43,63.37,63.42,0.04,0.06%,322
2025-08-21 14:15,63.43,63.43,63.4,63.42,0,0.00%,155
2025-08-21 14:20,63.43,63.47,63.43,63.46,0.04,0.06%,170
2025-08-21 14:25,63.46,63.46,63.41,63.43,-0.03,-0.05%,133
2025-08-21 14:30,63.43,63.43,63.42,63.43,0,0.00%,111
2025-08-21 14:35,63.43,63.44,63.39,63.39,-0.04,-0.06%,359
2025-08-21 14:40,63.4,63.42,63.38,63.42,0.03,0.05%,167
2025-08-21 14:45,63.41,63.46,63.4,63.46,0.04,0.06%,240
2025-08-21 14:50,63.46,63.46,63.41,63.42,-0.04,-0.06%,168
2025-08-21 14:55,63.42,63.43,63.38,63.42,0,0.00%,196
2025-08-21 15:00,63.43,63.43,63.39,63.41,-0.01,-0.02%,117
2025-08-21 15:05,63.4,63.43,63.39,63.41,0,0.00%,129
2025-08-21 15:10,63.42,63.45,63.4,63.44,0.03,0.05%,119
2025-08-21 15:15,63.44,63.48,63.42,63.45,0.01,0.02%,208
2025-08-21 15:20,63.46,63.46,63.44,63.46,0.01,0.02%,72
2025-08-21 15:25,63.46,63.47,63.46,63.46,0,0.00%,39
2025-08-21 15:30,63.46,63.48,63.44,63.46,0,0.00%,220
2025-08-21 15:35,63.47,63.48,63.45,63.48,0.02,0.03%,117
2025-08-21 15:40,63.48,63.49,63.44,63.45,-0.03,-0.05%,225
2025-08-21 15:45,63.45,63.49,63.44,63.47,0.02,0.03%,197
2025-08-21 15:50,63.47,63.48,63.45,63.47,0,0.00%,221
2025-08-21 15:55,63.46,63.49,63.45,63.48,0.01,0.02%,186
2025-08-21 17:00,63.5,63.5,63.42,63.48,0,0.00%,120
2025-08-21 17:05,63.49,63.5,63.49,63.49,0.01,0.02%,19
2025-08-21 17:10,63.49,63.5,63.46,63.47,-0.02,-0.03%,31
2025-08-21 17:15,63.47,63.48,63.46,63.48,0.01,0.02%,24
2025-08-21 17:20,63.46,63.48,63.46,63.48,0,0.00%,7
2025-08-21 17:25,63.48,63.5,63.47,63.5,0.02,0.03%,21
2025-08-21 17:30,63.47,63.49,63.47,63.49,-0.01,-0.02%,37
2025-08-21 17:35,63.47,63.49,63.47,63.47,-0.02,-0.03%,5
2025-08-21 17:40,63.47,63.48,63.45,63.48,0.01,0.02%,20
2025-08-21 17:45,63.47,63.47,63.47,63.47,-0.01,-0.02%,3
2025-08-21 17:50,63.47,63.47,63.46,63.47,0,0.00%,12
2025-08-21 17:55,63.48,63.49,63.45,63.49,0.02,0.03%,46
2025-08-21 18:00,63.48,63.48,63.47,63.47,-0.02,-0.03%,3
2025-08-21 18:05,63.48,63.48,63.48,63.48,0.01,0.02%,1
2025-08-21 18:10,63.48,63.49,63.47,63.47,-0.01,-0.02%,18
2025-08-21 18:15,63.47,63.49,63.47,63.49,0.02,0.03%,7
2025-08-21 18:20,63.48,63.48,63.47,63.47,-0.02,-0.03%,14
2025-08-21 18:25,63.48,63.48,63.47,63.48,0.01,0.02%,17
2025-08-21 18:30,63.48,63.49,63.48,63.49,0.01,0.02%,24
2025-08-21 18:35,63.49,63.49,63.49,63.49,0,0.00%,3
2025-08-21 18:40,63.49,63.49,63.48,63.48,-0.01,-0.02%,35
2025-08-21 18:45,63.47,63.48,63.47,63.47,-0.01,-0.02%,3
2025-08-21 18:50,63.47,63.49,63.47,63.49,0.02,0.03%,7
2025-08-21 18:55,63.49,63.5,63.48,63.48,-0.01,-0.02%,7
2025-08-21 19:00,63.48,63.53,63.47,63.53,0.05,0.08%,172
2025-08-21 19:05,63.52,63.52,63.49,63.52,-0.01,-0.02%,63
2025-08-21 19:10,63.51,63.52,63.47,63.48,-0.04,-0.06%,50
2025-08-21 19:15,63.49,63.5,63.48,63.48,0,0.00%,48
2025-08-21 19:20,63.49,63.55,63.49,63.54,0.06,0.09%,113
2025-08-21 19:25,63.53,63.53,63.51,63.52,-0.02,-0.03%,21
2025-08-21 19:30,63.52,63.52,63.51,63.52,0,0.00%,14
2025-08-21 19:35,63.52,63.52,63.51,63.52,0,0.00%,26
2025-08-21 19:40,63.52,63.54,63.5,63.5,-0.02,-0.03%,53
2025-08-21 19:45,63.51,63.52,63.48,63.5,0,0.00%,43
2025-08-21 19:50,63.5,63.52,63.49,63.49,-0.01,-0.02%,30
2025-08-21 19:55,63.49,63.52,63.49,63.5,0.01,0.02%,86
2025-08-21 20:00,63.51,63.52,63.42,63.43,-0.07,-0.11%,462
2025-08-21 20:05,63.44,63.45,63.42,63.43,0,0.00%,130
2025-08-21 20:10,63.43,63.45,63.38,63.38,-0.05,-0.08%,179
2025-08-21 20:15,63.38,63.39,63.36,63.38,0,0.00%,155
2025-08-21 20:20,63.39,63.39,63.33,63.35,-0.03,-0.05%,146
2025-08-21 20:25,63.36,63.39,63.35,63.37,0.02,0.03%,94
2025-08-21 20:30,63.37,63.39,63.36,63.39,0.02,0.03%,43
2025-08-21 20:35,63.39,63.39,63.35,63.37,-0.02,-0.03%,59
2025-08-21 20:40,63.37,63.37,63.34,63.36,-0.01,-0.02%,86
2025-08-21 20:45,63.36,63.36,63.34,63.34,-0.02,-0.03%,56
2025-08-21 20:50,63.35,63.37,63.34,63.34,0,0.00%,49
2025-08-21 20:55,63.35,63.36,63.32,63.34,0,0.00%,67
2025-08-21 21:00,63.35,63.36,63.32,63.35,0.01,0.02%,61
2025-08-21 21:05,63.35,63.41,63.35,63.38,0.03,0.05%,109
2025-08-21 21:10,63.39,63.43,63.38,63.39,0.01,0.02%,116
2025-08-21 21:15,63.39,63.41,63.37,63.41,0.02,0.03%,40
2025-08-21 21:20,63.4,63.4,63.38,63.38,-0.03,-0.05%,17
2025-08-21 21:25,63.39,63.4,63.37,63.38,0,0.00%,39
2025-08-21 21:30,63.38,63.42,63.37,63.4,0.02,0.03%,136
2025-08-21 21:35,63.4,63.43,63.4,63.4,0,0.00%,37
2025-08-21 21:40,63.4,63.45,63.4,63.45,0.05,0.08%,81
2025-08-21 21:45,63.44,63.45,63.41,63.42,-0.03,-0.05%,53
2025-08-21 21:50,63.42,63.43,63.41,63.42,0,0.00%,23
2025-08-21 21:55,63.42,63.42,63.38,63.41,-0.01,-0.02%,36
2025-08-21 22:00,63.4,63.4,63.35,63.35,-0.06,-0.09%,104
2025-08-21 22:05,63.34,63.41,63.33,63.41,0.06,0.09%,73
2025-08-21 22:10,63.4,63.47,63.39,63.47,0.06,0.09%,165
2025-08-21 22:15,63.46,63.48,63.45,63.46,-0.01,-0.02%,100
2025-08-21 22:20,63.45,63.46,63.42,63.43,-0.03,-0.05%,45
2025-08-21 22:25,63.42,63.46,63.42,63.44,0.01,0.02%,70
2025-08-21 22:30,63.46,63.48,63.44,63.46,0.02,0.03%,133
2025-08-21 22:35,63.46,63.47,63.42,63.43,-0.03,-0.05%,114
2025-08-21 22:40,63.42,63.44,63.41,63.42,-0.01,-0.02%,24
2025-08-21 22:45,63.42,63.43,63.42,63.42,0,0.00%,11
2025-08-21 22:50,63.42,63.42,63.39,63.4,-0.02,-0.03%,75
2025-08-21 22:55,63.4,63.41,63.39,63.41,0.01,0.02%,13
2025-08-21 23:00,63.42,63.43,63.41,63.42,0.01,0.02%,19
2025-08-21 23:05,63.42,63.42,63.42,63.42,0,0.00%,4
2025-08-21 23:10,63.42,63.44,63.41,63.42,0,0.00%,49
2025-08-21 23:15,63.42,63.42,63.4,63.4,-0.02,-0.03%,12
2025-08-21 23:20,63.4,63.45,63.39,63.44,0.04,0.06%,80
2025-08-21 23:25,63.44,63.47,63.42,63.47,0.03,0.05%,96
2025-08-21 23:30,63.46,63.49,63.45,63.48,0.01,0.02%,78
2025-08-21 23:35,63.47,63.49,63.46,63.48,0,0.00%,92
2025-08-21 23:40,63.48,63.54,63.48,63.52,0.04,0.06%,147
2025-08-21 23:45,63.52,63.53,63.51,63.53,0.01,0.02%,34
2025-08-21 23:50,63.52,63.53,63.49,63.49,-0.04,-0.06%,74
2025-08-21 23:55,63.48,63.51,63.48,63.5,0.01,0.02%,42
2025-08-22 0:00,63.5,63.51,63.49,63.51,0.01,0.02%,85
2025-08-22 0:05,63.51,63.51,63.45,63.49,-0.02,-0.03%,153
2025-08-22 0:10,63.48,63.49,63.47,63.48,-0.01,-0.02%,30
2025-08-22 0:15,63.49,63.54,63.49,63.51,0.03,0.05%,57
2025-08-22 0:20,63.51,63.52,63.47,63.47,-0.04,-0.06%,52
2025-08-22 0:25,63.47,63.48,63.45,63.48,0.01,0.02%,35
2025-08-22 0:30,63.48,63.54,63.45,63.54,0.06,0.09%,125
2025-08-22 0:35,63.54,63.55,63.51,63.55,0.01,0.02%,140
2025-08-22 0:40,63.54,63.54,63.51,63.53,-0.02,-0.03%,86
2025-08-22 0:45,63.53,63.58,63.53,63.57,0.04,0.06%,135
2025-08-22 0:50,63.57,63.59,63.55,63.58,0.01,0.02%,102
2025-08-22 0:55,63.57,63.62,63.56,63.61,0.03,0.05%,124
2025-08-22 1:00,63.61,63.65,63.59,63.64,0.03,0.05%,261
2025-08-22 1:05,63.65,63.66,63.57,63.57,-0.07,-0.11%,312
2025-08-22 1:10,63.57,63.61,63.57,63.6,0.03,0.05%,129
2025-08-22 1:15,63.61,63.63,63.59,63.61,0.01,0.02%,95
2025-08-22 1:20,63.61,63.65,63.6,63.65,0.04,0.06%,96
2025-08-22 1:25,63.65,63.7,63.65,63.69,0.04,0.06%,316
2025-08-22 1:30,63.7,63.72,63.64,63.65,-0.04,-0.06%,212
2025-08-22 1:35,63.65,63.68,63.64,63.68,0.03,0.05%,101
2025-08-22 1:40,63.67,63.67,63.59,63.6,-0.08,-0.13%,248
2025-08-22 1:45,63.6,63.63,63.6,63.62,0.02,0.03%,68
2025-08-22 1:50,63.62,63.68,63.61,63.66,0.04,0.06%,188
2025-08-22 1:55,63.65,63.69,63.64,63.65,-0.01,-0.02%,156
2025-08-22 2:00,63.66,63.74,63.55,63.61,-0.04,-0.06%,547
2025-08-22 2:05,63.61,63.61,63.53,63.53,-0.08,-0.13%,354
2025-08-22 2:10,63.53,63.53,63.42,63.42,-0.11,-0.17%,390
2025-08-22 2:15,63.42,63.51,63.41,63.51,0.09,0.14%,298
2025-08-22 2:20,63.51,63.58,63.48,63.53,0.02,0.03%,584
2025-08-22 2:25,63.52,63.68,63.52,63.67,0.14,0.22%,455
2025-08-22 2:30,63.66,63.81,63.64,63.77,0.1,0.16%,754
2025-08-22 2:35,63.77,63.82,63.75,63.75,-0.02,-0.03%,369
2025-08-22 2:40,63.76,63.78,63.72,63.76,0.01,0.02%,369
2025-08-22 2:45,63.75,63.79,63.72,63.73,-0.03,-0.05%,235
2025-08-22 2:50,63.73,63.73,63.65,63.67,-0.06,-0.09%,307
2025-08-22 2:55,63.67,63.69,63.61,63.61,-0.06,-0.09%,324
2025-08-22 3:00,63.62,63.66,63.55,63.61,0,0.00%,575
2025-08-22 3:05,63.59,63.69,63.58,63.66,0.05,0.08%,314
2025-08-22 3:10,63.66,63.67,63.62,63.65,-0.01,-0.02%,239
2025-08-22 3:15,63.66,63.71,63.65,63.65,0,0.00%,359
2025-08-22 3:20,63.65,63.65,63.51,63.53,-0.12,-0.19%,598
2025-08-22 3:25,63.53,63.59,63.5,63.57,0.04,0.06%,821
2025-08-22 3:30,63.57,63.59,63.41,63.46,-0.11,-0.17%,874
2025-08-22 3:35,63.45,63.47,63.36,63.39,-0.07,-0.11%,687
2025-08-22 3:40,63.38,63.44,63.36,63.43,0.04,0.06%,507
2025-08-22 3:45,63.43,63.46,63.38,63.45,0.02,0.03%,540
2025-08-22 3:50,63.45,63.49,63.42,63.44,-0.01,-0.02%,328
2025-08-22 3:55,63.44,63.47,63.43,63.45,0.01,0.02%,162
2025-08-22 4:00,63.44,63.45,63.39,63.39,-0.06,-0.09%,364
2025-08-22 4:05,63.4,63.42,63.38,63.42,0.03,0.05%,178
2025-08-22 4:10,63.42,63.57,63.42,63.57,0.15,0.24%,469
2025-08-22 4:15,63.57,63.58,63.51,63.55,-0.02,-0.03%,331
2025-08-22 4:20,63.55,63.59,63.47,63.49,-0.06,-0.09%,337
2025-08-22 4:25,63.49,63.54,63.48,63.5,0.01,0.02%,268
2025-08-22 4:30,63.51,63.52,63.5,63.51,0.01,0.02%,191
2025-08-22 4:35,63.5,63.53,63.47,63.47,-0.04,-0.06%,271
2025-08-22 4:40,63.48,63.48,63.33,63.36,-0.11,-0.17%,520
2025-08-22 4:45,63.37,63.38,63.34,63.38,0.02,0.03%,257
2025-08-22 4:50,63.37,63.4,63.35,63.39,0.01,0.02%,253
2025-08-22 4:55,63.39,63.41,63.37,63.39,0,0.00%,238
2025-08-22 5:00,63.39,63.41,63.38,63.38,-0.01,-0.02%,255
2025-08-22 5:05,63.38,63.38,63.31,63.36,-0.02,-0.03%,406
2025-08-22 5:10,63.37,63.42,63.36,63.39,0.03,0.05%,248
2025-08-22 5:15,63.38,63.43,63.36,63.38,-0.01,-0.02%,218
2025-08-22 5:20,63.37,63.39,63.35,63.39,0.01,0.02%,162
2025-08-22 5:25,63.38,63.51,63.38,63.51,0.12,0.19%,335
2025-08-22 5:30,63.5,63.51,63.43,63.43,-0.08,-0.13%,180
2025-08-22 5:35,63.44,63.47,63.42,63.45,0.02,0.03%,158
2025-08-22 5:40,63.45,63.49,63.44,63.45,0,0.00%,140
2025-08-22 5:45,63.44,63.45,63.41,63.44,-0.01,-0.02%,125
2025-08-22 5:50,63.44,63.58,63.44,63.54,0.1,0.16%,328
2025-08-22 5:55,63.54,63.55,63.48,63.54,0,0.00%,262
2025-08-22 6:00,63.54,63.58,63.51,63.54,0,0.00%,307
2025-08-22 6:05,63.54,63.75,63.54,63.71,0.17,0.27%,1307
2025-08-22 6:10,63.71,63.75,63.7,63.73,0.02,0.03%,703
2025-08-22 6:15,63.73,63.77,63.71,63.76,0.03,0.05%,478
2025-08-22 6:20,63.76,63.84,63.75,63.84,0.08,0.13%,1295
2025-08-22 6:25,63.84,63.87,63.81,63.82,-0.02,-0.03%,731
2025-08-22 6:30,63.82,63.82,63.64,63.73,-0.09,-0.14%,2303
2025-08-22 6:35,63.72,63.74,63.65,63.68,-0.05,-0.08%,337
2025-08-22 6:40,63.67,63.74,63.64,63.66,-0.02,-0.03%,500
2025-08-22 6:45,63.65,63.69,63.63,63.67,0.01,0.02%,235
2025-08-22 6:50,63.68,63.72,63.67,63.7,0.03,0.05%,252
2025-08-22 6:55,63.69,63.7,63.65,63.67,-0.03,-0.05%,290
2025-08-22 7:00,63.67,63.72,63.66,63.67,0,0.00%,422
2025-08-22 7:05,63.68,63.68,63.61,63.63,-0.04,-0.06%,599
2025-08-22 7:10,63.62,63.68,63.57,63.62,-0.01,-0.02%,992
2025-08-22 7:15,63.62,63.65,63.56,63.57,-0.05,-0.08%,305
2025-08-22 7:20,63.58,63.62,63.56,63.59,0.02,0.03%,344
2025-08-22 7:25,63.59,63.64,63.58,63.58,-0.01,-0.02%,405
2025-08-22 7:30,63.59,63.69,63.59,63.66,0.08,0.13%,1428
2025-08-22 7:35,63.67,63.68,63.6,63.64,-0.02,-0.03%,593
2025-08-22 7:40,63.65,63.66,63.6,63.64,0,0.00%,314
2025-08-22 7:45,63.64,63.69,63.64,63.69,0.05,0.08%,425
2025-08-22 7:50,63.69,63.71,63.64,63.66,-0.03,-0.05%,480
2025-08-22 7:55,63.66,63.75,63.66,63.67,0.01,0.02%,656
2025-08-22 8:00,63.67,63.71,63.52,63.59,-0.08,-0.13%,3353
2025-08-22 8:05,63.58,63.67,63.55,63.61,0.02,0.03%,893
2025-08-22 8:10,63.61,63.71,63.58,63.59,-0.02,-0.03%,1024
2025-08-22 8:15,63.6,63.64,63.57,63.6,0.01,0.02%,835
2025-08-22 8:20,63.6,63.65,63.55,63.57,-0.03,-0.05%,853
2025-08-22 8:25,63.57,63.59,63.53,63.56,-0.01,-0.02%,673
2025-08-22 8:30,63.55,63.72,63.54,63.67,0.11,0.17%,1234
2025-08-22 8:35,63.67,63.7,63.58,63.62,-0.05,-0.08%,784
2025-08-22 8:40,63.62,63.72,63.58,63.71,0.09,0.14%,873
2025-08-22 8:45,63.71,63.8,63.71,63.74,0.03,0.05%,1591
2025-08-22 8:50,63.75,63.8,63.7,63.71,-0.03,-0.05%,836
2025-08-22 8:55,63.72,63.73,63.65,63.67,-0.04,-0.06%,684
2025-08-22 9:00,63.67,63.92,63.55,63.86,0.19,0.30%,3346
2025-08-22 9:05,63.84,63.87,63.75,63.84,-0.02,-0.03%,1488
2025-08-22 9:10,63.84,63.88,63.69,63.84,0,0.00%,1792
2025-08-22 9:15,63.84,63.91,63.76,63.77,-0.07,-0.11%,1741
2025-08-22 9:20,63.77,63.79,63.63,63.68,-0.09,-0.14%,1251
2025-08-22 9:25,63.67,63.76,63.63,63.74,0.06,0.09%,1117
2025-08-22 9:30,63.75,63.85,63.73,63.76,0.02,0.03%,1275
2025-08-22 9:35,63.76,63.91,63.76,63.9,0.14,0.22%,1644
2025-08-22 9:40,63.9,63.93,63.82,63.84,-0.06,-0.09%,1895
2025-08-22 9:45,63.82,63.83,63.6,63.71,-0.13,-0.20%,2561
2025-08-22 9:50,63.71,63.79,63.65,63.79,0.08,0.13%,1005
2025-08-22 9:55,63.79,63.83,63.71,63.73,-0.06,-0.09%,1119
2025-08-22 10:00,63.73,63.84,63.54,63.61,-0.12,-0.19%,2048
2025-08-22 10:05,63.6,63.7,63.6,63.66,0.05,0.08%,1167
2025-08-22 10:10,63.65,63.72,63.44,63.48,-0.18,-0.28%,2046
2025-08-22 10:15,63.48,63.62,63.48,63.62,0.14,0.22%,1310
2025-08-22 10:20,63.63,63.63,63.52,63.59,-0.03,-0.05%,1146
2025-08-22 10:25,63.59,63.67,63.53,63.66,0.07,0.11%,1428
2025-08-22 10:30,63.65,63.66,63.47,63.56,-0.1,-0.16%,1196
2025-08-22 10:35,63.56,63.56,63.42,63.47,-0.09,-0.14%,1131
2025-08-22 10:40,63.47,63.5,63.39,63.42,-0.05,-0.08%,1139
2025-08-22 10:45,63.41,63.47,63.39,63.44,0.02,0.03%,853
2025-08-22 10:50,63.45,63.53,63.44,63.52,0.08,0.13%,744
2025-08-22 10:55,63.52,63.68,63.52,63.63,0.11,0.17%,1232
2025-08-22 11:00,63.63,63.65,63.53,63.64,0.01,0.02%,746
2025-08-22 11:05,63.63,63.64,63.53,63.58,-0.06,-0.09%,805
2025-08-22 11:10,63.58,63.65,63.48,63.48,-0.1,-0.16%,899
2025-08-22 11:15,63.47,63.6,63.46,63.58,0.1,0.16%,827
2025-08-22 11:20,63.58,63.58,63.42,63.5,-0.08,-0.13%,1074
2025-08-22 11:25,63.51,63.59,63.49,63.52,0.02,0.03%,593
2025-08-22 11:30,63.53,63.6,63.51,63.59,0.07,0.11%,575
2025-08-22 11:35,63.59,63.71,63.59,63.63,0.04,0.06%,1381
2025-08-22 11:40,63.64,63.66,63.63,63.63,0,0.00%,511
2025-08-22 11:45,63.64,63.64,63.61,63.62,-0.01,-0.02%,250
2025-08-22 11:50,63.62,63.69,63.62,63.69,0.07,0.11%,396
2025-08-22 11:55,63.7,63.7,63.59,63.59,-0.1,-0.16%,459
2025-08-22 12:00,63.6,63.63,63.55,63.62,0.03,0.05%,620
2025-08-22 12:05,63.62,63.68,63.6,63.65,0.03,0.05%,397
2025-08-22 12:10,63.66,63.69,63.63,63.69,0.04,0.06%,366
2025-08-22 12:15,63.68,63.69,63.58,63.59,-0.1,-0.16%,458
2025-08-22 12:20,63.59,63.62,63.54,63.62,0.03,0.05%,419
2025-08-22 12:25,63.62,63.65,63.57,63.6,-0.02,-0.03%,456
2025-08-22 12:30,63.6,63.67,63.57,63.6,0,0.00%,571
2025-08-22 12:35,63.59,63.66,63.57,63.63,0.03,0.05%,452
2025-08-22 12:40,63.64,63.83,63.64,63.72,0.09,0.14%,2920
2025-08-22 12:45,63.73,63.79,63.63,63.69,-0.03,-0.05%,2146
2025-08-22 12:50,63.7,63.7,63.64,63.69,0,0.00%,906
2025-08-22 12:55,63.69,63.72,63.63,63.63,-0.06,-0.09%,1160
2025-08-22 13:00,63.64,63.71,63.6,63.68,0.05,0.08%,756
2025-08-22 13:05,63.69,63.71,63.67,63.69,0.01,0.02%,545
2025-08-22 13:10,63.69,63.77,63.63,63.77,0.08,0.13%,942
2025-08-22 13:15,63.77,63.78,63.72,63.74,-0.03,-0.05%,1183
2025-08-22 13:20,63.74,63.78,63.73,63.75,0.01,0.02%,1441
2025-08-22 13:25,63.75,63.8,63.61,63.67,-0.08,-0.13%,7979
2025-08-22 13:30,63.67,63.71,63.64,63.69,0.02,0.03%,1466
2025-08-22 13:35,63.69,63.79,63.69,63.78,0.09,0.14%,710
2025-08-22 13:40,63.78,63.79,63.77,63.79,0.01,0.02%,350
2025-08-22 13:45,63.78,63.81,63.78,63.81,0.02,0.03%,464
2025-08-22 13:50,63.8,63.82,63.78,63.81,0,0.00%,284
2025-08-22 13:55,63.81,63.82,63.8,63.81,0,0.00%,449
2025-08-22 14:00,63.8,63.82,63.78,63.81,0,0.00%,424
2025-08-22 14:05,63.82,63.83,63.79,63.81,0,0.00%,304
2025-08-22 14:10,63.8,63.83,63.78,63.82,0.01,0.02%,610
2025-08-22 14:15,63.81,63.82,63.78,63.81,-0.01,-0.02%,189
2025-08-22 14:20,63.8,63.83,63.79,63.79,-0.02,-0.03%,232
2025-08-22 14:25,63.79,63.85,63.79,63.85,0.06,0.09%,309
2025-08-22 14:30,63.84,63.84,63.77,63.77,-0.08,-0.13%,388
2025-08-22 14:35,63.78,63.8,63.77,63.79,0.02,0.03%,242
2025-08-22 14:40,63.79,63.81,63.78,63.8,0.01,0.02%,238
2025-08-22 14:45,63.8,63.8,63.77,63.79,-0.01,-0.02%,329
2025-08-22 14:50,63.79,63.83,63.78,63.8,0.01,0.02%,443
2025-08-22 14:55,63.8,63.83,63.78,63.82,0.02,0.03%,332
2025-08-22 15:00,63.82,63.82,63.79,63.81,-0.01,-0.02%,134
2025-08-22 15:05,63.81,63.83,63.8,63.81,0,0.00%,82
2025-08-22 15:10,63.81,63.81,63.78,63.8,-0.01,-0.02%,151
2025-08-22 15:15,63.79,63.8,63.79,63.8,0,0.00%,35
2025-08-22 15:20,63.79,63.81,63.78,63.8,0,0.00%,96
2025-08-22 15:25,63.81,63.81,63.76,63.79,-0.01,-0.02%,370
2025-08-22 15:30,63.78,63.82,63.75,63.82,0.03,0.05%,874
2025-08-22 15:35,63.81,63.82,63.79,63.79,-0.03,-0.05%,83
2025-08-22 15:40,63.79,63.8,63.77,63.79,0,0.00%,120
2025-08-22 15:45,63.79,63.83,63.78,63.82,0.03,0.05%,117
2025-08-22 15:50,63.81,63.81,63.73,63.75,-0.07,-0.11%,201
2025-08-22 15:55,63.75,63.78,63.73,63.77,0.02,0.03%,227
2025-08-24 17:00,63.88,63.89,63.77,63.8,0.03,0.05%,323
2025-08-24 17:05,63.8,63.81,63.78,63.78,-0.02,-0.03%,63
2025-08-24 17:10,63.77,63.79,63.75,63.79,0.01,0.02%,119
2025-08-24 17:15,63.77,63.8,63.76,63.78,-0.01,-0.02%,47
2025-08-24 17:20,63.77,63.78,63.76,63.76,-0.02,-0.03%,19
2025-08-24 17:25,63.76,63.76,63.72,63.75,-0.01,-0.02%,89
2025-08-24 17:30,63.74,63.75,63.73,63.75,0,0.00%,39
2025-08-24 17:35,63.75,63.75,63.74,63.75,0,0.00%,20
2025-08-24 17:40,63.75,63.77,63.74,63.76,0.01,0.02%,32
2025-08-24 17:45,63.75,63.76,63.75,63.76,0,0.00%,12
2025-08-24 17:50,63.76,63.78,63.76,63.77,0.01,0.02%,11
2025-08-24 17:55,63.77,63.77,63.74,63.74,-0.03,-0.05%,33
2025-08-24 18:00,63.74,63.76,63.74,63.75,0.01,0.02%,35
2025-08-24 18:05,63.74,63.75,63.74,63.75,0,0.00%,5
2025-08-24 18:10,63.75,63.77,63.75,63.77,0.02,0.03%,31
2025-08-24 18:15,63.77,63.77,63.76,63.76,-0.01,-0.02%,10
2025-08-24 18:20,63.76,63.76,63.76,63.76,0,0.00%,2
2025-08-24 18:25,63.76,63.77,63.76,63.76,0,0.00%,8
2025-08-24 18:30,63.75,63.76,63.74,63.75,-0.01,-0.02%,42
2025-08-24 18:35,63.75,63.76,63.75,63.75,0,0.00%,4
2025-08-24 18:40,63.75,63.75,63.75,63.75,0,0.00%,6
2025-08-24 18:45,63.74,63.75,63.74,63.75,0,0.00%,9
2025-08-24 18:50,63.74,63.75,63.73,63.74,-0.01,-0.02%,21
2025-08-24 18:55,63.75,63.75,63.74,63.74,0,0.00%,4
2025-08-24 19:00,63.75,63.79,63.73,63.77,0.03,0.05%,185
2025-08-24 19:05,63.76,63.78,63.76,63.76,-0.01,-0.02%,36
2025-08-24 19:10,63.76,63.77,63.76,63.76,0,0.00%,13
2025-08-24 19:15,63.76,63.76,63.75,63.76,0,0.00%,25
2025-08-24 19:20,63.76,63.77,63.74,63.75,-0.01,-0.02%,42
2025-08-24 19:25,63.75,63.76,63.75,63.76,0.01,0.02%,17
2025-08-24 19:30,63.76,63.76,63.73,63.73,-0.03,-0.05%,42
2025-08-24 19:35,63.74,63.75,63.74,63.75,0.02,0.03%,6
2025-08-24 19:40,63.75,63.75,63.74,63.74,-0.01,-0.02%,11
2025-08-24 19:45,63.74,63.75,63.74,63.74,0,0.00%,33
2025-08-24 19:50,63.75,63.8,63.75,63.8,0.06,0.09%,99
2025-08-24 19:55,63.79,63.79,63.77,63.79,-0.01,-0.02%,116
2025-08-24 20:00,63.79,63.8,63.71,63.73,-0.06,-0.09%,250
2025-08-24 20:05,63.73,63.73,63.68,63.7,-0.03,-0.05%,160
2025-08-24 20:10,63.71,63.74,63.71,63.73,0.03,0.05%,121
2025-08-24 20:15,63.73,63.75,63.71,63.71,-0.02,-0.03%,52
2025-08-24 20:20,63.72,63.74,63.71,63.74,0.03,0.05%,118
2025-08-24 20:25,63.74,63.75,63.71,63.73,-0.01,-0.02%,98
2025-08-24 20:30,63.73,63.73,63.62,63.64,-0.09,-0.14%,323
2025-08-24 20:35,63.64,63.65,63.53,63.55,-0.09,-0.14%,419
2025-08-24 20:40,63.56,63.63,63.55,63.62,0.07,0.11%,152
2025-08-24 20:45,63.62,63.68,63.62,63.65,0.03,0.05%,150
2025-08-24 20:50,63.63,63.63,63.6,63.61,-0.04,-0.06%,58
2025-08-24 20:55,63.62,63.63,63.61,63.62,0.01,0.02%,94
2025-08-24 21:00,63.62,63.67,63.6,63.66,0.04,0.06%,181
2025-08-24 21:05,63.65,63.71,63.62,63.67,0.01,0.02%,680
2025-08-24 21:10,63.67,63.77,63.67,63.77,0.1,0.16%,175
2025-08-24 21:15,63.77,63.81,63.77,63.78,0.01,0.02%,114
2025-08-24 21:20,63.78,63.79,63.76,63.78,0,0.00%,44
2025-08-24 21:25,63.79,63.85,63.79,63.83,0.05,0.08%,198
2025-08-24 21:30,63.83,63.88,63.79,63.8,-0.03,-0.05%,289
2025-08-24 21:35,63.79,63.83,63.79,63.82,0.02,0.03%,78
2025-08-24 21:40,63.81,63.83,63.8,63.8,-0.02,-0.03%,101
2025-08-24 21:45,63.8,63.82,63.76,63.76,-0.04,-0.06%,94
2025-08-24 21:50,63.77,63.79,63.69,63.69,-0.07,-0.11%,122
2025-08-24 21:55,63.7,63.72,63.69,63.72,0.03,0.05%,35
2025-08-24 22:00,63.72,63.73,63.7,63.7,-0.02,-0.03%,57
2025-08-24 22:05,63.7,63.75,63.69,63.74,0.04,0.06%,352
2025-08-24 22:10,63.74,63.76,63.68,63.73,-0.01,-0.02%,169
2025-08-24 22:15,63.73,63.75,63.71,63.74,0.01,0.02%,48
2025-08-24 22:20,63.73,63.74,63.72,63.73,-0.01,-0.02%,29
2025-08-24 22:25,63.73,63.74,63.7,63.72,-0.01,-0.02%,74
2025-08-24 22:30,63.72,63.72,63.7,63.7,-0.02,-0.03%,27
2025-08-24 22:35,63.7,63.72,63.7,63.72,0.02,0.03%,20
2025-08-24 22:40,63.72,63.73,63.72,63.72,0,0.00%,23
2025-08-24 22:45,63.73,63.73,63.72,63.72,0,0.00%,3
2025-08-24 22:50,63.73,63.76,63.73,63.75,0.03,0.05%,36
2025-08-24 22:55,63.75,63.79,63.74,63.79,0.04,0.06%,52
2025-08-24 23:00,63.78,63.8,63.78,63.79,0,0.00%,34
2025-08-24 23:05,63.78,63.78,63.78,63.78,-0.01,-0.02%,27
2025-08-24 23:10,63.77,63.8,63.77,63.79,0.01,0.02%,88
2025-08-24 23:15,63.79,63.82,63.79,63.79,0,0.00%,58
2025-08-24 23:20,63.8,63.81,63.79,63.8,0.01,0.02%,30
2025-08-24 23:25,63.8,63.8,63.79,63.8,0,0.00%,17
2025-08-24 23:30,63.8,63.8,63.77,63.78,-0.02,-0.03%,34
2025-08-24 23:35,63.77,63.79,63.75,63.78,0,0.00%,27
2025-08-24 23:40,63.78,63.78,63.73,63.74,-0.04,-0.06%,45
2025-08-24 23:45,63.73,63.75,63.72,63.74,0,0.00%,51
2025-08-24 23:50,63.75,63.76,63.75,63.76,0.02,0.03%,14
2025-08-24 23:55,63.75,63.75,63.73,63.74,-0.02,-0.03%,31
2025-08-25 0:00,63.73,63.76,63.73,63.75,0.01,0.02%,26
2025-08-25 0:05,63.75,63.75,63.73,63.73,-0.02,-0.03%,8
2025-08-25 0:10,63.74,63.76,63.71,63.71,-0.02,-0.03%,50
2025-08-25 0:15,63.7,63.7,63.69,63.69,-0.02,-0.03%,55
2025-08-25 0:20,63.69,63.7,63.69,63.7,0.01,0.02%,28
2025-08-25 0:25,63.7,63.71,63.66,63.66,-0.04,-0.06%,126
2025-08-25 0:30,63.67,63.67,63.64,63.65,-0.01,-0.02%,96
2025-08-25 0:35,63.65,63.68,63.65,63.68,0.03,0.05%,78
2025-08-25 0:40,63.68,63.71,63.68,63.71,0.03,0.05%,48
2025-08-25 0:45,63.71,63.72,63.71,63.72,0.01,0.02%,36
2025-08-25 0:50,63.72,63.73,63.68,63.73,0.01,0.02%,107
2025-08-25 0:55,63.73,63.85,63.71,63.82,0.09,0.14%,307
2025-08-25 1:00,63.83,63.92,63.81,63.84,0.02,0.03%,396
2025-08-25 1:05,63.85,63.86,63.83,63.84,0,0.00%,143
2025-08-25 1:10,63.84,63.85,63.81,63.83,-0.01,-0.02%,67
2025-08-25 1:15,63.82,63.84,63.82,63.83,0,0.00%,43
2025-08-25 1:20,63.83,63.84,63.81,63.83,0,0.00%,51
2025-08-25 1:25,63.84,63.88,63.83,63.87,0.04,0.06%,123
2025-08-25 1:30,63.87,63.88,63.84,63.84,-0.03,-0.05%,107
2025-08-25 1:35,63.84,63.89,63.83,63.83,-0.01,-0.02%,135
2025-08-25 1:40,63.83,63.84,63.74,63.74,-0.09,-0.14%,181
2025-08-25 1:45,63.74,63.8,63.67,63.8,0.06,0.09%,289
2025-08-25 1:50,63.79,63.86,63.79,63.84,0.04,0.06%,171
2025-08-25 1:55,63.84,63.84,63.78,63.79,-0.05,-0.08%,72
2025-08-25 2:00,63.78,63.79,63.65,63.71,-0.08,-0.13%,318
2025-08-25 2:05,63.7,63.72,63.69,63.72,0.01,0.02%,134
2025-08-25 2:10,63.71,63.74,63.68,63.69,-0.03,-0.05%,192
2025-08-25 2:15,63.68,63.69,63.62,63.64,-0.05,-0.08%,327
2025-08-25 2:20,63.64,63.65,63.6,63.63,-0.01,-0.02%,202
2025-08-25 2:25,63.63,63.71,63.62,63.71,0.08,0.13%,184
2025-08-25 2:30,63.7,63.76,63.7,63.72,0.01,0.02%,211
2025-08-25 2:35,63.72,63.72,63.66,63.71,-0.01,-0.02%,220
2025-08-25 2:40,63.72,63.79,63.71,63.78,0.07,0.11%,136
2025-08-25 2:45,63.79,63.86,63.78,63.84,0.06,0.09%,361
2025-08-25 2:50,63.84,63.87,63.81,63.83,-0.01,-0.02%,306
2025-08-25 2:55,63.83,63.83,63.76,63.77,-0.06,-0.09%,145
2025-08-25 3:00,63.77,63.8,63.76,63.78,0.01,0.02%,198
2025-08-25 3:05,63.78,63.89,63.78,63.86,0.08,0.13%,438
2025-08-25 3:10,63.86,63.87,63.82,63.85,-0.01,-0.02%,291
2025-08-25 3:15,63.85,63.96,63.84,63.95,0.1,0.16%,522
2025-08-25 3:20,63.95,63.96,63.89,63.92,-0.03,-0.05%,340
2025-08-25 3:25,63.92,63.95,63.89,63.92,0,0.00%,547
2025-08-25 3:30,63.93,63.98,63.87,63.94,0.02,0.03%,593
2025-08-25 3:35,63.94,64.02,63.92,64.01,0.07,0.11%,578
2025-08-25 3:40,64.01,64.02,63.95,63.95,-0.06,-0.09%,314
2025-08-25 3:45,63.95,63.95,63.89,63.93,-0.02,-0.03%,176
2025-08-25 3:50,63.92,63.93,63.86,63.93,0,0.00%,277
2025-08-25 3:55,63.92,63.99,63.91,63.98,0.05,0.08%,169
2025-08-25 4:00,63.98,63.99,63.87,63.88,-0.1,-0.16%,249
2025-08-25 4:05,63.88,63.89,63.82,63.87,-0.01,-0.02%,240
2025-08-25 4:10,63.87,63.9,63.87,63.89,0.02,0.03%,116
2025-08-25 4:15,63.88,63.88,63.81,63.86,-0.03,-0.05%,194
2025-08-25 4:20,63.86,63.87,63.83,63.87,0.01,0.02%,146
2025-08-25 4:25,63.86,63.95,63.86,63.94,0.07,0.11%,194
2025-08-25 4:30,63.94,63.97,63.88,63.93,-0.01,-0.02%,285
2025-08-25 4:35,63.93,63.95,63.91,63.95,0.02,0.03%,94
2025-08-25 4:40,63.96,63.98,63.92,63.92,-0.03,-0.05%,134
2025-08-25 4:45,63.92,63.93,63.91,63.92,0,0.00%,71
2025-08-25 4:50,63.92,63.92,63.86,63.89,-0.03,-0.05%,258
2025-08-25 4:55,63.9,63.98,63.9,63.95,0.06,0.09%,111
2025-08-25 5:00,63.96,64,63.95,63.99,0.04,0.06%,178
2025-08-25 5:05,63.99,64.11,63.98,64.09,0.1,0.16%,618
2025-08-25 5:10,64.09,64.18,64.08,64.14,0.05,0.08%,748
2025-08-25 5:15,64.14,64.15,64.06,64.07,-0.07,-0.11%,378
2025-08-25 5:20,64.07,64.11,64.05,64.08,0.01,0.02%,218
2025-08-25 5:25,64.07,64.09,64.02,64.07,-0.01,-0.02%,359
2025-08-25 5:30,64.07,64.13,64.07,64.12,0.05,0.08%,195
2025-08-25 5:35,64.12,64.19,64.12,64.17,0.05,0.08%,366
2025-08-25 5:40,64.16,64.16,64.11,64.12,-0.05,-0.08%,212
2025-08-25 5:45,64.12,64.13,64.07,64.09,-0.03,-0.05%,311
2025-08-25 5:50,64.09,64.13,64.06,64.06,-0.03,-0.05%,316
2025-08-25 5:55,64.06,64.09,64.04,64.08,0.02,0.03%,233
2025-08-25 6:00,64.07,64.15,64.06,64.11,0.03,0.05%,283
2025-08-25 6:05,64.11,64.13,64.11,64.12,0.01,0.02%,135
2025-08-25 6:10,64.13,64.18,64.13,64.15,0.03,0.05%,187
2025-08-25 6:15,64.15,64.17,64.14,64.14,-0.01,-0.02%,238
2025-08-25 6:20,64.14,64.17,64.12,64.17,0.03,0.05%,183
2025-08-25 6:25,64.17,64.2,64.14,64.17,0,0.00%,572
2025-08-25 6:30,64.18,64.19,64.11,64.12,-0.05,-0.08%,318
2025-08-25 6:35,64.13,64.15,64.11,64.12,0,0.00%,179
2025-08-25 6:40,64.12,64.15,64.11,64.11,-0.01,-0.02%,257
2025-08-25 6:45,64.11,64.13,64.08,64.11,0,0.00%,245
2025-08-25 6:50,64.11,64.13,64.08,64.1,-0.01,-0.02%,654
2025-08-25 6:55,64.1,64.11,64.1,64.1,0,0.00%,165
2025-08-25 7:00,64.09,64.12,64.08,64.12,0.02,0.03%,465
2025-08-25 7:05,64.12,64.12,64.1,64.11,-0.01,-0.02%,547
2025-08-25 7:10,64.12,64.12,64.08,64.12,0.01,0.02%,789
2025-08-25 7:15,64.11,64.12,64.07,64.1,-0.02,-0.03%,762
2025-08-25 7:20,64.09,64.1,63.99,64.01,-0.09,-0.14%,696
2025-08-25 7:25,64.01,64.07,64.01,64.05,0.04,0.06%,365
2025-08-25 7:30,64.05,64.06,64.02,64.05,0,0.00%,154
2025-08-25 7:35,64.06,64.13,64.05,64.06,0.01,0.02%,829
2025-08-25 7:40,64.06,64.13,64.05,64.12,0.06,0.09%,345
2025-08-25 7:45,64.12,64.13,64.02,64.07,-0.05,-0.08%,508
2025-08-25 7:50,64.07,64.09,64.05,64.07,0,0.00%,199
2025-08-25 7:55,64.07,64.09,64.04,64.05,-0.02,-0.03%,335
2025-08-25 8:00,64.05,64.13,63.96,64.11,0.06,0.09%,2359
2025-08-25 8:05,64.11,64.13,64.02,64.08,-0.03,-0.05%,1054
2025-08-25 8:10,64.08,64.13,64.07,64.13,0.05,0.08%,625
2025-08-25 8:15,64.12,64.23,64.11,64.22,0.09,0.14%,2115
2025-08-25 8:20,64.21,64.33,64.21,64.28,0.06,0.09%,1872
2025-08-25 8:25,64.27,64.34,64.26,64.32,0.04,0.06%,1169
2025-08-25 8:30,64.32,64.47,64.29,64.45,0.13,0.20%,3687
2025-08-25 8:35,64.45,64.46,64.37,64.38,-0.07,-0.11%,1299
2025-08-25 8:40,64.38,64.71,64.38,64.65,0.27,0.42%,3381
2025-08-25 8:45,64.65,64.7,64.59,64.69,0.04,0.06%,1814
2025-08-25 8:50,64.68,64.7,64.61,64.69,0,0.00%,1179
2025-08-25 8:55,64.69,64.69,64.52,64.53,-0.16,-0.25%,1923
2025-08-25 9:00,64.53,64.57,64.51,64.55,0.02,0.03%,790
2025-08-25 9:05,64.55,64.62,64.53,64.6,0.05,0.08%,806
2025-08-25 9:10,64.59,64.59,64.54,64.57,-0.03,-0.05%,686
2025-08-25 9:15,64.57,64.58,64.53,64.53,-0.04,-0.06%,630
2025-08-25 9:20,64.54,64.61,64.52,64.58,0.05,0.08%,631
2025-08-25 9:25,64.58,64.65,64.58,64.64,0.06,0.09%,761
2025-08-25 9:30,64.63,64.7,64.62,64.67,0.03,0.05%,1022
2025-08-25 9:35,64.68,64.68,64.62,64.65,-0.02,-0.03%,554
2025-08-25 9:40,64.65,64.69,64.64,64.66,0.01,0.02%,535
2025-08-25 9:45,64.67,64.69,64.65,64.66,0,0.00%,445
2025-08-25 9:50,64.67,64.72,64.63,64.63,-0.03,-0.05%,807
2025-08-25 9:55,64.64,64.66,64.59,64.65,0.02,0.03%,865
2025-08-25 10:00,64.66,64.75,64.65,64.73,0.08,0.12%,1258
2025-08-25 10:05,64.73,64.75,64.68,64.71,-0.02,-0.03%,811
2025-08-25 10:10,64.71,64.72,64.66,64.68,-0.03,-0.05%,821
2025-08-25 10:15,64.68,64.76,64.68,64.72,0.04,0.06%,946
2025-08-25 10:20,64.72,64.74,64.66,64.67,-0.05,-0.08%,702
2025-08-25 10:25,64.68,64.7,64.64,64.68,0.01,0.02%,689
2025-08-25 10:30,64.69,64.78,64.66,64.78,0.1,0.15%,932
2025-08-25 10:35,64.78,64.98,64.77,64.94,0.16,0.25%,3434
2025-08-25 10:40,64.95,64.96,64.91,64.95,0.01,0.02%,888
2025-08-25 10:45,64.94,64.95,64.91,64.93,-0.02,-0.03%,479
2025-08-25 10:50,64.94,64.98,64.9,64.93,0,0.00%,1463
2025-08-25 10:55,64.93,64.96,64.9,64.94,0.01,0.02%,1003
2025-08-25 11:00,64.94,64.96,64.91,64.93,-0.01,-0.02%,496
2025-08-25 11:05,64.93,64.93,64.84,64.89,-0.04,-0.06%,1149
2025-08-25 11:10,64.89,64.92,64.88,64.91,0.02,0.03%,524
2025-08-25 11:15,64.92,64.96,64.88,64.89,-0.02,-0.03%,651
2025-08-25 11:20,64.9,64.94,64.88,64.93,0.04,0.06%,506
2025-08-25 11:25,64.94,64.96,64.93,64.95,0.02,0.03%,451
2025-08-25 11:30,64.95,65.07,64.95,65.01,0.06,0.09%,2103
2025-08-25 11:35,65.02,65.06,65.01,65.05,0.04,0.06%,451
2025-08-25 11:40,65.06,65.08,65,65.05,0,0.00%,932
2025-08-25 11:45,65.05,65.08,65.05,65.07,0.02,0.03%,539
2025-08-25 11:50,65.07,65.08,65.06,65.06,-0.01,-0.02%,412
2025-08-25 11:55,65.06,65.1,65.03,65.05,-0.01,-0.02%,717
2025-08-25 12:00,65.04,65.06,64.98,65.02,-0.03,-0.05%,1145
2025-08-25 12:05,65.02,65.03,64.95,64.97,-0.05,-0.08%,589
2025-08-25 12:10,64.96,65.01,64.95,64.99,0.02,0.03%,562
2025-08-25 12:15,64.98,65.02,64.96,64.98,-0.01,-0.02%,432
2025-08-25 12:20,64.98,64.98,64.91,64.95,-0.03,-0.05%,1108
2025-08-25 12:25,64.96,65,64.95,65,0.05,0.08%,561
2025-08-25 12:30,65,65.02,64.97,64.98,-0.02,-0.03%,905
2025-08-25 12:35,64.98,65.02,64.93,64.93,-0.05,-0.08%,463
2025-08-25 12:40,64.94,64.98,64.93,64.96,0.03,0.05%,535
2025-08-25 12:45,64.97,65,64.93,64.93,-0.03,-0.05%,565
2025-08-25 12:50,64.93,64.99,64.92,64.98,0.05,0.08%,407
2025-08-25 12:55,64.98,64.99,64.94,64.97,-0.01,-0.02%,335
2025-08-25 13:00,64.96,64.99,64.9,64.94,-0.03,-0.05%,1304
2025-08-25 13:05,64.93,64.94,64.75,64.81,-0.13,-0.20%,2040
2025-08-25 13:10,64.8,64.87,64.8,64.85,0.04,0.06%,701
2025-08-25 13:15,64.84,64.91,64.82,64.89,0.04,0.06%,1295
2025-08-25 13:20,64.89,64.9,64.85,64.87,-0.02,-0.03%,1897
2025-08-25 13:25,64.87,64.87,64.71,64.78,-0.09,-0.14%,5485
2025-08-25 13:30,64.79,64.81,64.72,64.78,0,0.00%,1434
2025-08-25 13:35,64.78,64.88,64.78,64.85,0.07,0.11%,565
2025-08-25 13:40,64.86,64.86,64.78,64.8,-0.05,-0.08%,279
2025-08-25 13:45,64.79,64.82,64.77,64.81,0.01,0.02%,225
2025-08-25 13:50,64.81,64.82,64.76,64.77,-0.04,-0.06%,195
2025-08-25 13:55,64.76,64.77,64.74,64.76,-0.01,-0.02%,288
2025-08-25 14:00,64.75,64.77,64.73,64.76,0,0.00%,249
2025-08-25 14:05,64.76,64.78,64.7,64.71,-0.05,-0.08%,283
2025-08-25 14:10,64.71,64.72,64.67,64.69,-0.02,-0.03%,342
2025-08-25 14:15,64.69,64.7,64.68,64.69,0,0.00%,116
2025-08-25 14:20,64.68,64.72,64.68,64.71,0.02,0.03%,172
2025-08-25 14:25,64.7,64.71,64.68,64.68,-0.03,-0.05%,88
2025-08-25 14:30,64.69,64.7,64.65,64.67,-0.01,-0.02%,301
2025-08-25 14:35,64.67,64.69,64.65,64.69,0.02,0.03%,261
2025-08-25 14:40,64.69,64.73,64.67,64.72,0.03,0.05%,272
2025-08-25 14:45,64.72,64.72,64.68,64.71,-0.01,-0.02%,255
2025-08-25 14:50,64.72,64.8,64.72,64.78,0.07,0.11%,476
2025-08-25 14:55,64.79,64.8,64.77,64.78,0,0.00%,423
2025-08-25 15:00,64.78,64.8,64.77,64.8,0.02,0.03%,301
2025-08-25 15:05,64.79,64.81,64.79,64.79,-0.01,-0.02%,149
2025-08-25 15:10,64.79,64.79,64.75,64.75,-0.04,-0.06%,114
2025-08-25 15:15,64.75,64.75,64.72,64.73,-0.02,-0.03%,170
2025-08-25 15:20,64.73,64.73,64.71,64.71,-0.02,-0.03%,124
2025-08-25 15:25,64.72,64.74,64.71,64.73,0.02,0.03%,196
2025-08-25 15:30,64.73,64.76,64.72,64.75,0.02,0.03%,82
2025-08-25 15:35,64.75,64.76,64.74,64.75,0,0.00%,73
2025-08-25 15:40,64.75,64.76,64.74,64.74,-0.01,-0.02%,69
2025-08-25 15:45,64.75,64.78,64.74,64.78,0.04,0.06%,118
2025-08-25 15:50,64.78,64.79,64.74,64.75,-0.03,-0.05%,99
2025-08-25 15:55,64.74,64.76,64.73,64.74,-0.01,-0.02%,150
2025-08-25 17:00,64.75,64.75,64.69,64.73,-0.01,-0.02%,84
2025-08-25 17:05,64.74,64.76,64.74,64.76,0.03,0.05%,27
2025-08-25 17:10,64.75,64.76,64.74,64.75,-0.01,-0.02%,17
2025-08-25 17:15,64.75,64.76,64.74,64.75,0,0.00%,13
2025-08-25 17:20,64.75,64.75,64.74,64.74,-0.01,-0.02%,9
2025-08-25 17:25,64.74,64.74,64.73,64.73,-0.01,-0.02%,6
2025-08-25 17:30,64.73,64.75,64.73,64.73,0,0.00%,39
2025-08-25 17:35,64.73,64.73,64.72,64.73,0,0.00%,13
2025-08-25 17:40,64.73,64.73,64.72,64.73,0,0.00%,12
2025-08-25 17:45,64.74,64.74,64.72,64.72,-0.01,-0.02%,10
2025-08-25 17:50,64.72,64.72,64.72,64.72,0,0.00%,1
2025-08-25 17:55,64.72,64.73,64.72,64.72,0,0.00%,26
2025-08-25 18:00,64.71,64.71,64.7,64.71,-0.01,-0.02%,14
2025-08-25 18:05,64.72,64.72,64.71,64.72,0.01,0.02%,5
2025-08-25 18:10,64.71,64.71,64.71,64.71,-0.01,-0.02%,3
2025-08-25 18:15,64.72,64.72,64.7,64.71,0,0.00%,14
2025-08-25 18:20,64.71,64.72,64.7,64.71,0,0.00%,33
2025-08-25 18:25,64.71,64.71,64.7,64.7,-0.01,-0.02%,5
2025-08-25 18:30,64.7,64.71,64.69,64.69,-0.01,-0.02%,32
2025-08-25 18:35,64.69,64.7,64.68,64.69,0,0.00%,10
2025-08-25 18:40,64.69,64.7,64.69,64.69,0,0.00%,8
2025-08-25 18:45,64.69,64.7,64.69,64.7,0.01,0.02%,7
2025-08-25 18:50,64.7,64.71,64.69,64.71,0.01,0.02%,17
2025-08-25 18:55,64.71,64.75,64.71,64.71,0,0.00%,52
2025-08-25 19:00,64.71,64.72,64.61,64.63,-0.08,-0.12%,366
2025-08-25 19:05,64.64,64.67,64.61,64.61,-0.02,-0.03%,86
2025-08-25 19:10,64.62,64.64,64.62,64.64,0.03,0.05%,81
2025-08-25 19:15,64.63,64.63,64.59,64.6,-0.04,-0.06%,121
2025-08-25 19:20,64.6,64.6,64.56,64.59,-0.01,-0.02%,194
2025-08-25 19:25,64.59,64.59,64.52,64.54,-0.05,-0.08%,335
2025-08-25 19:30,64.54,64.56,64.51,64.54,0,0.00%,181
2025-08-25 19:35,64.53,64.53,64.5,64.51,-0.03,-0.05%,120
2025-08-25 19:40,64.51,64.51,64.41,64.42,-0.09,-0.14%,497
2025-08-25 19:45,64.43,64.46,64.41,64.41,-0.01,-0.02%,218
2025-08-25 19:50,64.42,64.43,64.37,64.38,-0.03,-0.05%,339
2025-08-25 19:55,64.38,64.45,64.38,64.43,0.05,0.08%,206
2025-08-25 20:00,64.43,64.47,64.4,64.43,0,0.00%,426
2025-08-25 20:05,64.43,64.46,64.42,64.44,0.01,0.02%,204
2025-08-25 20:10,64.45,64.46,64.42,64.46,0.02,0.03%,85
2025-08-25 20:15,64.47,64.49,64.45,64.46,0,0.00%,159
2025-08-25 20:20,64.47,64.48,64.42,64.44,-0.02,-0.03%,104
2025-08-25 20:25,64.44,64.47,64.44,64.46,0.02,0.03%,119
2025-08-25 20:30,64.46,64.47,64.44,64.46,0,0.00%,122
2025-08-25 20:35,64.47,64.48,64.44,64.45,-0.01,-0.02%,67
2025-08-25 20:40,64.45,64.46,64.44,64.46,0.01,0.02%,29
2025-08-25 20:45,64.46,64.48,64.46,64.47,0.01,0.02%,81
2025-08-25 20:50,64.48,64.48,64.45,64.48,0.01,0.02%,67
2025-08-25 20:55,64.48,64.5,64.46,64.46,-0.02,-0.03%,112
2025-08-25 21:00,64.46,64.51,64.45,64.5,0.04,0.06%,120
2025-08-25 21:05,64.49,64.49,64.45,64.47,-0.03,-0.05%,157
2025-08-25 21:10,64.47,64.47,64.42,64.44,-0.03,-0.05%,120
2025-08-25 21:15,64.44,64.45,64.43,64.44,0,0.00%,66
2025-08-25 21:20,64.45,64.46,64.44,64.46,0.02,0.03%,27
2025-08-25 21:25,64.47,64.47,64.44,64.45,-0.01,-0.02%,59
2025-08-25 21:30,64.45,64.51,64.45,64.51,0.06,0.09%,160
2025-08-25 21:35,64.5,64.53,64.49,64.5,-0.01,-0.02%,133
2025-08-25 21:40,64.5,64.56,64.5,64.54,0.04,0.06%,143
2025-08-25 21:45,64.54,64.54,64.52,64.53,-0.01,-0.02%,92
2025-08-25 21:50,64.53,64.55,64.51,64.52,-0.01,-0.02%,96
2025-08-25 21:55,64.52,64.54,64.52,64.52,0,0.00%,45
2025-08-25 22:00,64.52,64.53,64.46,64.47,-0.05,-0.08%,152
2025-08-25 22:05,64.47,64.47,64.44,64.46,-0.01,-0.02%,72
2025-08-25 22:10,64.45,64.5,64.45,64.5,0.04,0.06%,56
2025-08-25 22:15,64.51,64.51,64.47,64.48,-0.02,-0.03%,39
2025-08-25 22:20,64.47,64.49,64.47,64.49,0.01,0.02%,61
2025-08-25 22:25,64.49,64.49,64.47,64.47,-0.02,-0.03%,54
2025-08-25 22:30,64.48,64.49,64.46,64.47,0,0.00%,80
2025-08-25 22:35,64.47,64.48,64.46,64.48,0.01,0.02%,44
2025-08-25 22:40,64.48,64.51,64.48,64.5,0.02,0.03%,76
2025-08-25 22:45,64.5,64.51,64.49,64.49,-0.01,-0.02%,21
2025-08-25 22:50,64.5,64.5,64.49,64.5,0.01,0.02%,20
2025-08-25 22:55,64.5,64.51,64.49,64.5,0,0.00%,56
2025-08-25 23:00,64.5,64.5,64.47,64.47,-0.03,-0.05%,69
2025-08-25 23:05,64.48,64.49,64.48,64.48,0.01,0.02%,25
2025-08-25 23:10,64.49,64.51,64.49,64.5,0.02,0.03%,48
2025-08-25 23:15,64.5,64.5,64.48,64.5,0,0.00%,61
2025-08-25 23:20,64.5,64.51,64.49,64.5,0,0.00%,46
2025-08-25 23:25,64.5,64.5,64.47,64.47,-0.03,-0.05%,51
2025-08-25 23:30,64.47,64.47,64.45,64.46,-0.01,-0.02%,50
2025-08-25 23:35,64.47,64.47,64.45,64.46,0,0.00%,41
2025-08-25 23:40,64.45,64.46,64.44,64.44,-0.02,-0.03%,35
2025-08-25 23:45,64.45,64.47,64.45,64.46,0.02,0.03%,69
2025-08-25 23:50,64.47,64.48,64.46,64.46,0,0.00%,50
2025-08-25 23:55,64.46,64.46,64.45,64.45,-0.01,-0.02%,50
2025-08-26 0:00,64.45,64.49,64.43,64.47,0.02,0.03%,145
2025-08-26 0:05,64.47,64.47,64.45,64.45,-0.02,-0.03%,21
2025-08-26 0:10,64.45,64.48,64.45,64.46,0.01,0.02%,54
2025-08-26 0:15,64.46,64.47,64.46,64.46,0,0.00%,40
2025-08-26 0:20,64.46,64.5,64.46,64.49,0.03,0.05%,80
2025-08-26 0:25,64.49,64.49,64.46,64.46,-0.03,-0.05%,87
2025-08-26 0:30,64.46,64.46,64.4,64.45,-0.01,-0.02%,211
2025-08-26 0:35,64.45,64.46,64.45,64.45,0,0.00%,91
2025-08-26 0:40,64.44,64.45,64.43,64.45,0,0.00%,52
2025-08-26 0:45,64.44,64.44,64.43,64.43,-0.02,-0.03%,34
2025-08-26 0:50,64.43,64.45,64.41,64.41,-0.02,-0.03%,83
2025-08-26 0:55,64.4,64.43,64.4,64.43,0.02,0.03%,56
2025-08-26 1:00,64.44,64.5,64.38,64.49,0.06,0.09%,579
2025-08-26 1:05,64.5,64.52,64.43,64.44,-0.05,-0.08%,157
2025-08-26 1:10,64.43,64.48,64.41,64.41,-0.03,-0.05%,128
2025-08-26 1:15,64.41,64.43,64.33,64.34,-0.07,-0.11%,379
2025-08-26 1:20,64.34,64.4,64.34,64.38,0.04,0.06%,142
2025-08-26 1:25,64.38,64.43,64.38,64.42,0.04,0.06%,130
2025-08-26 1:30,64.42,64.43,64.36,64.39,-0.03,-0.05%,131
2025-08-26 1:35,64.39,64.4,64.3,64.31,-0.08,-0.12%,316
2025-08-26 1:40,64.31,64.36,64.31,64.34,0.03,0.05%,170
2025-08-26 1:45,64.34,64.39,64.32,64.37,0.03,0.05%,89
2025-08-26 1:50,64.37,64.4,64.37,64.38,0.01,0.02%,63
2025-08-26 1:55,64.39,64.43,64.39,64.41,0.03,0.05%,252
2025-08-26 2:00,64.41,64.47,64.31,64.33,-0.08,-0.12%,584
2025-08-26 2:05,64.33,64.35,64.26,64.28,-0.05,-0.08%,438
2025-08-26 2:10,64.29,64.29,64.25,64.27,-0.01,-0.02%,303
2025-08-26 2:15,64.27,64.29,64.24,64.24,-0.03,-0.05%,244
2025-08-26 2:20,64.24,64.32,64.21,64.28,0.04,0.06%,429
2025-08-26 2:25,64.28,64.33,64.27,64.32,0.04,0.06%,231
2025-08-26 2:30,64.33,64.34,64.27,64.33,0.01,0.02%,236
2025-08-26 2:35,64.34,64.34,64.28,64.33,0,0.00%,266
2025-08-26 2:40,64.34,64.35,64.32,64.35,0.02,0.03%,170
2025-08-26 2:45,64.35,64.35,64.27,64.28,-0.07,-0.11%,214
2025-08-26 2:50,64.27,64.27,64.21,64.24,-0.04,-0.06%,382
2025-08-26 2:55,64.24,64.24,64.14,64.17,-0.07,-0.11%,682
2025-08-26 3:00,64.18,64.23,64.01,64.23,0.06,0.09%,1189
2025-08-26 3:05,64.22,64.25,64.21,64.22,-0.01,-0.02%,300
2025-08-26 3:10,64.22,64.25,64.18,64.18,-0.04,-0.06%,288
2025-08-26 3:15,64.19,64.25,64.17,64.2,0.02,0.03%,387
2025-08-26 3:20,64.19,64.33,64.19,64.31,0.11,0.17%,604
2025-08-26 3:25,64.3,64.3,64.18,64.21,-0.1,-0.16%,639
2025-08-26 3:30,64.22,64.26,64.15,64.17,-0.04,-0.06%,649
2025-08-26 3:35,64.18,64.18,64.05,64.06,-0.11,-0.17%,527
2025-08-26 3:40,64.05,64.11,64.04,64.1,0.04,0.06%,392
2025-08-26 3:45,64.1,64.11,64.07,64.07,-0.03,-0.05%,310
2025-08-26 3:50,64.07,64.09,64.02,64.03,-0.04,-0.06%,368
2025-08-26 3:55,64.04,64.05,64,64.02,-0.01,-0.02%,487
2025-08-26 4:00,64.03,64.03,63.94,63.96,-0.06,-0.09%,611
2025-08-26 4:05,63.96,63.98,63.87,63.97,0.01,0.02%,838
2025-08-26 4:10,63.96,64.03,63.96,64,0.03,0.05%,374
2025-08-26 4:15,64.01,64.08,64,64.05,0.05,0.08%,413
2025-08-26 4:20,64.04,64.05,63.97,63.98,-0.07,-0.11%,268
2025-08-26 4:25,63.97,64.02,63.96,63.99,0.01,0.02%,218
2025-08-26 4:30,63.99,63.99,63.9,63.9,-0.09,-0.14%,565
2025-08-26 4:35,63.89,63.9,63.67,63.7,-0.2,-0.31%,1756
2025-08-26 4:40,63.69,63.74,63.67,63.74,0.04,0.06%,770
2025-08-26 4:45,63.74,63.76,63.7,63.72,-0.02,-0.03%,504
2025-08-26 4:50,63.72,63.76,63.7,63.72,0,0.00%,434
2025-08-26 4:55,63.71,63.73,63.68,63.7,-0.02,-0.03%,590
2025-08-26 5:00,63.71,63.74,63.68,63.73,0.03,0.05%,650
2025-08-26 5:05,63.73,63.77,63.64,63.67,-0.06,-0.09%,488
2025-08-26 5:10,63.66,63.7,63.65,63.7,0.03,0.05%,305
2025-08-26 5:15,63.68,63.75,63.68,63.75,0.05,0.08%,387
2025-08-26 5:20,63.73,63.78,63.7,63.74,-0.01,-0.02%,427
2025-08-26 5:25,63.74,63.74,63.71,63.72,-0.02,-0.03%,378
2025-08-26 5:30,63.72,63.73,63.68,63.73,0.01,0.02%,306
2025-08-26 5:35,63.73,63.73,63.68,63.69,-0.04,-0.06%,241
2025-08-26 5:40,63.68,63.68,63.61,63.62,-0.07,-0.11%,383
2025-08-26 5:45,63.62,63.66,63.59,63.61,-0.01,-0.02%,729
2025-08-26 5:50,63.61,63.67,63.59,63.63,0.02,0.03%,404
2025-08-26 5:55,63.64,63.65,63.59,63.62,-0.01,-0.02%,237
2025-08-26 6:00,63.62,63.67,63.57,63.66,0.04,0.06%,568
2025-08-26 6:05,63.66,63.69,63.64,63.64,-0.02,-0.03%,201
2025-08-26 6:10,63.64,63.73,63.64,63.72,0.08,0.13%,364
2025-08-26 6:15,63.72,63.79,63.7,63.76,0.04,0.06%,799
2025-08-26 6:20,63.75,63.76,63.73,63.75,-0.01,-0.02%,260
2025-08-26 6:25,63.74,63.75,63.71,63.74,-0.01,-0.02%,258
2025-08-26 6:30,63.74,63.78,63.71,63.73,-0.01,-0.02%,428
2025-08-26 6:35,63.74,63.75,63.68,63.71,-0.02,-0.03%,442
2025-08-26 6:40,63.71,63.71,63.66,63.67,-0.04,-0.06%,232
2025-08-26 6:45,63.67,63.68,63.62,63.64,-0.03,-0.05%,362
2025-08-26 6:50,63.64,63.71,63.62,63.7,0.06,0.09%,557
2025-08-26 6:55,63.68,63.68,63.62,63.64,-0.06,-0.09%,638
2025-08-26 7:00,63.64,63.69,63.62,63.68,0.04,0.06%,362
2025-08-26 7:05,63.68,63.68,63.59,63.63,-0.05,-0.08%,403
2025-08-26 7:10,63.62,63.69,63.62,63.67,0.04,0.06%,324
2025-08-26 7:15,63.68,63.68,63.63,63.65,-0.02,-0.03%,329
2025-08-26 7:20,63.64,63.73,63.64,63.7,0.05,0.08%,666
2025-08-26 7:25,63.7,63.71,63.65,63.69,-0.01,-0.02%,393
2025-08-26 7:30,63.69,63.7,63.63,63.63,-0.06,-0.09%,495
2025-08-26 7:35,63.63,63.75,63.62,63.74,0.11,0.17%,609
2025-08-26 7:40,63.74,63.74,63.67,63.69,-0.05,-0.08%,288
2025-08-26 7:45,63.69,63.72,63.65,63.66,-0.03,-0.05%,374
2025-08-26 7:50,63.66,63.72,63.64,63.71,0.05,0.08%,495
2025-08-26 7:55,63.71,63.77,63.7,63.71,0,0.00%,750
2025-08-26 8:00,63.72,63.86,63.72,63.81,0.1,0.16%,3023
2025-08-26 8:05,63.81,63.82,63.75,63.78,-0.03,-0.05%,814
2025-08-26 8:10,63.78,63.81,63.76,63.76,-0.02,-0.03%,732
2025-08-26 8:15,63.77,63.83,63.75,63.8,0.04,0.06%,747
2025-08-26 8:20,63.8,63.83,63.75,63.77,-0.03,-0.05%,793
2025-08-26 8:25,63.77,63.84,63.76,63.79,0.02,0.03%,480
2025-08-26 8:30,63.79,63.87,63.71,63.85,0.06,0.09%,1628
2025-08-26 8:35,63.86,63.87,63.78,63.83,-0.02,-0.03%,915
2025-08-26 8:40,63.83,63.84,63.75,63.79,-0.04,-0.06%,669
2025-08-26 8:45,63.78,63.9,63.78,63.85,0.06,0.09%,1062
2025-08-26 8:50,63.85,63.92,63.81,63.88,0.03,0.05%,878
2025-08-26 8:55,63.89,63.9,63.83,63.87,-0.01,-0.02%,518
2025-08-26 9:00,63.87,64.01,63.86,63.98,0.11,0.17%,1511
2025-08-26 9:05,63.99,64.08,63.95,64.07,0.09,0.14%,1343
2025-08-26 9:10,64.07,64.11,64.02,64.08,0.01,0.02%,1123
2025-08-26 9:15,64.09,64.09,63.97,64.04,-0.04,-0.06%,1098
2025-08-26 9:20,64.04,64.11,64.04,64.1,0.06,0.09%,587
2025-08-26 9:25,64.1,64.16,64.08,64.15,0.05,0.08%,1084
2025-08-26 9:30,64.14,64.21,64.13,64.2,0.05,0.08%,1111
2025-08-26 9:35,64.2,64.25,64.16,64.16,-0.04,-0.06%,1103
2025-08-26 9:40,64.16,64.18,64.09,64.14,-0.02,-0.03%,961
2025-08-26 9:45,64.14,64.14,64.02,64.1,-0.04,-0.06%,1097
2025-08-26 9:50,64.1,64.11,63.95,63.96,-0.14,-0.22%,871
2025-08-26 9:55,63.95,63.97,63.82,63.88,-0.08,-0.13%,1772
2025-08-26 10:00,63.88,63.88,63.44,63.5,-0.38,-0.59%,4945
2025-08-26 10:05,63.5,63.51,63.28,63.5,0,0.00%,4240
2025-08-26 10:10,63.5,63.51,63.38,63.45,-0.05,-0.08%,2671
2025-08-26 10:15,63.45,63.59,63.44,63.52,0.07,0.11%,1543
2025-08-26 10:20,63.52,63.62,63.52,63.55,0.03,0.05%,1204
2025-08-26 10:25,63.55,63.56,63.39,63.48,-0.07,-0.11%,1730
2025-08-26 10:30,63.48,63.54,63.36,63.43,-0.05,-0.08%,1509
2025-08-26 10:35,63.43,63.44,63.37,63.4,-0.03,-0.05%,954
2025-08-26 10:40,63.41,63.46,63.36,63.43,0.03,0.05%,850
2025-08-26 10:45,63.43,63.49,63.37,63.4,-0.03,-0.05%,770
2025-08-26 10:50,63.41,63.48,63.36,63.48,0.08,0.13%,1005
2025-08-26 10:55,63.48,63.49,63.44,63.47,-0.01,-0.02%,706
2025-08-26 11:00,63.47,63.53,63.37,63.43,-0.04,-0.06%,1271
2025-08-26 11:05,63.44,63.48,63.4,63.42,-0.01,-0.02%,611
2025-08-26 11:10,63.42,63.46,63.34,63.37,-0.05,-0.08%,1216
2025-08-26 11:15,63.37,63.44,63.28,63.31,-0.06,-0.09%,1249
2025-08-26 11:20,63.3,63.39,63.3,63.34,0.03,0.05%,897
2025-08-26 11:25,63.33,63.35,63.29,63.33,-0.01,-0.02%,711
2025-08-26 11:30,63.34,63.43,63.32,63.4,0.07,0.11%,844
2025-08-26 11:35,63.4,63.4,63.31,63.35,-0.05,-0.08%,605
2025-08-26 11:40,63.34,63.42,63.32,63.4,0.05,0.08%,593
2025-08-26 11:45,63.4,63.42,63.36,63.37,-0.03,-0.05%,574
2025-08-26 11:50,63.37,63.42,63.36,63.38,0.01,0.02%,348
2025-08-26 11:55,63.38,63.39,63.33,63.34,-0.04,-0.06%,446
2025-08-26 12:00,63.34,63.42,63.34,63.38,0.04,0.06%,578
2025-08-26 12:05,63.37,63.37,63.3,63.35,-0.03,-0.05%,616
2025-08-26 12:10,63.35,63.36,63.31,63.34,-0.01,-0.02%,493
2025-08-26 12:15,63.34,63.38,63.33,63.36,0.02,0.03%,341
2025-08-26 12:20,63.36,63.37,63.28,63.29,-0.07,-0.11%,577
2025-08-26 12:25,63.3,63.35,63.29,63.3,0.01,0.02%,683
2025-08-26 12:30,63.31,63.37,63.3,63.32,0.02,0.03%,608
2025-08-26 12:35,63.31,63.36,63.29,63.34,0.02,0.03%,434
2025-08-26 12:40,63.35,63.37,63.31,63.33,-0.01,-0.02%,529
2025-08-26 12:45,63.33,63.38,63.3,63.37,0.04,0.06%,725
2025-08-26 12:50,63.36,63.37,63.34,63.36,-0.01,-0.02%,367
2025-08-26 12:55,63.36,63.38,63.32,63.34,-0.02,-0.03%,590
2025-08-26 13:00,63.34,63.35,63.31,63.34,0,0.00%,515
2025-08-26 13:05,63.34,63.42,63.34,63.38,0.04,0.06%,998
2025-08-26 13:10,63.39,63.39,63.34,63.36,-0.02,-0.03%,529
2025-08-26 13:15,63.36,63.38,63.32,63.37,0.01,0.02%,702
2025-08-26 13:20,63.36,63.38,63.28,63.29,-0.08,-0.13%,960
2025-08-26 13:25,63.29,63.32,63.13,63.25,-0.04,-0.06%,4314
2025-08-26 13:30,63.25,63.32,63.22,63.3,0.05,0.08%,1720
2025-08-26 13:35,63.31,63.34,63.28,63.33,0.03,0.05%,712
2025-08-26 13:40,63.33,63.33,63.29,63.3,-0.03,-0.05%,241
2025-08-26 13:45,63.3,63.3,63.26,63.28,-0.02,-0.03%,319
2025-08-26 13:50,63.28,63.32,63.26,63.3,0.02,0.03%,333
2025-08-26 13:55,63.29,63.31,63.28,63.29,-0.01,-0.02%,197
2025-08-26 14:00,63.29,63.29,63.24,63.25,-0.04,-0.06%,322
2025-08-26 14:05,63.25,63.31,63.25,63.29,0.04,0.06%,171
2025-08-26 14:10,63.29,63.29,63.24,63.25,-0.04,-0.06%,161
2025-08-26 14:15,63.26,63.28,63.25,63.27,0.02,0.03%,127
2025-08-26 14:20,63.27,63.29,63.25,63.25,-0.02,-0.03%,260
2025-08-26 14:25,63.26,63.29,63.25,63.28,0.03,0.05%,120
2025-08-26 14:30,63.28,63.33,63.28,63.3,0.02,0.03%,544
2025-08-26 14:35,63.3,63.31,63.29,63.3,0,0.00%,114
2025-08-26 14:40,63.3,63.38,63.29,63.36,0.06,0.09%,315
2025-08-26 14:45,63.35,63.37,63.34,63.35,-0.01,-0.02%,135
2025-08-26 14:50,63.36,63.36,63.32,63.34,-0.01,-0.02%,380
2025-08-26 14:55,63.35,63.35,63.31,63.31,-0.03,-0.05%,478
2025-08-26 15:00,63.32,63.36,63.31,63.35,0.04,0.06%,373
2025-08-26 15:05,63.35,63.39,63.34,63.37,0.02,0.03%,425
2025-08-26 15:10,63.37,63.39,63.35,63.36,-0.01,-0.02%,172
2025-08-26 15:15,63.36,63.37,63.35,63.36,0,0.00%,124
2025-08-26 15:20,63.36,63.37,63.35,63.37,0.01,0.02%,129
2025-08-26 15:25,63.37,63.38,63.35,63.37,0,0.00%,84
2025-08-26 15:30,63.35,63.38,63.35,63.36,-0.01,-0.02%,256
2025-08-26 15:35,63.36,63.37,63.32,63.33,-0.03,-0.05%,162
2025-08-26 15:40,63.33,63.35,63.31,63.32,-0.01,-0.02%,148
2025-08-26 15:45,63.32,63.34,63.31,63.33,0.01,0.02%,113
2025-08-26 15:50,63.34,63.35,63.3,63.3,-0.03,-0.05%,107
2025-08-26 15:55,63.32,63.33,63.28,63.31,0.01,0.02%,156
2025-08-26 17:00,63.31,63.38,63.25,63.37,0.06,0.09%,246
2025-08-26 17:05,63.38,63.38,63.35,63.36,-0.01,-0.02%,28
2025-08-26 17:10,63.37,63.39,63.37,63.37,0.01,0.02%,39
2025-08-26 17:15,63.37,63.38,63.35,63.37,0,0.00%,29
2025-08-26 17:20,63.37,63.38,63.36,63.36,-0.01,-0.02%,53
2025-08-26 17:25,63.36,63.37,63.34,63.37,0.01,0.02%,53
2025-08-26 17:30,63.37,63.39,63.35,63.38,0.01,0.02%,33
2025-08-26 17:35,63.38,63.38,63.36,63.37,-0.01,-0.02%,24
2025-08-26 17:40,63.38,63.42,63.37,63.41,0.04,0.06%,178
2025-08-26 17:45,63.4,63.43,63.4,63.43,0.02,0.03%,53
2025-08-26 17:50,63.42,63.43,63.42,63.43,0,0.00%,43
2025-08-26 17:55,63.43,63.44,63.42,63.43,0,0.00%,44
2025-08-26 18:00,63.44,63.46,63.43,63.45,0.02,0.03%,89
2025-08-26 18:05,63.45,63.45,63.43,63.43,-0.02,-0.03%,17
2025-08-26 18:10,63.43,63.45,63.43,63.44,0.01,0.02%,43
2025-08-26 18:15,63.44,63.46,63.43,63.46,0.02,0.03%,28
2025-08-26 18:20,63.45,63.46,63.45,63.45,-0.01,-0.02%,21
2025-08-26 18:25,63.46,63.46,63.45,63.45,0,0.00%,14
2025-08-26 18:30,63.45,63.45,63.45,63.45,0,0.00%,2
2025-08-26 18:35,63.46,63.46,63.46,63.46,0.01,0.02%,1
2025-08-26 18:40,63.46,63.46,63.44,63.44,-0.02,-0.03%,33
2025-08-26 18:45,63.45,63.45,63.44,63.45,0.01,0.02%,21
2025-08-26 18:50,63.44,63.44,63.44,63.44,-0.01,-0.02%,4
2025-08-26 18:55,63.44,63.44,63.42,63.42,-0.02,-0.03%,57
2025-08-26 19:00,63.44,63.46,63.41,63.42,0,0.00%,165
2025-08-26 19:05,63.42,63.42,63.39,63.39,-0.03,-0.05%,102
2025-08-26 19:10,63.38,63.41,63.38,63.38,-0.01,-0.02%,56
2025-08-26 19:15,63.38,63.39,63.36,63.37,-0.01,-0.02%,53
2025-08-26 19:20,63.38,63.4,63.38,63.38,0.01,0.02%,60
2025-08-26 19:25,63.39,63.39,63.34,63.36,-0.02,-0.03%,100
2025-08-26 19:30,63.36,63.37,63.35,63.36,0,0.00%,66
2025-08-26 19:35,63.35,63.36,63.35,63.36,0,0.00%,16
2025-08-26 19:40,63.36,63.38,63.35,63.37,0.01,0.02%,63
2025-08-26 19:45,63.37,63.38,63.37,63.37,0,0.00%,131
2025-08-26 19:50,63.37,63.37,63.35,63.37,0,0.00%,76
2025-08-26 19:55,63.37,63.38,63.33,63.33,-0.04,-0.06%,85
2025-08-26 20:00,63.33,63.34,63.25,63.26,-0.07,-0.11%,404
2025-08-26 20:05,63.25,63.27,63.2,63.22,-0.04,-0.06%,286
2025-08-26 20:10,63.22,63.24,63.19,63.2,-0.02,-0.03%,274
2025-08-26 20:15,63.2,63.26,63.2,63.23,0.03,0.05%,104
2025-08-26 20:20,63.23,63.25,63.2,63.22,-0.01,-0.02%,99
2025-08-26 20:25,63.22,63.24,63.2,63.22,0,0.00%,286
2025-08-26 20:30,63.23,63.28,63.23,63.23,0.01,0.02%,200
2025-08-26 20:35,63.23,63.25,63.19,63.23,0,0.00%,233
2025-08-26 20:40,63.23,63.23,63.16,63.18,-0.05,-0.08%,244
2025-08-26 20:45,63.18,63.2,63.17,63.18,0,0.00%,111
2025-08-26 20:50,63.18,63.18,63.16,63.17,-0.01,-0.02%,99
2025-08-26 20:55,63.18,63.2,63.15,63.19,0.02,0.03%,154
2025-08-26 21:00,63.2,63.21,63.17,63.21,0.02,0.03%,134
2025-08-26 21:05,63.21,63.21,63.17,63.2,-0.01,-0.02%,69
2025-08-26 21:10,63.19,63.21,63.17,63.18,-0.02,-0.03%,138
2025-08-26 21:15,63.18,63.24,63.18,63.22,0.04,0.06%,127
2025-08-26 21:20,63.23,63.24,63.21,63.23,0.01,0.02%,27
2025-08-26 21:25,63.22,63.25,63.22,63.24,0.01,0.02%,55
2025-08-26 21:30,63.23,63.24,63.19,63.22,-0.02,-0.03%,241
2025-08-26 21:35,63.23,63.26,63.22,63.25,0.03,0.05%,186
2025-08-26 21:40,63.24,63.26,63.22,63.24,-0.01,-0.02%,100
2025-08-26 21:45,63.24,63.26,63.22,63.26,0.02,0.03%,149
2025-08-26 21:50,63.25,63.33,63.25,63.33,0.07,0.11%,227
2025-08-26 21:55,63.32,63.37,63.32,63.35,0.02,0.03%,214
2025-08-26 22:00,63.34,63.36,63.31,63.31,-0.04,-0.06%,102
2025-08-26 22:05,63.32,63.33,63.3,63.31,0,0.00%,45
2025-08-26 22:10,63.32,63.33,63.31,63.32,0.01,0.02%,49
2025-08-26 22:15,63.32,63.32,63.29,63.3,-0.02,-0.03%,65
2025-08-26 22:20,63.3,63.31,63.27,63.29,-0.01,-0.02%,49
2025-08-26 22:25,63.29,63.31,63.29,63.3,0.01,0.02%,49
2025-08-26 22:30,63.3,63.31,63.29,63.3,0,0.00%,21
2025-08-26 22:35,63.29,63.31,63.29,63.31,0.01,0.02%,22
2025-08-26 22:40,63.3,63.31,63.3,63.31,0,0.00%,15
2025-08-26 22:45,63.3,63.31,63.3,63.31,0,0.00%,35
2025-08-26 22:50,63.31,63.34,63.31,63.33,0.02,0.03%,48
2025-08-26 22:55,63.32,63.32,63.28,63.28,-0.05,-0.08%,74
2025-08-26 23:00,63.27,63.29,63.25,63.27,-0.01,-0.02%,85
2025-08-26 23:05,63.28,63.3,63.27,63.3,0.03,0.05%,46
2025-08-26 23:10,63.29,63.3,63.29,63.3,0,0.00%,13
2025-08-26 23:15,63.3,63.33,63.3,63.3,0,0.00%,61
2025-08-26 23:20,63.29,63.29,63.27,63.28,-0.02,-0.03%,61
2025-08-26 23:25,63.27,63.29,63.27,63.29,0.01,0.02%,21
2025-08-26 23:30,63.29,63.3,63.28,63.29,0,0.00%,29
2025-08-26 23:35,63.29,63.29,63.25,63.26,-0.03,-0.05%,52
2025-08-26 23:40,63.27,63.27,63.26,63.27,0.01,0.02%,21
2025-08-26 23:45,63.27,63.28,63.23,63.24,-0.03,-0.05%,89
2025-08-26 23:50,63.24,63.25,63.24,63.24,0,0.00%,24
2025-08-26 23:55,63.25,63.25,63.25,63.25,0.01,0.02%,9
2025-08-27 0:00,63.26,63.29,63.25,63.29,0.04,0.06%,64
2025-08-27 0:05,63.28,63.28,63.26,63.26,-0.03,-0.05%,47
2025-08-27 0:10,63.26,63.26,63.24,63.24,-0.02,-0.03%,45
2025-08-27 0:15,63.24,63.31,63.24,63.3,0.06,0.09%,100
2025-08-27 0:20,63.29,63.3,63.28,63.29,-0.01,-0.02%,28
2025-08-27 0:25,63.28,63.28,63.27,63.28,-0.01,-0.02%,23
2025-08-27 0:30,63.27,63.27,63.24,63.25,-0.03,-0.05%,67
2025-08-27 0:35,63.24,63.25,63.23,63.24,-0.01,-0.02%,53
2025-08-27 0:40,63.25,63.25,63.2,63.22,-0.02,-0.03%,135
2025-08-27 0:45,63.22,63.25,63.22,63.23,0.01,0.02%,103
2025-08-27 0:50,63.22,63.23,63.11,63.17,-0.06,-0.09%,353
2025-08-27 0:55,63.16,63.19,63.15,63.17,0,0.00%,117
2025-08-27 1:00,63.18,63.27,63.17,63.27,0.1,0.16%,157
2025-08-27 1:05,63.28,63.3,63.24,63.26,-0.01,-0.02%,70
2025-08-27 1:10,63.26,63.27,63.25,63.25,-0.01,-0.02%,72
2025-08-27 1:15,63.26,63.26,63.2,63.21,-0.04,-0.06%,82
2025-08-27 1:20,63.21,63.21,63.18,63.19,-0.02,-0.03%,54
2025-08-27 1:25,63.19,63.19,63.03,63.05,-0.14,-0.22%,444
2025-08-27 1:30,63.05,63.22,63.04,63.21,0.16,0.25%,411
2025-08-27 1:35,63.21,63.24,63.11,63.12,-0.09,-0.14%,258
2025-08-27 1:40,63.11,63.18,63.11,63.14,0.02,0.03%,212
2025-08-27 1:45,63.14,63.22,63.1,63.21,0.07,0.11%,298
2025-08-27 1:50,63.22,63.32,63.19,63.19,-0.02,-0.03%,489
2025-08-27 1:55,63.19,63.2,63.17,63.2,0.01,0.02%,129
2025-08-27 2:00,63.21,63.27,63.16,63.21,0.01,0.02%,279
2025-08-27 2:05,63.22,63.22,63.16,63.17,-0.04,-0.06%,242
2025-08-27 2:10,63.17,63.17,63.08,63.08,-0.09,-0.14%,290
2025-08-27 2:15,63.07,63.09,62.99,63.02,-0.06,-0.10%,616
2025-08-27 2:20,63.01,63.07,63.01,63.06,0.04,0.06%,178
2025-08-27 2:25,63.06,63.11,63.04,63.06,0,0.00%,257
2025-08-27 2:30,63.05,63.14,63.03,63.11,0.05,0.08%,197
2025-08-27 2:35,63.1,63.11,63.02,63.07,-0.04,-0.06%,179
2025-08-27 2:40,63.07,63.08,63.04,63.06,-0.01,-0.02%,112
2025-08-27 2:45,63.06,63.16,63.06,63.13,0.07,0.11%,287
2025-08-27 2:50,63.12,63.15,63.09,63.12,-0.01,-0.02%,208
2025-08-27 2:55,63.12,63.25,63.12,63.2,0.08,0.13%,586
2025-08-27 3:00,63.2,63.22,63.13,63.2,0,0.00%,277
2025-08-27 3:05,63.21,63.28,63.21,63.22,0.02,0.03%,292
2025-08-27 3:10,63.22,63.25,63.18,63.2,-0.02,-0.03%,324
2025-08-27 3:15,63.19,63.29,63.19,63.22,0.02,0.03%,192
2025-08-27 3:20,63.23,63.26,63.18,63.2,-0.02,-0.03%,376
2025-08-27 3:25,63.21,63.28,63.15,63.16,-0.04,-0.06%,429
2025-08-27 3:30,63.15,63.19,63.06,63.11,-0.05,-0.08%,467
2025-08-27 3:35,63.11,63.16,63.1,63.12,0.01,0.02%,192
2025-08-27 3:40,63.12,63.16,63.05,63.06,-0.06,-0.10%,313
2025-08-27 3:45,63.06,63.08,62.95,63.04,-0.02,-0.03%,547
2025-08-27 3:50,63.03,63.06,62.98,63,-0.04,-0.06%,215
2025-08-27 3:55,63.01,63.05,62.98,63.02,0.02,0.03%,268
2025-08-27 4:00,63.01,63.05,62.98,63.05,0.03,0.05%,403
2025-08-27 4:05,63.06,63.06,63.03,63.04,-0.01,-0.02%,149
2025-08-27 4:10,63.05,63.05,62.97,62.98,-0.06,-0.10%,223
2025-08-27 4:15,62.98,63.03,62.97,63.02,0.04,0.06%,182
2025-08-27 4:20,63.02,63.04,62.98,63.04,0.02,0.03%,222
2025-08-27 4:25,63.04,63.09,63,63.02,-0.02,-0.03%,229
2025-08-27 4:30,63.02,63.07,62.98,63.03,0.01,0.02%,335
2025-08-27 4:35,63.02,63.12,62.99,63.08,0.05,0.08%,334
2025-08-27 4:40,63.08,63.09,62.99,63,-0.08,-0.13%,224
2025-08-27 4:45,63,63.16,62.99,63.14,0.14,0.22%,266
2025-08-27 4:50,63.13,63.15,63.07,63.08,-0.06,-0.10%,201
2025-08-27 4:55,63.07,63.24,63.07,63.21,0.13,0.21%,511
2025-08-27 5:00,63.21,63.21,63.07,63.1,-0.11,-0.17%,439
2025-08-27 5:05,63.1,63.12,63.04,63.1,0,0.00%,329
2025-08-27 5:10,63.1,63.21,63.09,63.15,0.05,0.08%,397
2025-08-27 5:15,63.15,63.24,63.15,63.22,0.07,0.11%,221
2025-08-27 5:20,63.21,63.22,63.18,63.18,-0.04,-0.06%,189
2025-08-27 5:25,63.18,63.18,63.13,63.16,-0.02,-0.03%,164
2025-08-27 5:30,63.17,63.19,63.09,63.1,-0.06,-0.09%,275
2025-08-27 5:35,63.09,63.1,63.01,63.1,0,0.00%,412
2025-08-27 5:40,63.11,63.13,63.07,63.08,-0.02,-0.03%,119
2025-08-27 5:45,63.09,63.1,63.06,63.08,0,0.00%,171
2025-08-27 5:50,63.08,63.13,63.07,63.12,0.04,0.06%,152
2025-08-27 5:55,63.13,63.18,63.12,63.15,0.03,0.05%,135
2025-08-27 6:00,63.14,63.2,63.1,63.18,0.03,0.05%,210
2025-08-27 6:05,63.18,63.21,63.14,63.14,-0.04,-0.06%,224
2025-08-27 6:10,63.14,63.16,63.12,63.12,-0.02,-0.03%,97
2025-08-27 6:15,63.12,63.22,63.12,63.21,0.09,0.14%,182
2025-08-27 6:20,63.21,63.24,63.21,63.23,0.02,0.03%,351
2025-08-27 6:25,63.22,63.28,63.2,63.27,0.04,0.06%,341
2025-08-27 6:30,63.27,63.33,63.24,63.28,0.01,0.02%,380
2025-08-27 6:35,63.28,63.37,63.27,63.35,0.07,0.11%,390
2025-08-27 6:40,63.35,63.43,63.34,63.43,0.08,0.13%,730
2025-08-27 6:45,63.43,63.54,63.43,63.45,0.02,0.03%,1202
2025-08-27 6:50,63.45,63.49,63.39,63.4,-0.05,-0.08%,547
2025-08-27 6:55,63.4,63.48,63.39,63.46,0.06,0.09%,302
2025-08-27 7:00,63.47,63.48,63.41,63.44,-0.02,-0.03%,496
2025-08-27 7:05,63.45,63.48,63.44,63.47,0.03,0.05%,327
2025-08-27 7:10,63.47,63.47,63.41,63.45,-0.02,-0.03%,356
2025-08-27 7:15,63.44,63.48,63.39,63.41,-0.04,-0.06%,427
2025-08-27 7:20,63.4,63.43,63.37,63.38,-0.03,-0.05%,323
2025-08-27 7:25,63.38,63.48,63.34,63.48,0.1,0.16%,559
2025-08-27 7:30,63.48,63.53,63.46,63.47,-0.01,-0.02%,602
2025-08-27 7:35,63.46,63.52,63.46,63.49,0.02,0.03%,342
2025-08-27 7:40,63.5,63.59,63.5,63.54,0.05,0.08%,744
2025-08-27 7:45,63.54,63.55,63.46,63.52,-0.02,-0.03%,609
2025-08-27 7:50,63.51,63.52,63.48,63.5,-0.02,-0.03%,248
2025-08-27 7:55,63.49,63.66,63.48,63.63,0.13,0.20%,1105
2025-08-27 8:00,63.62,63.78,63.49,63.51,-0.12,-0.19%,4313
2025-08-27 8:05,63.52,63.56,63.42,63.45,-0.06,-0.09%,1075
2025-08-27 8:10,63.44,63.48,63.41,63.45,0,0.00%,681
2025-08-27 8:15,63.45,63.48,63.35,63.4,-0.05,-0.08%,928
2025-08-27 8:20,63.39,63.49,63.36,63.42,0.02,0.03%,678
2025-08-27 8:25,63.42,63.45,63.41,63.43,0.01,0.02%,337
2025-08-27 8:30,63.44,63.57,63.41,63.49,0.06,0.09%,1245
2025-08-27 8:35,63.5,63.52,63.41,63.47,-0.02,-0.03%,608
2025-08-27 8:40,63.48,63.52,63.42,63.44,-0.03,-0.05%,572
2025-08-27 8:45,63.44,63.61,63.44,63.53,0.09,0.14%,938
2025-08-27 8:50,63.52,63.71,63.51,63.65,0.12,0.19%,1223
2025-08-27 8:55,63.66,63.72,63.64,63.66,0.01,0.02%,1187
2025-08-27 9:00,63.66,63.67,63.59,63.64,-0.02,-0.03%,1035
2025-08-27 9:05,63.64,63.67,63.6,63.64,0,0.00%,556
2025-08-27 9:10,63.64,63.67,63.61,63.64,0,0.00%,490
2025-08-27 9:15,63.64,63.69,63.62,63.68,0.04,0.06%,594
2025-08-27 9:20,63.68,63.69,63.61,63.69,0.01,0.02%,787
2025-08-27 9:25,63.68,63.72,63.66,63.69,0,0.00%,671
2025-08-27 9:30,63.7,64.02,63.68,64,0.31,0.49%,3610
2025-08-27 9:35,63.99,64.01,63.87,63.87,-0.13,-0.20%,2112
2025-08-27 9:40,63.86,63.87,63.75,63.79,-0.08,-0.13%,1855
2025-08-27 9:45,63.79,63.79,63.7,63.73,-0.06,-0.09%,1229
2025-08-27 9:50,63.74,63.8,63.73,63.75,0.02,0.03%,830
2025-08-27 9:55,63.75,63.81,63.74,63.79,0.04,0.06%,677
2025-08-27 10:00,63.79,63.82,63.7,63.73,-0.06,-0.09%,992
2025-08-27 10:05,63.72,63.88,63.61,63.85,0.12,0.19%,2277
2025-08-27 10:10,63.86,63.86,63.71,63.74,-0.11,-0.17%,1209
2025-08-27 10:15,63.74,63.78,63.63,63.66,-0.08,-0.13%,835
2025-08-27 10:20,63.65,63.66,63.47,63.57,-0.09,-0.14%,2184
2025-08-27 10:25,63.57,63.67,63.54,63.57,0,0.00%,1060
2025-08-27 10:30,63.57,63.67,63.55,63.59,0.02,0.03%,1085
2025-08-27 10:35,63.58,63.66,63.58,63.65,0.06,0.09%,745
2025-08-27 10:40,63.65,63.68,63.63,63.68,0.03,0.05%,543
2025-08-27 10:45,63.69,63.74,63.68,63.73,0.05,0.08%,806
2025-08-27 10:50,63.72,63.74,63.66,63.74,0.01,0.02%,497
2025-08-27 10:55,63.73,63.9,63.72,63.85,0.11,0.17%,1580
2025-08-27 11:00,63.85,63.94,63.84,63.92,0.07,0.11%,1091
2025-08-27 11:05,63.92,63.94,63.85,63.87,-0.05,-0.08%,958
2025-08-27 11:10,63.88,63.97,63.87,63.95,0.08,0.13%,976
2025-08-27 11:15,63.96,63.99,63.95,63.96,0.01,0.02%,1048
2025-08-27 11:20,63.97,64,63.92,63.92,-0.04,-0.06%,925
2025-08-27 11:25,63.93,63.95,63.92,63.94,0.02,0.03%,444
2025-08-27 11:30,63.93,63.97,63.85,63.87,-0.07,-0.11%,865
2025-08-27 11:35,63.86,63.88,63.78,63.83,-0.04,-0.06%,1081
2025-08-27 11:40,63.82,64,63.82,63.93,0.1,0.16%,1079
2025-08-27 11:45,63.94,63.95,63.8,63.83,-0.1,-0.16%,836
2025-08-27 11:50,63.83,63.9,63.8,63.85,0.02,0.03%,615
2025-08-27 11:55,63.84,63.92,63.82,63.9,0.05,0.08%,647
2025-08-27 12:00,63.9,63.91,63.81,63.82,-0.08,-0.13%,1100
2025-08-27 12:05,63.82,63.9,63.82,63.86,0.04,0.06%,518
2025-08-27 12:10,63.86,63.92,63.84,63.9,0.04,0.06%,482
2025-08-27 12:15,63.9,63.93,63.85,63.9,0,0.00%,348
2025-08-27 12:20,63.91,63.96,63.89,63.94,0.04,0.06%,463
2025-08-27 12:25,63.96,63.99,63.92,63.98,0.04,0.06%,511
2025-08-27 12:30,63.98,64,63.91,64,0.02,0.03%,536
2025-08-27 12:35,63.99,64.01,63.9,63.93,-0.07,-0.11%,637
2025-08-27 12:40,63.94,63.96,63.91,63.92,-0.01,-0.02%,318
2025-08-27 12:45,63.93,63.99,63.92,63.98,0.06,0.09%,465
2025-08-27 12:50,63.98,63.98,63.95,63.96,-0.02,-0.03%,269
2025-08-27 12:55,63.96,63.99,63.91,63.92,-0.04,-0.06%,578
2025-08-27 13:00,63.93,64.04,63.93,64.04,0.12,0.19%,776
2025-08-27 13:05,64.03,64.2,64.02,64.13,0.09,0.14%,2271
2025-08-27 13:10,64.13,64.15,64.1,64.13,0,0.00%,686
2025-08-27 13:15,64.14,64.14,64.04,64.07,-0.06,-0.09%,1854
2025-08-27 13:20,64.08,64.1,64.06,64.09,0.02,0.03%,696
2025-08-27 13:25,64.1,64.17,64.07,64.14,0.05,0.08%,3325
2025-08-27 13:30,64.15,64.23,64.13,64.2,0.06,0.09%,1779
2025-08-27 13:35,64.19,64.23,64.16,64.16,-0.04,-0.06%,737
2025-08-27 13:40,64.16,64.17,64.08,64.09,-0.07,-0.11%,626
2025-08-27 13:45,64.09,64.1,64.07,64.1,0.01,0.02%,241
2025-08-27 13:50,64.1,64.1,64.04,64.04,-0.06,-0.09%,363
2025-08-27 13:55,64.04,64.04,63.95,63.98,-0.06,-0.09%,926
2025-08-27 14:00,63.97,63.97,63.93,63.95,-0.03,-0.05%,400
2025-08-27 14:05,63.95,63.95,63.92,63.93,-0.02,-0.03%,304
2025-08-27 14:10,63.92,63.95,63.91,63.93,0,0.00%,256
2025-08-27 14:15,63.94,63.95,63.9,63.9,-0.03,-0.05%,202
2025-08-27 14:20,63.9,63.95,63.89,63.95,0.05,0.08%,275
2025-08-27 14:25,63.95,63.95,63.92,63.93,-0.02,-0.03%,162
2025-08-27 14:30,63.93,63.94,63.89,63.9,-0.03,-0.05%,250
2025-08-27 14:35,63.9,63.94,63.9,63.94,0.04,0.06%,245
2025-08-27 14:40,63.94,63.94,63.92,63.93,-0.01,-0.02%,144
2025-08-27 14:45,63.92,63.93,63.91,63.91,-0.02,-0.03%,252
2025-08-27 14:50,63.91,63.92,63.85,63.88,-0.03,-0.05%,415
2025-08-27 14:55,63.88,63.89,63.86,63.88,0,0.00%,246
2025-08-27 15:00,63.87,63.88,63.85,63.87,-0.01,-0.02%,181
2025-08-27 15:05,63.87,63.87,63.85,63.87,0,0.00%,74
2025-08-27 15:10,63.86,63.87,63.85,63.86,-0.01,-0.02%,121
2025-08-27 15:15,63.85,63.87,63.84,63.86,0,0.00%,194
2025-08-27 15:20,63.86,63.86,63.8,63.82,-0.04,-0.06%,278
2025-08-27 15:25,63.81,63.84,63.81,63.83,0.01,0.02%,167
2025-08-27 15:30,63.83,63.84,63.8,63.82,-0.01,-0.02%,139
2025-08-27 15:35,63.83,63.84,63.81,63.83,0.01,0.02%,116
2025-08-27 15:40,63.82,63.83,63.79,63.8,-0.03,-0.05%,133
2025-08-27 15:45,63.81,63.86,63.8,63.86,0.06,0.09%,342
2025-08-27 15:50,63.86,63.88,63.83,63.84,-0.02,-0.03%,136
2025-08-27 15:55,63.83,63.86,63.83,63.86,0.02,0.03%,231
2025-08-27 17:00,63.87,63.88,63.76,63.78,-0.08,-0.13%,205
2025-08-27 17:05,63.78,63.8,63.76,63.76,-0.02,-0.03%,41
2025-08-27 17:10,63.76,63.8,63.76,63.79,0.03,0.05%,24
2025-08-27 17:15,63.79,63.79,63.77,63.78,-0.01,-0.02%,40
2025-08-27 17:20,63.8,63.8,63.78,63.78,0,0.00%,24
2025-08-27 17:25,63.78,63.81,63.78,63.79,0.01,0.02%,25
2025-08-27 17:30,63.8,63.82,63.8,63.81,0.02,0.03%,27
2025-08-27 17:35,63.82,63.82,63.79,63.79,-0.02,-0.03%,12
2025-08-27 17:40,63.78,63.79,63.78,63.79,0,0.00%,8
2025-08-27 17:45,63.77,63.79,63.77,63.78,-0.01,-0.02%,14
2025-08-27 17:50,63.78,63.78,63.78,63.78,0,0.00%,3
2025-08-27 17:55,63.78,63.78,63.77,63.78,0,0.00%,9
2025-08-27 18:00,63.78,63.79,63.77,63.79,0.01,0.02%,8
2025-08-27 18:05,63.77,63.78,63.77,63.78,-0.01,-0.02%,8
2025-08-27 18:10,63.78,63.79,63.78,63.79,0.01,0.02%,18
2025-08-27 18:15,63.79,63.79,63.77,63.77,-0.02,-0.03%,17
2025-08-27 18:20,63.78,63.79,63.77,63.77,0,0.00%,8
2025-08-27 18:25,63.78,63.78,63.77,63.77,0,0.00%,5
2025-08-27 18:30,63.77,63.79,63.77,63.78,0.01,0.02%,9
2025-08-27 18:35,63.79,63.79,63.78,63.78,0,0.00%,6
2025-08-27 18:40,63.79,63.8,63.78,63.78,0,0.00%,14
2025-08-27 18:45,63.78,63.8,63.75,63.76,-0.02,-0.03%,85
2025-08-27 18:50,63.77,63.79,63.77,63.78,0.02,0.03%,23
2025-08-27 18:55,63.79,63.81,63.79,63.8,0.02,0.03%,18
2025-08-27 19:00,63.82,63.82,63.71,63.77,-0.03,-0.05%,314
2025-08-27 19:05,63.76,63.82,63.75,63.81,0.04,0.06%,64
2025-08-27 19:10,63.8,63.84,63.8,63.82,0.01,0.02%,34
2025-08-27 19:15,63.82,63.84,63.78,63.79,-0.03,-0.05%,44
2025-08-27 19:20,63.81,63.82,63.81,63.81,0.02,0.03%,7
2025-08-27 19:25,63.8,63.81,63.77,63.78,-0.03,-0.05%,46
2025-08-27 19:30,63.78,63.81,63.78,63.8,0.02,0.03%,31
2025-08-27 19:35,63.8,63.82,63.8,63.82,0.02,0.03%,33
2025-08-27 19:40,63.81,63.82,63.79,63.79,-0.03,-0.05%,35
2025-08-27 19:45,63.79,63.8,63.79,63.8,0.01,0.02%,10
2025-08-27 19:50,63.79,63.8,63.78,63.79,-0.01,-0.02%,23
2025-08-27 19:55,63.78,63.8,63.76,63.78,-0.01,-0.02%,98
2025-08-27 20:00,63.8,63.82,63.72,63.76,-0.02,-0.03%,298
2025-08-27 20:05,63.76,63.78,63.76,63.77,0.01,0.02%,75
2025-08-27 20:10,63.77,63.79,63.77,63.78,0.01,0.02%,38
2025-08-27 20:15,63.78,63.8,63.74,63.75,-0.03,-0.05%,62
2025-08-27 20:20,63.76,63.77,63.76,63.77,0.02,0.03%,19
2025-08-27 20:25,63.78,63.81,63.77,63.77,0,0.00%,34
2025-08-27 20:30,63.78,63.78,63.71,63.74,-0.03,-0.05%,102
2025-08-27 20:35,63.74,63.79,63.74,63.75,0.01,0.02%,79
2025-08-27 20:40,63.76,63.77,63.72,63.73,-0.02,-0.03%,107
2025-08-27 20:45,63.72,63.81,63.72,63.8,0.07,0.11%,201
2025-08-27 20:50,63.81,63.81,63.75,63.76,-0.04,-0.06%,65
2025-08-27 20:55,63.75,63.78,63.72,63.78,0.02,0.03%,109
2025-08-27 21:00,63.78,63.78,63.73,63.74,-0.04,-0.06%,40
2025-08-27 21:05,63.75,63.76,63.71,63.76,0.02,0.03%,82
2025-08-27 21:10,63.76,63.78,63.74,63.75,-0.01,-0.02%,23
2025-08-27 21:15,63.74,63.74,63.69,63.69,-0.06,-0.09%,132
2025-08-27 21:20,63.7,63.72,63.69,63.72,0.03,0.05%,43
2025-08-27 21:25,63.71,63.71,63.7,63.7,-0.02,-0.03%,33
2025-08-27 21:30,63.69,63.69,63.65,63.67,-0.03,-0.05%,144
2025-08-27 21:35,63.67,63.69,63.63,63.68,0.01,0.02%,127
2025-08-27 21:40,63.67,63.68,63.67,63.67,-0.01,-0.02%,21
2025-08-27 21:45,63.67,63.71,63.67,63.71,0.04,0.06%,52
2025-08-27 21:50,63.71,63.71,63.66,63.68,-0.03,-0.05%,61
2025-08-27 21:55,63.68,63.68,63.66,63.67,-0.01,-0.02%,30
2025-08-27 22:00,63.67,63.69,63.67,63.68,0.01,0.02%,15
2025-08-27 22:05,63.68,63.73,63.67,63.67,-0.01,-0.02%,173
2025-08-27 22:10,63.66,63.67,63.64,63.66,-0.01,-0.02%,55
2025-08-27 22:15,63.66,63.66,63.64,63.64,-0.02,-0.03%,28
2025-08-27 22:20,63.63,63.65,63.62,63.65,0.01,0.02%,51
2025-08-27 22:25,63.64,63.67,63.64,63.66,0.01,0.02%,74
2025-08-27 22:30,63.65,63.66,63.64,63.65,-0.01,-0.02%,79
2025-08-27 22:35,63.64,63.65,63.63,63.64,-0.01,-0.02%,102
2025-08-27 22:40,63.64,63.66,63.64,63.66,0.02,0.03%,76
2025-08-27 22:45,63.66,63.67,63.65,63.66,0,0.00%,42
2025-08-27 22:50,63.66,63.66,63.63,63.63,-0.03,-0.05%,22
2025-08-27 22:55,63.63,63.64,63.62,63.64,0.01,0.02%,15
2025-08-27 23:00,63.64,63.64,63.6,63.61,-0.03,-0.05%,70
2025-08-27 23:05,63.61,63.61,63.58,63.59,-0.02,-0.03%,86
2025-08-27 23:10,63.59,63.59,63.56,63.57,-0.02,-0.03%,85
2025-08-27 23:15,63.58,63.58,63.55,63.57,0,0.00%,54
2025-08-27 23:20,63.56,63.64,63.56,63.62,0.05,0.08%,118
2025-08-27 23:25,63.63,63.63,63.62,63.63,0.01,0.02%,53
2025-08-27 23:30,63.63,63.64,63.62,63.63,0,0.00%,19
2025-08-27 23:35,63.63,63.66,63.62,63.64,0.01,0.02%,78
2025-08-27 23:40,63.64,63.65,63.64,63.65,0.01,0.02%,16
2025-08-27 23:45,63.65,63.65,63.64,63.65,0,0.00%,29
2025-08-27 23:50,63.64,63.64,63.6,63.61,-0.04,-0.06%,100
2025-08-27 23:55,63.6,63.61,63.56,63.57,-0.04,-0.06%,68
2025-08-28 0:00,63.56,63.56,63.48,63.56,-0.01,-0.02%,356
2025-08-28 0:05,63.56,63.59,63.55,63.59,0.03,0.05%,41
2025-08-28 0:10,63.59,63.61,63.58,63.58,-0.01,-0.02%,51
2025-08-28 0:15,63.58,63.58,63.54,63.56,-0.02,-0.03%,85
2025-08-28 0:20,63.56,63.56,63.53,63.53,-0.03,-0.05%,44
2025-08-28 0:25,63.53,63.56,63.53,63.56,0.03,0.05%,73
2025-08-28 0:30,63.55,63.58,63.54,63.57,0.01,0.02%,105
2025-08-28 0:35,63.57,63.59,63.57,63.57,0,0.00%,32
2025-08-28 0:40,63.58,63.58,63.53,63.53,-0.04,-0.06%,118
2025-08-28 0:45,63.53,63.54,63.51,63.52,-0.01,-0.02%,137
2025-08-28 0:50,63.52,63.54,63.5,63.54,0.02,0.03%,72
2025-08-28 0:55,63.54,63.59,63.54,63.57,0.03,0.05%,89
2025-08-28 1:00,63.57,63.66,63.57,63.59,0.02,0.03%,250
2025-08-28 1:05,63.6,63.63,63.6,63.61,0.02,0.03%,98
2025-08-28 1:10,63.62,63.64,63.57,63.57,-0.04,-0.06%,120
2025-08-28 1:15,63.58,63.58,63.53,63.56,-0.01,-0.02%,152
2025-08-28 1:20,63.55,63.59,63.55,63.55,-0.01,-0.02%,98
2025-08-28 1:25,63.55,63.59,63.54,63.59,0.04,0.06%,137
2025-08-28 1:30,63.59,63.72,63.58,63.71,0.12,0.19%,250
2025-08-28 1:35,63.7,63.7,63.63,63.64,-0.07,-0.11%,112
2025-08-28 1:40,63.65,63.65,63.6,63.63,-0.01,-0.02%,65
2025-08-28 1:45,63.63,63.67,63.63,63.66,0.03,0.05%,124
2025-08-28 1:50,63.67,63.68,63.63,63.65,-0.01,-0.02%,95
2025-08-28 1:55,63.64,63.72,63.64,63.69,0.04,0.06%,153
2025-08-28 2:00,63.69,63.69,63.57,63.63,-0.06,-0.09%,470
2025-08-28 2:05,63.62,63.62,63.53,63.57,-0.06,-0.09%,245
2025-08-28 2:10,63.57,63.61,63.54,63.6,0.03,0.05%,129
2025-08-28 2:15,63.61,63.74,63.61,63.74,0.14,0.22%,392
2025-08-28 2:20,63.74,63.78,63.66,63.71,-0.03,-0.05%,297
2025-08-28 2:25,63.71,63.75,63.67,63.71,0,0.00%,194
2025-08-28 2:30,63.72,63.84,63.7,63.83,0.12,0.19%,395
2025-08-28 2:35,63.83,63.93,63.83,63.92,0.09,0.14%,441
2025-08-28 2:40,63.91,64,63.91,63.98,0.06,0.09%,636
2025-08-28 2:45,63.98,63.99,63.94,63.96,-0.02,-0.03%,240
2025-08-28 2:50,63.97,63.97,63.82,63.83,-0.13,-0.20%,407
2025-08-28 2:55,63.83,63.84,63.77,63.78,-0.05,-0.08%,200
2025-08-28 3:00,63.78,63.89,63.77,63.88,0.1,0.16%,302
2025-08-28 3:05,63.88,63.92,63.86,63.89,0.01,0.02%,165
2025-08-28 3:10,63.89,63.98,63.89,63.95,0.06,0.09%,408
2025-08-28 3:15,63.95,63.96,63.86,63.88,-0.07,-0.11%,347
2025-08-28 3:20,63.88,63.88,63.76,63.78,-0.1,-0.16%,481
2025-08-28 3:25,63.77,63.79,63.63,63.68,-0.1,-0.16%,1111
2025-08-28 3:30,63.68,63.74,63.65,63.7,0.02,0.03%,653
2025-08-28 3:35,63.7,63.74,63.68,63.71,0.01,0.02%,232
2025-08-28 3:40,63.7,63.71,63.64,63.66,-0.05,-0.08%,226
2025-08-28 3:45,63.66,63.66,63.55,63.59,-0.07,-0.11%,349
2025-08-28 3:50,63.59,63.66,63.59,63.64,0.05,0.08%,269
2025-08-28 3:55,63.64,63.68,63.63,63.66,0.02,0.03%,232
2025-08-28 4:00,63.67,63.81,63.67,63.8,0.14,0.22%,441
2025-08-28 4:05,63.8,63.87,63.78,63.87,0.07,0.11%,544
2025-08-28 4:10,63.87,63.88,63.81,63.82,-0.05,-0.08%,265
2025-08-28 4:15,63.83,63.85,63.8,63.82,0,0.00%,191
2025-08-28 4:20,63.82,63.82,63.75,63.76,-0.06,-0.09%,170
2025-08-28 4:25,63.76,63.77,63.72,63.72,-0.04,-0.06%,168
2025-08-28 4:30,63.72,63.76,63.69,63.74,0.02,0.03%,234
2025-08-28 4:35,63.74,63.75,63.7,63.74,0,0.00%,113
2025-08-28 4:40,63.74,63.86,63.74,63.75,0.01,0.02%,248
2025-08-28 4:45,63.75,63.76,63.67,63.67,-0.08,-0.13%,258
2025-08-28 4:50,63.66,63.76,63.66,63.76,0.09,0.14%,140
2025-08-28 4:55,63.76,63.79,63.73,63.78,0.02,0.03%,117
2025-08-28 5:00,63.79,63.93,63.77,63.92,0.14,0.22%,313
2025-08-28 5:05,63.93,63.99,63.9,63.98,0.06,0.09%,486
2025-08-28 5:10,63.99,64.01,63.93,63.94,-0.04,-0.06%,323
2025-08-28 5:15,63.94,63.95,63.9,63.92,-0.02,-0.03%,195
2025-08-28 5:20,63.93,63.97,63.92,63.94,0.02,0.03%,153
2025-08-28 5:25,63.95,63.97,63.94,63.96,0.02,0.03%,141
2025-08-28 5:30,63.96,63.96,63.83,63.84,-0.12,-0.19%,599
2025-08-28 5:35,63.84,63.91,63.84,63.89,0.05,0.08%,134
2025-08-28 5:40,63.9,63.91,63.86,63.91,0.02,0.03%,140
2025-08-28 5:45,63.91,63.91,63.87,63.89,-0.02,-0.03%,136
2025-08-28 5:50,63.89,63.92,63.84,63.91,0.02,0.03%,261
2025-08-28 5:55,63.92,63.93,63.89,63.9,-0.01,-0.02%,146
2025-08-28 6:00,63.9,63.95,63.84,63.94,0.04,0.06%,168
2025-08-28 6:05,63.94,64,63.93,64,0.06,0.09%,235
2025-08-28 6:10,64,64.07,63.99,64,0,0.00%,383
2025-08-28 6:15,64,64.09,63.99,64.09,0.09,0.14%,422
2025-08-28 6:20,64.09,64.13,64.07,64.1,0.01,0.02%,542
2025-08-28 6:25,64.1,64.14,64.09,64.1,0,0.00%,262
2025-08-28 6:30,64.1,64.14,64.08,64.11,0.01,0.02%,300
2025-08-28 6:35,64.1,64.18,64.08,64.15,0.04,0.06%,524
2025-08-28 6:40,64.15,64.15,64.1,64.12,-0.03,-0.05%,260
2025-08-28 6:45,64.12,64.14,64.08,64.12,0,0.00%,264
2025-08-28 6:50,64.12,64.12,64.08,64.1,-0.02,-0.03%,302
2025-08-28 6:55,64.1,64.1,64.05,64.07,-0.03,-0.05%,297
2025-08-28 7:00,64.08,64.1,64.03,64.03,-0.04,-0.06%,583
2025-08-28 7:05,64.02,64.06,64.02,64.05,0.02,0.03%,388
2025-08-28 7:10,64.06,64.08,64.05,64.07,0.02,0.03%,228
2025-08-28 7:15,64.07,64.11,64.05,64.06,-0.01,-0.02%,363
2025-08-28 7:20,64.07,64.09,63.99,64.01,-0.05,-0.08%,364
2025-08-28 7:25,64.02,64.05,64.01,64.04,0.03,0.05%,204
2025-08-28 7:30,64.03,64.08,64.02,64.03,-0.01,-0.02%,379
2025-08-28 7:35,64.03,64.06,63.96,63.96,-0.07,-0.11%,755
2025-08-28 7:40,63.96,64,63.92,63.98,0.02,0.03%,503
2025-08-28 7:45,63.97,64.08,63.97,64.05,0.07,0.11%,622
2025-08-28 7:50,64.05,64.12,64.05,64.11,0.06,0.09%,288
2025-08-28 7:55,64.12,64.13,64.08,64.11,0,0.00%,579
2025-08-28 8:00,64.11,64.12,63.98,63.99,-0.12,-0.19%,1153
2025-08-28 8:05,63.98,64.09,63.96,64.02,0.03,0.05%,821
2025-08-28 8:10,64.03,64.1,63.97,64,-0.02,-0.03%,641
2025-08-28 8:15,64,64.03,63.96,64.03,0.03,0.05%,345
2025-08-28 8:20,64.02,64.04,63.99,64.03,0,0.00%,419
2025-08-28 8:25,64.03,64.12,64.01,64.07,0.04,0.06%,792
2025-08-28 8:30,64.06,64.07,63.8,63.81,-0.26,-0.41%,2175
2025-08-28 8:35,63.81,63.88,63.74,63.87,0.06,0.09%,1094
2025-08-28 8:40,63.87,63.9,63.84,63.88,0.01,0.02%,713
2025-08-28 8:45,63.87,63.88,63.81,63.83,-0.05,-0.08%,761
2025-08-28 8:50,63.82,63.84,63.75,63.77,-0.06,-0.09%,868
2025-08-28 8:55,63.77,63.81,63.7,63.76,-0.01,-0.02%,1349
2025-08-28 9:00,63.76,63.82,63.71,63.76,0,0.00%,1222
2025-08-28 9:05,63.76,63.77,63.49,63.54,-0.22,-0.35%,2173
2025-08-28 9:10,63.54,63.55,63.43,63.47,-0.07,-0.11%,1856
2025-08-28 9:15,63.46,63.58,63.44,63.56,0.09,0.14%,1040
2025-08-28 9:20,63.56,63.62,63.5,63.51,-0.05,-0.08%,1042
2025-08-28 9:25,63.5,63.52,63.43,63.51,0,0.00%,1158
2025-08-28 9:30,63.5,63.68,63.47,63.62,0.11,0.17%,1499
2025-08-28 9:35,63.62,63.74,63.61,63.64,0.02,0.03%,828
2025-08-28 9:40,63.63,63.76,63.62,63.69,0.05,0.08%,843
2025-08-28 9:45,63.68,63.71,63.63,63.65,-0.04,-0.06%,468
2025-08-28 9:50,63.65,63.76,63.64,63.73,0.08,0.13%,705
2025-08-28 9:55,63.73,63.82,63.7,63.75,0.02,0.03%,830
2025-08-28 10:00,63.74,63.77,63.7,63.77,0.02,0.03%,614
2025-08-28 10:05,63.77,63.84,63.76,63.83,0.06,0.09%,729
2025-08-28 10:10,63.83,63.87,63.77,63.84,0.01,0.02%,599
2025-08-28 10:15,63.85,63.93,63.8,63.83,-0.01,-0.02%,1658
2025-08-28 10:20,63.82,63.86,63.79,63.82,-0.01,-0.02%,783
2025-08-28 10:25,63.81,63.83,63.76,63.81,-0.01,-0.02%,1027
2025-08-28 10:30,63.81,63.82,63.58,63.58,-0.23,-0.36%,1745
2025-08-28 10:35,63.58,63.59,63.35,63.47,-0.11,-0.17%,2638
2025-08-28 10:40,63.47,63.58,63.46,63.57,0.1,0.16%,1390
2025-08-28 10:45,63.57,63.58,63.51,63.55,-0.02,-0.03%,674
2025-08-28 10:50,63.55,63.66,63.51,63.63,0.08,0.13%,837
2025-08-28 10:55,63.63,63.7,63.63,63.65,0.02,0.03%,718
2025-08-28 11:00,63.65,63.65,63.55,63.6,-0.05,-0.08%,704
2025-08-28 11:05,63.59,63.66,63.58,63.65,0.05,0.08%,281
2025-08-28 11:10,63.65,63.69,63.62,63.64,-0.01,-0.02%,618
2025-08-28 11:15,63.65,63.66,63.61,63.64,0,0.00%,402
2025-08-28 11:20,63.64,63.79,63.64,63.73,0.09,0.14%,1165
2025-08-28 11:25,63.74,63.75,63.61,63.63,-0.1,-0.16%,578
2025-08-28 11:30,63.64,63.64,63.54,63.6,-0.03,-0.05%,547
2025-08-28 11:35,63.61,63.69,63.6,63.66,0.06,0.09%,490
2025-08-28 11:40,63.67,63.7,63.59,63.61,-0.05,-0.08%,580
2025-08-28 11:45,63.62,63.68,63.59,63.61,0,0.00%,433
2025-08-28 11:50,63.61,63.63,63.59,63.62,0.01,0.02%,368
2025-08-28 11:55,63.62,63.65,63.57,63.57,-0.05,-0.08%,383
2025-08-28 12:00,63.57,63.62,63.55,63.57,0,0.00%,542
2025-08-28 12:05,63.57,63.65,63.57,63.61,0.04,0.06%,579
2025-08-28 12:10,63.61,63.61,63.53,63.6,-0.01,-0.02%,538
2025-08-28 12:15,63.6,63.62,63.58,63.61,0.01,0.02%,433
2025-08-28 12:20,63.61,63.62,63.54,63.59,-0.02,-0.03%,388
2025-08-28 12:25,63.59,63.6,63.56,63.57,-0.02,-0.03%,272
2025-08-28 12:30,63.58,63.82,63.58,63.79,0.22,0.35%,1374
2025-08-28 12:35,63.79,63.8,63.73,63.77,-0.02,-0.03%,462
2025-08-28 12:40,63.78,63.9,63.78,63.87,0.1,0.16%,706
2025-08-28 12:45,63.88,64,63.87,63.97,0.1,0.16%,1510
2025-08-28 12:50,63.97,64.04,63.91,64.02,0.05,0.08%,1205
2025-08-28 12:55,64.03,64.36,64.02,64.32,0.3,0.47%,4926
2025-08-28 13:00,64.32,64.46,64.31,64.36,0.04,0.06%,2358
2025-08-28 13:05,64.36,64.55,64.36,64.46,0.1,0.16%,2418
2025-08-28 13:10,64.47,64.55,64.46,64.51,0.05,0.08%,1934
2025-08-28 13:15,64.52,64.62,64.48,64.59,0.08,0.12%,2011
2025-08-28 13:20,64.59,64.6,64.5,64.56,-0.03,-0.05%,1897
2025-08-28 13:25,64.56,64.63,64.53,64.62,0.06,0.09%,4892
2025-08-28 13:30,64.61,64.7,64.59,64.61,-0.01,-0.02%,2104
2025-08-28 13:35,64.61,64.63,64.53,64.57,-0.04,-0.06%,713
2025-08-28 13:40,64.57,64.57,64.45,64.46,-0.11,-0.17%,759
2025-08-28 13:45,64.47,64.48,64.31,64.36,-0.1,-0.16%,1004
2025-08-28 13:50,64.35,64.39,64.28,64.28,-0.08,-0.12%,789
2025-08-28 13:55,64.27,64.29,64.23,64.26,-0.02,-0.03%,502
2025-08-28 14:00,64.27,64.34,64.26,64.33,0.07,0.11%,486
2025-08-28 14:05,64.32,64.34,64.31,64.33,0,0.00%,256
2025-08-28 14:10,64.34,64.36,64.3,64.3,-0.03,-0.05%,291
2025-08-28 14:15,64.3,64.35,64.29,64.35,0.05,0.08%,444
2025-08-28 14:20,64.35,64.38,64.34,64.36,0.01,0.02%,237
2025-08-28 14:25,64.37,64.42,64.37,64.37,0.01,0.02%,325
2025-08-28 14:30,64.36,64.36,64.32,64.32,-0.05,-0.08%,180
2025-08-28 14:35,64.33,64.35,64.29,64.31,-0.01,-0.02%,239
2025-08-28 14:40,64.32,64.32,64.21,64.24,-0.07,-0.11%,534
2025-08-28 14:45,64.25,64.31,64.24,64.28,0.04,0.06%,129
2025-08-28 14:50,64.29,64.31,64.28,64.31,0.03,0.05%,113
2025-08-28 14:55,64.31,64.34,64.3,64.32,0.01,0.02%,427
2025-08-28 15:00,64.32,64.37,64.31,64.37,0.05,0.08%,152
2025-08-28 15:05,64.36,64.37,64.32,64.33,-0.04,-0.06%,168
2025-08-28 15:10,64.32,64.35,64.31,64.34,0.01,0.02%,245
2025-08-28 15:15,64.35,64.39,64.34,64.34,0,0.00%,160
2025-08-28 15:20,64.34,64.36,64.32,64.35,0.01,0.02%,104
2025-08-28 15:25,64.35,64.35,64.31,64.33,-0.02,-0.03%,115
2025-08-28 15:30,64.33,64.33,64.3,64.3,-0.03,-0.05%,122
2025-08-28 15:35,64.3,64.34,64.29,64.33,0.03,0.05%,190
2025-08-28 15:40,64.32,64.33,64.29,64.31,-0.02,-0.03%,112
2025-08-28 15:45,64.31,64.31,64.29,64.3,-0.01,-0.02%,65
2025-08-28 15:50,64.29,64.31,64.29,64.3,0,0.00%,43
2025-08-28 15:55,64.3,64.33,64.26,64.32,0.02,0.03%,145
2025-08-28 17:00,64.26,64.39,64.19,64.28,-0.04,-0.06%,255
2025-08-28 17:05,64.27,64.27,64.22,64.26,-0.02,-0.03%,124
2025-08-28 17:10,64.26,64.28,64.26,64.27,0.01,0.02%,41
2025-08-28 17:15,64.26,64.28,64.25,64.26,-0.01,-0.02%,32
2025-08-28 17:20,64.25,64.25,64.24,64.25,-0.01,-0.02%,8
2025-08-28 17:25,64.26,64.28,64.26,64.28,0.03,0.05%,14
2025-08-28 17:30,64.27,64.28,64.27,64.27,-0.01,-0.02%,18
2025-08-28 17:35,64.28,64.3,64.27,64.29,0.02,0.03%,43
2025-08-28 17:40,64.29,64.29,64.28,64.28,-0.01,-0.02%,10
2025-08-28 17:45,64.28,64.28,64.18,64.19,-0.09,-0.14%,145
2025-08-28 17:50,64.2,64.22,64.19,64.22,0.03,0.05%,16
2025-08-28 17:55,64.22,64.22,64.22,64.22,0,0.00%,1
2025-08-28 18:00,64.23,64.26,64.23,64.25,0.03,0.05%,18
2025-08-28 18:05,64.26,64.26,64.26,64.26,0.01,0.02%,2
2025-08-28 18:10,64.25,64.26,64.23,64.24,-0.02,-0.03%,21
2025-08-28 18:15,64.24,64.25,64.24,64.25,0.01,0.02%,6
2025-08-28 18:20,64.24,64.25,64.23,64.23,-0.02,-0.03%,16
2025-08-28 18:25,64.24,64.25,64.23,64.23,0,0.00%,10
2025-08-28 18:30,64.23,64.24,64.21,64.21,-0.02,-0.03%,41
2025-08-28 18:35,64.2,64.21,64.18,64.19,-0.02,-0.03%,49
2025-08-28 18:40,64.21,64.21,64.2,64.21,0.02,0.03%,29
2025-08-28 18:45,64.2,64.22,64.19,64.2,-0.01,-0.02%,70
2025-08-28 18:50,64.2,64.2,64.18,64.19,-0.01,-0.02%,57
2025-08-28 18:55,64.19,64.21,64.19,64.2,0.01,0.02%,26
2025-08-28 19:00,64.21,64.23,64.12,64.16,-0.04,-0.06%,403
2025-08-28 19:05,64.17,64.24,64.17,64.23,0.07,0.11%,75
2025-08-28 19:10,64.23,64.26,64.22,64.26,0.03,0.05%,73
2025-08-28 19:15,64.26,64.27,64.25,64.26,0,0.00%,91
2025-08-28 19:20,64.26,64.26,64.23,64.23,-0.03,-0.05%,56
2025-08-28 19:25,64.23,64.26,64.23,64.25,0.02,0.03%,78
2025-08-28 19:30,64.26,64.26,64.2,64.23,-0.02,-0.03%,74
2025-08-28 19:35,64.22,64.23,64.2,64.22,-0.01,-0.02%,91
2025-08-28 19:40,64.21,64.25,64.21,64.24,0.02,0.03%,80
2025-08-28 19:45,64.24,64.25,64.23,64.24,0,0.00%,46
2025-08-28 19:50,64.24,64.25,64.23,64.23,-0.01,-0.02%,43
2025-08-28 19:55,64.24,64.25,64.19,64.21,-0.02,-0.03%,93
2025-08-28 20:00,64.21,64.24,64.19,64.2,-0.01,-0.02%,164
2025-08-28 20:05,64.19,64.21,64.16,64.17,-0.03,-0.05%,79
2025-08-28 20:10,64.17,64.18,64.16,64.17,0,0.00%,46
2025-08-28 20:15,64.18,64.2,64.11,64.12,-0.05,-0.08%,161
2025-08-28 20:20,64.12,64.16,64.11,64.15,0.03,0.05%,114
2025-08-28 20:25,64.15,64.18,64.14,64.16,0.01,0.02%,68
2025-08-28 20:30,64.15,64.2,64.14,64.19,0.03,0.05%,97
2025-08-28 20:35,64.18,64.21,64.18,64.18,-0.01,-0.02%,62
2025-08-28 20:40,64.18,64.2,64.13,64.14,-0.04,-0.06%,202
2025-08-28 20:45,64.13,64.14,64.11,64.14,0,0.00%,126
2025-08-28 20:50,64.14,64.17,64.12,64.12,-0.02,-0.03%,89
2025-08-28 20:55,64.13,64.14,64.11,64.12,0,0.00%,155
2025-08-28 21:00,64.11,64.11,64.08,64.11,-0.01,-0.02%,158
2025-08-28 21:05,64.11,64.11,64.05,64.06,-0.05,-0.08%,165
2025-08-28 21:10,64.06,64.08,64.03,64.05,-0.01,-0.02%,143
2025-08-28 21:15,64.06,64.07,64.05,64.05,0,0.00%,27
2025-08-28 21:20,64.06,64.06,64.04,64.06,0.01,0.02%,27
2025-08-28 21:25,64.06,64.09,64.05,64.05,-0.01,-0.02%,44
2025-08-28 21:30,64.06,64.08,64.05,64.06,0.01,0.02%,51
2025-08-28 21:35,64.06,64.09,64.06,64.09,0.03,0.05%,57
2025-08-28 21:40,64.08,64.13,64.08,64.12,0.03,0.05%,59
2025-08-28 21:45,64.13,64.14,64.08,64.09,-0.03,-0.05%,79
2025-08-28 21:50,64.09,64.14,64.09,64.09,0,0.00%,100
2025-08-28 21:55,64.09,64.1,64.08,64.1,0.01,0.02%,29
2025-08-28 22:00,64.1,64.14,64.09,64.13,0.03,0.05%,39
2025-08-28 22:05,64.14,64.15,64.13,64.13,0,0.00%,45
2025-08-28 22:10,64.14,64.15,64.13,64.14,0.01,0.02%,26
2025-08-28 22:15,64.14,64.14,64.11,64.12,-0.02,-0.03%,52
2025-08-28 22:20,64.13,64.2,64.13,64.19,0.07,0.11%,177
2025-08-28 22:25,64.18,64.19,64.16,64.17,-0.02,-0.03%,36
2025-08-28 22:30,64.17,64.17,64.15,64.16,-0.01,-0.02%,89
2025-08-28 22:35,64.16,64.21,64.16,64.19,0.03,0.05%,75
2025-08-28 22:40,64.19,64.19,64.16,64.18,-0.01,-0.02%,36
2025-08-28 22:45,64.18,64.21,64.18,64.21,0.03,0.05%,33
2025-08-28 22:50,64.2,64.2,64.18,64.18,-0.03,-0.05%,35
2025-08-28 22:55,64.18,64.22,64.18,64.2,0.02,0.03%,102
2025-08-28 23:00,64.2,64.23,64.2,64.22,0.02,0.03%,24
2025-08-28 23:05,64.23,64.23,64.22,64.22,0,0.00%,20
2025-08-28 23:10,64.22,64.24,64.22,64.24,0.02,0.03%,72
2025-08-28 23:15,64.23,64.25,64.22,64.24,0,0.00%,76
2025-08-28 23:20,64.24,64.24,64.22,64.22,-0.02,-0.03%,47
2025-08-28 23:25,64.22,64.24,64.2,64.23,0.01,0.02%,64
2025-08-28 23:30,64.23,64.23,64.2,64.22,-0.01,-0.02%,39
2025-08-28 23:35,64.22,64.22,64.21,64.21,-0.01,-0.02%,56
2025-08-28 23:40,64.22,64.22,64.2,64.22,0.01,0.02%,70
2025-08-28 23:45,64.22,64.22,64.21,64.21,-0.01,-0.02%,73
2025-08-28 23:50,64.22,64.22,64.18,64.18,-0.03,-0.05%,51
2025-08-28 23:55,64.18,64.21,64.18,64.21,0.03,0.05%,50
2025-08-29 0:00,64.21,64.21,64.19,64.2,-0.01,-0.02%,47
2025-08-29 0:05,64.2,64.22,64.16,64.17,-0.03,-0.05%,108
2025-08-29 0:10,64.17,64.2,64.17,64.18,0.01,0.02%,43
2025-08-29 0:15,64.18,64.19,64.17,64.17,-0.01,-0.02%,61
2025-08-29 0:20,64.17,64.18,64.16,64.16,-0.01,-0.02%,36
2025-08-29 0:25,64.17,64.2,64.17,64.19,0.03,0.05%,137
2025-08-29 0:30,64.2,64.24,64.19,64.23,0.04,0.06%,90
2025-08-29 0:35,64.24,64.28,64.23,64.27,0.04,0.06%,93
2025-08-29 0:40,64.27,64.33,64.27,64.28,0.01,0.02%,205
2025-08-29 0:45,64.28,64.3,64.28,64.29,0.01,0.02%,31
2025-08-29 0:50,64.3,64.31,64.25,64.25,-0.04,-0.06%,72
2025-08-29 0:55,64.25,64.28,64.25,64.27,0.02,0.03%,64
2025-08-29 1:00,64.27,64.3,64.24,64.26,-0.01,-0.02%,166
2025-08-29 1:05,64.26,64.33,64.25,64.32,0.06,0.09%,127
2025-08-29 1:10,64.33,64.38,64.33,64.36,0.04,0.06%,253
2025-08-29 1:15,64.35,64.37,64.34,64.37,0.01,0.02%,135
2025-08-29 1:20,64.37,64.38,64.35,64.37,0,0.00%,80
2025-08-29 1:25,64.37,64.39,64.34,64.36,-0.01,-0.02%,207
2025-08-29 1:30,64.36,64.4,64.28,64.3,-0.06,-0.09%,283
2025-08-29 1:35,64.29,64.29,64.21,64.23,-0.07,-0.11%,217
2025-08-29 1:40,64.23,64.24,64.17,64.18,-0.05,-0.08%,214
2025-08-29 1:45,64.17,64.22,64.17,64.17,-0.01,-0.02%,118
2025-08-29 1:50,64.16,64.18,64.12,64.18,0.01,0.02%,209
2025-08-29 1:55,64.19,64.25,64.18,64.23,0.05,0.08%,194
2025-08-29 2:00,64.23,64.24,64.03,64.12,-0.11,-0.17%,675
2025-08-29 2:05,64.12,64.18,64.12,64.16,0.04,0.06%,174
2025-08-29 2:10,64.16,64.19,64.12,64.14,-0.02,-0.03%,158
2025-08-29 2:15,64.13,64.15,64.1,64.15,0.01,0.02%,207
2025-08-29 2:20,64.14,64.16,64.11,64.15,0,0.00%,105
2025-08-29 2:25,64.15,64.16,64.06,64.07,-0.08,-0.12%,145
2025-08-29 2:30,64.06,64.1,64.04,64.1,0.03,0.05%,220
2025-08-29 2:35,64.1,64.21,64.09,64.19,0.09,0.14%,229
2025-08-29 2:40,64.18,64.19,64.16,64.19,0,0.00%,156
2025-08-29 2:45,64.19,64.21,64.15,64.2,0.01,0.02%,144
2025-08-29 2:50,64.2,64.34,64.17,64.32,0.12,0.19%,394
2025-08-29 2:55,64.33,64.37,64.22,64.25,-0.07,-0.11%,382
2025-08-29 3:00,64.26,64.36,64.25,64.31,0.06,0.09%,348
2025-08-29 3:05,64.31,64.31,64.21,64.22,-0.09,-0.14%,429
2025-08-29 3:10,64.22,64.34,64.2,64.29,0.07,0.11%,428
2025-08-29 3:15,64.3,64.33,64.2,64.25,-0.04,-0.06%,291
2025-08-29 3:20,64.25,64.27,64.23,64.25,0,0.00%,154
2025-08-29 3:25,64.25,64.4,64.25,64.33,0.08,0.12%,2719
2025-08-29 3:30,64.32,64.41,64.21,64.22,-0.11,-0.17%,735
2025-08-29 3:35,64.22,64.29,64.16,64.17,-0.05,-0.08%,466
2025-08-29 3:40,64.16,64.27,64.13,64.19,0.02,0.03%,581
2025-08-29 3:45,64.2,64.3,64.13,64.3,0.11,0.17%,385
2025-08-29 3:50,64.3,64.34,64.25,64.27,-0.03,-0.05%,428
2025-08-29 3:55,64.27,64.27,64.15,64.16,-0.11,-0.17%,310
2025-08-29 4:00,64.18,64.29,64.18,64.25,0.09,0.14%,273
2025-08-29 4:05,64.26,64.27,64.19,64.2,-0.05,-0.08%,138
2025-08-29 4:10,64.2,64.2,64.1,64.12,-0.08,-0.12%,384
2025-08-29 4:15,64.13,64.17,64.11,64.13,0.01,0.02%,155
2025-08-29 4:20,64.13,64.14,64.09,64.1,-0.03,-0.05%,214
2025-08-29 4:25,64.1,64.1,64,64.02,-0.08,-0.12%,1099
2025-08-29 4:30,64.02,64.13,64,64.13,0.11,0.17%,480
2025-08-29 4:35,64.13,64.28,64.11,64.26,0.13,0.20%,630
2025-08-29 4:40,64.26,64.32,64.24,64.26,0,0.00%,702
2025-08-29 4:45,64.27,64.28,64.23,64.23,-0.03,-0.05%,188
2025-08-29 4:50,64.23,64.3,64.2,64.29,0.06,0.09%,342
2025-08-29 4:55,64.28,64.28,64.24,64.24,-0.05,-0.08%,132
2025-08-29 5:00,64.24,64.24,64.1,64.16,-0.08,-0.12%,663
2025-08-29 5:05,64.17,64.25,64.15,64.2,0.04,0.06%,229
2025-08-29 5:10,64.2,64.29,64.2,64.25,0.05,0.08%,238
2025-08-29 5:15,64.25,64.35,64.23,64.32,0.07,0.11%,334
2025-08-29 5:20,64.31,64.33,64.27,64.3,-0.02,-0.03%,197
2025-08-29 5:25,64.31,64.33,64.18,64.19,-0.11,-0.17%,248
2025-08-29 5:30,64.19,64.22,64.16,64.18,-0.01,-0.02%,220
2025-08-29 5:35,64.18,64.29,64.18,64.29,0.11,0.17%,204
2025-08-29 5:40,64.29,64.33,64.27,64.32,0.03,0.05%,122
2025-08-29 5:45,64.32,64.39,64.3,64.33,0.01,0.02%,514
2025-08-29 5:50,64.32,64.42,64.31,64.36,0.03,0.05%,379
2025-08-29 5:55,64.36,64.37,64.31,64.34,-0.02,-0.03%,183
2025-08-29 6:00,64.33,64.4,64.32,64.39,0.05,0.08%,245
2025-08-29 6:05,64.39,64.4,64.32,64.35,-0.04,-0.06%,193
2025-08-29 6:10,64.35,64.37,64.34,64.36,0.01,0.02%,137
2025-08-29 6:15,64.36,64.39,64.31,64.37,0.01,0.02%,358
2025-08-29 6:20,64.37,64.38,64.32,64.36,-0.01,-0.02%,255
2025-08-29 6:25,64.37,64.43,64.33,64.35,-0.01,-0.02%,497
2025-08-29 6:30,64.34,64.38,64.26,64.29,-0.06,-0.09%,344
2025-08-29 6:35,64.29,64.31,64.26,64.29,0,0.00%,140
2025-08-29 6:40,64.3,64.4,64.3,64.4,0.11,0.17%,134
2025-08-29 6:45,64.4,64.4,64.34,64.36,-0.04,-0.06%,257
2025-08-29 6:50,64.36,64.37,64.34,64.35,-0.01,-0.02%,101
2025-08-29 6:55,64.35,64.43,64.28,64.4,0.05,0.08%,611
2025-08-29 7:00,64.41,64.41,64.33,64.35,-0.05,-0.08%,377
2025-08-29 7:05,64.34,64.39,64.33,64.39,0.04,0.06%,362
2025-08-29 7:10,64.39,64.39,64.37,64.38,-0.01,-0.02%,378
2025-08-29 7:15,64.39,64.41,64.33,64.36,-0.02,-0.03%,352
2025-08-29 7:20,64.37,64.47,64.37,64.37,0.01,0.02%,787
2025-08-29 7:25,64.37,64.39,64.35,64.36,-0.01,-0.02%,334
2025-08-29 7:30,64.37,64.43,64.35,64.41,0.05,0.08%,310
2025-08-29 7:35,64.41,64.45,64.4,64.44,0.03,0.05%,235
2025-08-29 7:40,64.44,64.47,64.43,64.45,0.01,0.02%,375
2025-08-29 7:45,64.45,64.52,64.44,64.51,0.06,0.09%,680
2025-08-29 7:50,64.51,64.55,64.5,64.52,0.01,0.02%,385
2025-08-29 7:55,64.51,64.55,64.48,64.49,-0.03,-0.05%,663
2025-08-29 8:00,64.49,64.53,64.34,64.41,-0.08,-0.12%,1633
2025-08-29 8:05,64.41,64.45,64.28,64.31,-0.1,-0.16%,752
2025-08-29 8:10,64.31,64.38,64.31,64.37,0.06,0.09%,517
2025-08-29 8:15,64.37,64.4,64.34,64.36,-0.01,-0.02%,621
2025-08-29 8:20,64.36,64.46,64.34,64.4,0.04,0.06%,748
2025-08-29 8:25,64.4,64.43,64.34,64.43,0.03,0.05%,439
2025-08-29 8:30,64.43,64.47,64.38,64.41,-0.02,-0.03%,1074
2025-08-29 8:35,64.41,64.41,64.35,64.39,-0.02,-0.03%,443
2025-08-29 8:40,64.39,64.49,64.36,64.44,0.05,0.08%,1366
2025-08-29 8:45,64.44,64.49,64.3,64.41,-0.03,-0.05%,1513
2025-08-29 8:50,64.42,64.43,64.33,64.35,-0.06,-0.09%,500
2025-08-29 8:55,64.34,64.39,64.26,64.38,0.03,0.05%,746
2025-08-29 9:00,64.36,64.5,64.31,64.4,0.02,0.03%,1503
2025-08-29 9:05,64.4,64.4,64.11,64.26,-0.14,-0.22%,2087
2025-08-29 9:10,64.27,64.32,64.16,64.2,-0.06,-0.09%,899
2025-08-29 9:15,64.2,64.2,64.07,64.08,-0.12,-0.19%,1200
2025-08-29 9:20,64.09,64.17,64.04,64.13,0.05,0.08%,1211
2025-08-29 9:25,64.13,64.14,64.03,64.1,-0.03,-0.05%,819
2025-08-29 9:30,64.11,64.14,63.95,63.96,-0.14,-0.22%,1819
2025-08-29 9:35,63.96,64.03,63.93,63.95,-0.01,-0.02%,1171
2025-08-29 9:40,63.94,64.06,63.92,64,0.05,0.08%,1201
2025-08-29 9:45,64,64.06,64,64.05,0.05,0.08%,643
2025-08-29 9:50,64.05,64.05,63.94,63.97,-0.08,-0.12%,1016
2025-08-29 9:55,63.98,64.13,63.98,64.11,0.14,0.22%,1271
2025-08-29 10:00,64.12,64.15,63.94,63.95,-0.16,-0.25%,1250
2025-08-29 10:05,63.95,64.1,63.95,64.06,0.11,0.17%,741
2025-08-29 10:10,64.06,64.07,64.02,64.05,-0.01,-0.02%,698
2025-08-29 10:15,64.04,64.08,64,64.07,0.02,0.03%,512
2025-08-29 10:20,64.07,64.12,63.99,64.01,-0.06,-0.09%,667
2025-08-29 10:25,64.01,64.07,64,64.05,0.04,0.06%,743
2025-08-29 10:30,64.05,64.05,63.96,64,-0.05,-0.08%,834
2025-08-29 10:35,63.99,64.09,63.95,64.04,0.04,0.06%,860
2025-08-29 10:40,64.04,64.1,63.99,64.09,0.05,0.08%,744
2025-08-29 10:45,64.1,64.15,64.08,64.1,0.01,0.02%,676
2025-08-29 10:50,64.11,64.32,64.07,64.3,0.2,0.31%,1325
2025-08-29 10:55,64.31,64.34,64.18,64.2,-0.1,-0.16%,1156
2025-08-29 11:00,64.2,64.22,64.1,64.14,-0.06,-0.09%,1079
2025-08-29 11:05,64.13,64.13,64.03,64.06,-0.08,-0.12%,979
2025-08-29 11:10,64.06,64.09,64.03,64.07,0.01,0.02%,514
2025-08-29 11:15,64.06,64.12,64.05,64.08,0.01,0.02%,657
2025-08-29 11:20,64.08,64.12,64.08,64.1,0.02,0.03%,470
2025-08-29 11:25,64.1,64.14,64.08,64.11,0.01,0.02%,501
2025-08-29 11:30,64.1,64.11,63.98,64,-0.11,-0.17%,860
2025-08-29 11:35,64,64.02,63.88,63.95,-0.05,-0.08%,1203
2025-08-29 11:40,63.94,63.95,63.91,63.95,0,0.00%,420
2025-08-29 11:45,63.95,64.02,63.95,64.01,0.06,0.09%,591
2025-08-29 11:50,64.01,64.02,63.95,63.97,-0.04,-0.06%,383
2025-08-29 11:55,63.98,64.03,63.98,64.01,0.04,0.06%,593
2025-08-29 12:00,64.01,64.01,63.95,63.95,-0.06,-0.09%,405
2025-08-29 12:05,63.95,64.09,63.95,64.05,0.1,0.16%,896
2025-08-29 12:10,64.05,64.09,64.04,64.04,-0.01,-0.02%,513
2025-08-29 12:15,64.04,64.16,64.04,64.1,0.06,0.09%,856
2025-08-29 12:20,64.11,64.11,63.95,63.99,-0.11,-0.17%,873
2025-08-29 12:25,63.99,64.06,63.96,64.04,0.05,0.08%,483
2025-08-29 12:30,64.05,64.05,63.97,64,-0.04,-0.06%,388
2025-08-29 12:35,63.99,64.02,63.95,63.95,-0.05,-0.08%,417
2025-08-29 12:40,63.94,64.01,63.92,63.98,0.03,0.05%,544
2025-08-29 12:45,63.98,64.06,63.98,64.05,0.07,0.11%,392
2025-08-29 12:50,64.04,64.06,64,64.04,-0.01,-0.02%,423
2025-08-29 12:55,64.04,64.06,63.97,64.03,-0.01,-0.02%,776
2025-08-29 13:00,64.02,64.07,63.99,64.02,-0.01,-0.02%,863
2025-08-29 13:05,64.02,64.02,63.96,63.98,-0.04,-0.06%,488
2025-08-29 13:10,63.99,64.02,63.97,63.99,0.01,0.02%,533
2025-08-29 13:15,64,64.01,63.98,64.01,0.02,0.03%,690
2025-08-29 13:20,64,64.09,63.96,64.07,0.06,0.09%,1368
2025-08-29 13:25,64.07,64.12,63.98,64.01,-0.06,-0.09%,6527
2025-08-29 13:30,64,64.02,63.96,63.99,-0.02,-0.03%,1827
2025-08-29 13:35,63.99,64.02,63.95,64,0.01,0.02%,597
2025-08-29 13:40,64.01,64.03,64,64,0,0.00%,557
2025-08-29 13:45,64.01,64.01,63.96,63.96,-0.04,-0.06%,355
2025-08-29 13:50,63.95,64,63.93,63.98,0.02,0.03%,752
2025-08-29 13:55,63.98,64.02,63.98,64.01,0.03,0.05%,311
2025-08-29 14:00,64,64.01,63.98,63.99,-0.02,-0.03%,259
2025-08-29 14:05,63.98,64,63.98,63.98,-0.01,-0.02%,271
2025-08-29 14:10,63.97,63.97,63.94,63.94,-0.04,-0.06%,334
2025-08-29 14:15,63.95,63.99,63.93,63.98,0.04,0.06%,357
2025-08-29 14:20,63.98,64.04,63.98,64,0.02,0.03%,419
2025-08-29 14:25,64,64.02,63.97,63.99,-0.01,-0.02%,386
2025-08-29 14:30,63.99,64,63.93,63.94,-0.05,-0.08%,439
2025-08-29 14:35,63.94,63.96,63.93,63.96,0.02,0.03%,222
2025-08-29 14:40,63.96,63.99,63.95,63.98,0.02,0.03%,209
2025-08-29 14:45,63.97,64,63.97,63.97,-0.01,-0.02%,289
2025-08-29 14:50,63.98,64,63.95,63.97,0,0.00%,246
2025-08-29 14:55,63.97,64,63.96,63.97,0,0.00%,269
2025-08-29 15:00,63.97,64.01,63.97,63.98,0.01,0.02%,290
2025-08-29 15:05,63.99,64.04,63.98,64.03,0.05,0.08%,471
2025-08-29 15:10,64.03,64.04,64.01,64.04,0.01,0.02%,102
2025-08-29 15:15,64.03,64.05,64.03,64.03,-0.01,-0.02%,120
2025-08-29 15:20,64.04,64.05,64.01,64.02,-0.01,-0.02%,115
2025-08-29 15:25,64.02,64.03,64,64.03,0.01,0.02%,85
2025-08-29 15:30,64.02,64.02,63.96,63.98,-0.05,-0.08%,190
2025-08-29 15:35,63.98,63.99,63.97,63.98,0,0.00%,32
2025-08-29 15:40,63.99,64.01,63.97,63.98,0,0.00%,143
2025-08-29 15:45,63.98,63.98,63.95,63.97,-0.01,-0.02%,123
2025-08-29 15:50,63.98,64,63.96,63.98,0.01,0.02%,432
2025-08-29 15:55,63.98,64.04,63.97,64.01,0.03,0.05%,153
2025-08-31 17:00,63.95,64.04,63.94,63.95,-0.06,-0.09%,147
2025-08-31 17:05,63.96,63.97,63.9,63.93,-0.02,-0.03%,169
2025-08-31 17:10,63.94,63.98,63.94,63.97,0.04,0.06%,63
2025-08-31 17:15,63.96,63.97,63.95,63.97,0,0.00%,13
2025-08-31 17:20,63.97,63.98,63.96,63.98,0.01,0.02%,44
2025-08-31 17:25,63.97,63.97,63.96,63.97,-0.01,-0.02%,19
2025-08-31 17:30,63.98,64,63.97,64,0.03,0.05%,60
2025-08-31 17:35,64,64.01,63.96,63.96,-0.04,-0.06%,48
2025-08-31 17:40,63.96,63.96,63.95,63.95,-0.01,-0.02%,31
2025-08-31 17:45,63.96,63.97,63.95,63.97,0.02,0.03%,23
2025-08-31 17:50,63.97,63.97,63.96,63.96,-0.01,-0.02%,12
2025-08-31 17:55,63.97,63.97,63.96,63.97,0.01,0.02%,17
2025-08-31 18:00,63.96,63.97,63.95,63.95,-0.02,-0.03%,20
2025-08-31 18:05,63.94,63.95,63.93,63.95,0,0.00%,20
2025-08-31 18:10,63.94,63.94,63.92,63.93,-0.02,-0.03%,26
2025-08-31 18:15,63.92,63.94,63.91,63.94,0.01,0.02%,18
2025-08-31 18:20,63.94,63.94,63.92,63.92,-0.02,-0.03%,9
2025-08-31 18:25,63.93,63.93,63.91,63.93,0.01,0.02%,23
2025-08-31 18:30,63.93,63.93,63.92,63.92,-0.01,-0.02%,5
2025-08-31 18:40,63.92,63.93,63.92,63.93,0.01,0.02%,10
2025-08-31 18:45,63.94,63.97,63.94,63.96,0.03,0.05%,23
2025-08-31 18:50,63.95,63.96,63.95,63.96,0,0.00%,3
2025-08-31 18:55,63.96,63.96,63.96,63.96,0,0.00%,3
2025-08-31 19:00,63.95,63.95,63.89,63.91,-0.05,-0.08%,103
2025-08-31 19:05,63.91,63.92,63.9,63.92,0.01,0.02%,152
2025-08-31 19:10,63.93,63.95,63.93,63.95,0.03,0.05%,24
2025-08-31 19:15,63.95,63.95,63.94,63.94,-0.01,-0.02%,8
2025-08-31 19:20,63.95,63.95,63.94,63.94,0,0.00%,19
2025-08-31 19:25,63.93,63.93,63.92,63.93,-0.01,-0.02%,16
2025-08-31 19:30,63.93,63.93,63.87,63.89,-0.04,-0.06%,73
2025-08-31 19:35,63.88,63.88,63.85,63.88,-0.01,-0.02%,71
2025-08-31 19:40,63.88,63.89,63.87,63.88,0,0.00%,19
2025-08-31 19:45,63.88,63.9,63.88,63.89,0.01,0.02%,37
2025-08-31 19:50,63.89,63.9,63.89,63.9,0.01,0.02%,6
2025-08-31 19:55,63.9,63.93,63.9,63.91,0.01,0.02%,40
2025-08-31 20:00,63.9,63.9,63.78,63.88,-0.03,-0.05%,274
2025-08-31 20:05,63.88,63.88,63.83,63.85,-0.03,-0.05%,51
2025-08-31 20:10,63.84,63.85,63.77,63.81,-0.04,-0.06%,76
2025-08-31 20:15,63.81,63.82,63.73,63.75,-0.06,-0.09%,139
2025-08-31 20:20,63.74,63.77,63.73,63.74,-0.01,-0.02%,93
2025-08-31 20:25,63.75,63.78,63.75,63.77,0.03,0.05%,58
2025-08-31 20:30,63.78,63.78,63.75,63.77,0,0.00%,32
2025-08-31 20:35,63.75,63.75,63.67,63.7,-0.07,-0.11%,378
2025-08-31 20:40,63.7,63.75,63.69,63.74,0.04,0.06%,73
2025-08-31 20:45,63.75,63.78,63.74,63.77,0.03,0.05%,67
2025-08-31 20:50,63.77,63.77,63.74,63.74,-0.03,-0.05%,31
2025-08-31 20:55,63.73,63.74,63.72,63.73,-0.01,-0.02%,62
2025-08-31 21:00,63.73,63.73,63.66,63.73,0,0.00%,132
2025-08-31 21:05,63.71,63.75,63.7,63.74,0.01,0.02%,70
2025-08-31 21:10,63.75,63.75,63.72,63.73,-0.01,-0.02%,47
2025-08-31 21:15,63.73,63.74,63.72,63.73,0,0.00%,16
2025-08-31 21:20,63.72,63.75,63.72,63.73,0,0.00%,23
2025-08-31 21:25,63.74,63.83,63.74,63.79,0.06,0.09%,141
2025-08-31 21:30,63.8,63.81,63.77,63.78,-0.01,-0.02%,44
2025-08-31 21:35,63.77,63.78,63.76,63.78,0,0.00%,41
2025-08-31 21:40,63.78,63.82,63.76,63.82,0.04,0.06%,80
2025-08-31 21:45,63.82,63.82,63.76,63.76,-0.06,-0.09%,60
2025-08-31 21:50,63.75,63.79,63.73,63.78,0.02,0.03%,59
2025-08-31 21:55,63.78,63.79,63.77,63.78,0,0.00%,22
2025-08-31 22:00,63.78,63.79,63.76,63.77,-0.01,-0.02%,46
2025-08-31 22:05,63.76,63.79,63.76,63.77,0,0.00%,49
2025-08-31 22:10,63.78,63.79,63.77,63.79,0.02,0.03%,59
2025-08-31 22:15,63.79,63.82,63.79,63.82,0.03,0.05%,23
2025-08-31 22:20,63.82,63.82,63.78,63.78,-0.04,-0.06%,30
2025-08-31 22:25,63.78,63.79,63.76,63.78,0,0.00%,48
2025-08-31 22:30,63.77,63.79,63.76,63.77,-0.01,-0.02%,43
2025-08-31 22:35,63.77,63.78,63.77,63.78,0.01,0.02%,25
2025-08-31 22:40,63.78,63.79,63.78,63.78,0,0.00%,21
2025-08-31 22:45,63.8,63.8,63.77,63.78,0,0.00%,63
2025-08-31 22:50,63.79,63.79,63.75,63.75,-0.03,-0.05%,19
2025-08-31 22:55,63.76,63.76,63.74,63.75,0,0.00%,44
2025-08-31 23:00,63.76,63.76,63.73,63.74,-0.01,-0.02%,33
2025-08-31 23:05,63.74,63.74,63.72,63.74,0,0.00%,44
2025-08-31 23:10,63.74,63.75,63.73,63.75,0.01,0.02%,37
2025-08-31 23:15,63.74,63.74,63.73,63.74,-0.01,-0.02%,16
2025-08-31 23:20,63.74,63.75,63.74,63.74,0,0.00%,15
2025-08-31 23:25,63.75,63.75,63.73,63.73,-0.01,-0.02%,22
2025-08-31 23:30,63.73,63.73,63.71,63.73,0,0.00%,41
2025-08-31 23:35,63.73,63.74,63.72,63.73,0,0.00%,30
2025-08-31 23:40,63.73,63.74,63.73,63.73,0,0.00%,17
2025-08-31 23:45,63.73,63.73,63.73,63.73,0,0.00%,5
2025-08-31 23:50,63.74,63.75,63.73,63.73,0,0.00%,29
2025-08-31 23:55,63.74,63.74,63.73,63.73,0,0.00%,14
2025-09-01 0:00,63.74,63.76,63.73,63.75,0.02,0.03%,66
2025-09-01 0:05,63.76,63.77,63.76,63.77,0.02,0.03%,52
2025-09-01 0:10,63.76,63.76,63.75,63.76,-0.01,-0.02%,23
2025-09-01 0:15,63.76,63.77,63.75,63.77,0.01,0.02%,40
2025-09-01 0:20,63.78,63.79,63.77,63.77,0,0.00%,34
2025-09-01 0:25,63.76,63.78,63.76,63.78,0.01,0.02%,16
2025-09-01 0:30,63.79,63.8,63.78,63.79,0.01,0.02%,51
2025-09-01 0:35,63.8,63.8,63.78,63.8,0.01,0.02%,98
2025-09-01 0:40,63.79,63.79,63.71,63.74,-0.06,-0.09%,59
2025-09-01 0:45,63.75,63.75,63.7,63.73,-0.01,-0.02%,60
2025-09-01 0:50,63.74,63.77,63.74,63.77,0.04,0.06%,27
2025-09-01 0:55,63.77,63.82,63.77,63.8,0.03,0.05%,198
2025-09-01 1:00,63.8,63.92,63.8,63.89,0.09,0.14%,219
2025-09-01 1:05,63.9,63.91,63.87,63.91,0.02,0.03%,113
2025-09-01 1:10,63.92,64.07,63.92,64.05,0.14,0.22%,325
2025-09-01 1:15,64.05,64.14,64.05,64.11,0.06,0.09%,282
2025-09-01 1:20,64.11,64.16,64.09,64.09,-0.02,-0.03%,315
2025-09-01 1:25,64.1,64.13,64.07,64.12,0.03,0.05%,141
2025-09-01 1:30,64.12,64.15,64.09,64.1,-0.02,-0.03%,241
2025-09-01 1:35,64.11,64.13,64.08,64.13,0.03,0.05%,140
2025-09-01 1:40,64.13,64.18,64.13,64.18,0.05,0.08%,103
2025-09-01 1:45,64.17,64.2,64.16,64.16,-0.02,-0.03%,187
2025-09-01 1:50,64.17,64.17,64.11,64.12,-0.04,-0.06%,107
2025-09-01 1:55,64.12,64.15,64.1,64.15,0.03,0.05%,98
2025-09-01 2:00,64.14,64.14,64.07,64.14,-0.01,-0.02%,243
2025-09-01 2:05,64.14,64.28,64.14,64.22,0.08,0.12%,525
2025-09-01 2:10,64.23,64.35,64.22,64.31,0.09,0.14%,359
2025-09-01 2:15,64.32,64.34,64.28,64.32,0.01,0.02%,176
2025-09-01 2:20,64.31,64.35,64.3,64.33,0.01,0.02%,189
2025-09-01 2:25,64.33,64.35,64.29,64.35,0.02,0.03%,394
2025-09-01 2:30,64.34,64.41,64.33,64.39,0.04,0.06%,393
2025-09-01 2:35,64.38,64.4,64.34,64.38,-0.01,-0.02%,276
2025-09-01 2:40,64.37,64.39,64.35,64.37,-0.01,-0.02%,140
2025-09-01 2:45,64.37,64.42,64.37,64.37,0,0.00%,242
2025-09-01 2:50,64.37,64.39,64.33,64.35,-0.02,-0.03%,200
2025-09-01 2:55,64.35,64.35,64.28,64.31,-0.04,-0.06%,231
2025-09-01 3:00,64.31,64.34,64.21,64.23,-0.08,-0.12%,328
2025-09-01 3:05,64.23,64.27,64.18,64.27,0.04,0.06%,261
2025-09-01 3:10,64.27,64.31,64.23,64.3,0.03,0.05%,155
2025-09-01 3:15,64.3,64.35,64.3,64.32,0.02,0.03%,121
2025-09-01 3:20,64.33,64.36,64.31,64.32,0,0.00%,99
2025-09-01 3:25,64.33,64.35,64.29,64.3,-0.02,-0.03%,341
2025-09-01 3:30,64.31,64.34,64.28,64.33,0.03,0.05%,300
2025-09-01 3:35,64.33,64.34,64.26,64.27,-0.06,-0.09%,81
2025-09-01 3:40,64.29,64.32,64.29,64.31,0.04,0.06%,65
2025-09-01 3:45,64.32,64.36,64.31,64.35,0.04,0.06%,127
2025-09-01 3:50,64.35,64.4,64.34,64.37,0.02,0.03%,427
2025-09-01 3:55,64.38,64.5,64.38,64.49,0.12,0.19%,586
2025-09-01 4:00,64.49,64.65,64.49,64.63,0.14,0.22%,1386
2025-09-01 4:05,64.63,64.76,64.62,64.74,0.11,0.17%,2132
2025-09-01 4:10,64.75,64.75,64.73,64.75,0.01,0.02%,442
2025-09-01 4:15,64.75,64.78,64.73,64.74,-0.01,-0.02%,370
2025-09-01 4:20,64.74,64.8,64.74,64.78,0.04,0.06%,383
2025-09-01 4:25,64.78,64.78,64.65,64.69,-0.09,-0.14%,877
2025-09-01 4:30,64.69,64.71,64.67,64.69,0,0.00%,190
2025-09-01 4:35,64.69,64.71,64.66,64.68,-0.01,-0.02%,282
2025-09-01 4:40,64.68,64.74,64.68,64.71,0.03,0.05%,243
2025-09-01 4:45,64.7,64.73,64.69,64.7,-0.01,-0.02%,216
2025-09-01 4:50,64.69,64.72,64.67,64.69,-0.01,-0.02%,159
2025-09-01 4:55,64.68,64.74,64.67,64.73,0.04,0.06%,226
2025-09-01 5:00,64.72,64.73,64.62,64.67,-0.06,-0.09%,214
2025-09-01 5:05,64.66,64.66,64.6,64.65,-0.02,-0.03%,212
2025-09-01 5:10,64.65,64.69,64.64,64.64,-0.01,-0.02%,181
2025-09-01 5:15,64.65,64.67,64.63,64.67,0.03,0.05%,158
2025-09-01 5:20,64.66,64.68,64.65,64.66,-0.01,-0.02%,199
2025-09-01 5:25,64.66,64.67,64.64,64.66,0,0.00%,68
2025-09-01 5:30,64.66,64.66,64.58,64.61,-0.05,-0.08%,186
2025-09-01 5:35,64.61,64.63,64.58,64.59,-0.02,-0.03%,118
2025-09-01 5:40,64.59,64.6,64.56,64.58,-0.01,-0.02%,125
2025-09-01 5:45,64.58,64.61,64.58,64.59,0.01,0.02%,44
2025-09-01 5:50,64.58,64.63,64.58,64.63,0.04,0.06%,179
2025-09-01 5:55,64.63,64.65,64.61,64.63,0,0.00%,152
2025-09-01 6:00,64.63,64.72,64.62,64.69,0.06,0.09%,501
2025-09-01 6:05,64.69,64.7,64.66,64.68,-0.01,-0.02%,102
2025-09-01 6:10,64.67,64.72,64.65,64.7,0.02,0.03%,164
2025-09-01 6:15,64.69,64.7,64.64,64.69,-0.01,-0.02%,204
2025-09-01 6:20,64.68,64.69,64.64,64.65,-0.04,-0.06%,89
2025-09-01 6:25,64.65,64.66,64.62,64.64,-0.01,-0.02%,115
2025-09-01 6:30,64.65,64.67,64.64,64.65,0.01,0.02%,72
2025-09-01 6:35,64.66,64.69,64.65,64.69,0.04,0.06%,174
2025-09-01 6:40,64.69,64.69,64.66,64.67,-0.02,-0.03%,76
2025-09-01 6:45,64.65,64.66,64.63,64.65,-0.02,-0.03%,82
2025-09-01 6:50,64.65,64.67,64.65,64.66,0.01,0.02%,53
2025-09-01 6:55,64.66,64.72,64.66,64.71,0.05,0.08%,143
2025-09-01 7:00,64.71,64.82,64.71,64.72,0.01,0.02%,435
2025-09-01 7:05,64.72,64.79,64.72,64.77,0.05,0.08%,188
2025-09-01 7:10,64.77,64.85,64.75,64.83,0.06,0.09%,431
2025-09-01 7:15,64.83,64.86,64.77,64.78,-0.05,-0.08%,357
2025-09-01 7:20,64.79,64.84,64.74,64.83,0.05,0.08%,372
2025-09-01 7:25,64.83,64.83,64.78,64.8,-0.03,-0.05%,290
2025-09-01 7:30,64.81,64.82,64.76,64.78,-0.02,-0.03%,367
2025-09-01 7:35,64.79,64.84,64.78,64.83,0.05,0.08%,190
2025-09-01 7:40,64.83,64.86,64.81,64.84,0.01,0.02%,334
2025-09-01 7:45,64.85,64.85,64.79,64.8,-0.04,-0.06%,210
2025-09-01 7:50,64.81,64.83,64.78,64.82,0.02,0.03%,146
2025-09-01 7:55,64.83,64.83,64.77,64.81,-0.01,-0.02%,225
2025-09-01 8:00,64.81,64.81,64.66,64.66,-0.15,-0.23%,759
2025-09-01 8:05,64.66,64.75,64.66,64.71,0.05,0.08%,397
2025-09-01 8:10,64.72,64.72,64.65,64.67,-0.04,-0.06%,367
2025-09-01 8:15,64.67,64.82,64.67,64.78,0.11,0.17%,301
2025-09-01 8:20,64.78,64.84,64.76,64.81,0.03,0.05%,374
2025-09-01 8:25,64.81,64.81,64.72,64.77,-0.04,-0.06%,433
2025-09-01 8:30,64.77,64.81,64.75,64.78,0.01,0.02%,317
2025-09-01 8:35,64.77,64.78,64.72,64.74,-0.04,-0.06%,322
2025-09-01 8:40,64.73,64.75,64.67,64.75,0.01,0.02%,421
2025-09-01 8:45,64.74,64.85,64.73,64.82,0.07,0.11%,331
2025-09-01 8:50,64.82,64.87,64.79,64.8,-0.02,-0.03%,412
2025-09-01 8:55,64.79,64.82,64.78,64.82,0.02,0.03%,345
2025-09-01 9:00,64.83,64.85,64.79,64.79,-0.03,-0.05%,307
2025-09-01 9:05,64.78,64.78,64.75,64.77,-0.02,-0.03%,272
2025-09-01 9:10,64.77,64.78,64.74,64.76,-0.01,-0.02%,540
2025-09-01 9:15,64.77,64.78,64.68,64.73,-0.03,-0.05%,391
2025-09-01 9:20,64.73,64.73,64.67,64.71,-0.02,-0.03%,297
2025-09-01 9:25,64.71,64.77,64.71,64.71,0,0.00%,165
2025-09-01 9:30,64.71,64.74,64.68,64.71,0,0.00%,249
2025-09-01 9:35,64.71,64.74,64.66,64.7,-0.01,-0.02%,261
2025-09-01 9:40,64.7,64.73,64.69,64.71,0.01,0.02%,187
2025-09-01 9:45,64.71,64.74,64.68,64.69,-0.02,-0.03%,318
2025-09-01 9:50,64.69,64.74,64.69,64.71,0.02,0.03%,235
2025-09-01 9:55,64.7,64.7,64.67,64.69,-0.02,-0.03%,295
2025-09-01 10:00,64.68,64.73,64.67,64.72,0.03,0.05%,298
2025-09-01 10:05,64.72,64.83,64.72,64.82,0.1,0.15%,492
2025-09-01 10:10,64.82,64.88,64.81,64.85,0.03,0.05%,328
2025-09-01 10:15,64.85,64.88,64.76,64.76,-0.09,-0.14%,550
2025-09-01 10:20,64.76,64.76,64.65,64.66,-0.1,-0.15%,507
2025-09-01 10:25,64.66,64.72,64.6,64.67,0.01,0.02%,1042
2025-09-01 10:30,64.67,64.75,64.64,64.75,0.08,0.12%,890
2025-09-01 10:35,64.75,64.81,64.71,64.75,0,0.00%,332
2025-09-01 10:40,64.75,64.78,64.73,64.77,0.02,0.03%,241
2025-09-01 10:45,64.78,64.84,64.78,64.8,0.03,0.05%,295
2025-09-01 10:50,64.8,64.81,64.75,64.79,-0.01,-0.02%,318
2025-09-01 10:55,64.79,64.8,64.74,64.74,-0.05,-0.08%,146
2025-09-01 11:00,64.73,64.78,64.69,64.69,-0.05,-0.08%,457
2025-09-01 11:05,64.7,64.8,64.7,64.77,0.08,0.12%,319
2025-09-01 11:10,64.77,64.77,64.74,64.74,-0.03,-0.05%,129
2025-09-01 11:15,64.73,64.77,64.71,64.77,0.03,0.05%,190
2025-09-01 11:20,64.77,64.79,64.73,64.74,-0.03,-0.05%,360
2025-09-01 11:25,64.74,64.76,64.72,64.72,-0.02,-0.03%,186
2025-09-01 11:30,64.73,64.73,64.65,64.68,-0.04,-0.06%,260
2025-09-01 11:35,64.68,64.69,64.61,64.64,-0.04,-0.06%,263
2025-09-01 11:40,64.63,64.66,64.62,64.63,-0.01,-0.02%,159
2025-09-01 11:45,64.64,64.66,64.61,64.61,-0.02,-0.03%,133
2025-09-01 11:50,64.62,64.68,64.6,64.66,0.05,0.08%,201
2025-09-01 11:55,64.64,64.7,64.64,64.68,0.02,0.03%,241
2025-09-01 12:00,64.67,64.67,64.63,64.66,-0.02,-0.03%,96
2025-09-01 12:05,64.66,64.71,64.66,64.69,0.03,0.05%,110
2025-09-01 12:10,64.68,64.69,64.66,64.68,-0.01,-0.02%,66
2025-09-01 12:15,64.68,64.69,64.66,64.66,-0.02,-0.03%,33
2025-09-01 12:20,64.67,64.68,64.67,64.67,0.01,0.02%,25
2025-09-01 12:25,64.68,64.69,64.66,64.67,0,0.00%,102
2025-09-01 12:30,64.68,64.69,64.67,64.67,0,0.00%,43
2025-09-01 12:35,64.67,64.68,64.63,64.67,0,0.00%,140
2025-09-01 12:40,64.67,64.68,64.67,64.68,0.01,0.02%,26
2025-09-01 12:45,64.67,64.67,64.64,64.66,-0.02,-0.03%,67
2025-09-01 12:50,64.65,64.66,64.65,64.66,0,0.00%,14
2025-09-01 12:55,64.65,64.66,64.64,64.64,-0.02,-0.03%,51
2025-09-01 13:00,64.64,64.66,64.61,64.64,0,0.00%,124
2025-09-01 13:05,64.65,64.65,64.63,64.63,-0.01,-0.02%,6
2025-09-01 13:10,64.65,64.67,64.63,64.67,0.04,0.06%,27
2025-09-01 13:15,64.66,64.69,64.65,64.66,-0.01,-0.02%,77
2025-09-01 13:20,64.66,64.67,64.61,64.63,-0.03,-0.05%,154
2025-09-01 13:25,64.63,64.65,64.61,64.61,-0.02,-0.03%,96
2025-09-01 17:00,64.67,64.67,64.47,64.59,-0.02,-0.03%,270
2025-09-01 17:05,64.59,64.59,64.55,64.57,-0.02,-0.03%,68
2025-09-01 17:10,64.56,64.61,64.55,64.57,0,0.00%,285
2025-09-01 17:15,64.57,64.58,64.55,64.57,0,0.00%,146
2025-09-01 17:20,64.56,64.6,64.55,64.58,0.01,0.02%,60
2025-09-01 17:25,64.56,64.56,64.55,64.56,-0.02,-0.03%,21
2025-09-01 17:30,64.55,64.57,64.54,64.55,-0.01,-0.02%,22
2025-09-01 17:35,64.55,64.56,64.53,64.54,-0.01,-0.02%,49
2025-09-01 17:40,64.54,64.54,64.53,64.54,0,0.00%,7
2025-09-01 17:45,64.55,64.55,64.54,64.54,0,0.00%,6
2025-09-01 17:50,64.55,64.57,64.55,64.57,0.03,0.05%,9
2025-09-01 17:55,64.56,64.56,64.55,64.56,-0.01,-0.02%,10
2025-09-01 18:00,64.57,64.58,64.56,64.58,0.02,0.03%,17
2025-09-01 18:05,64.58,64.59,64.56,64.59,0.01,0.02%,30
2025-09-01 18:10,64.57,64.57,64.57,64.57,-0.02,-0.03%,6
2025-09-01 18:20,64.57,64.58,64.57,64.58,0.01,0.02%,12
2025-09-01 18:25,64.58,64.58,64.57,64.57,-0.01,-0.02%,3
2025-09-01 18:30,64.57,64.61,64.57,64.6,0.03,0.05%,25
2025-09-01 18:35,64.6,64.64,64.6,64.64,0.04,0.06%,28
2025-09-01 18:40,64.63,64.63,64.61,64.61,-0.03,-0.05%,28
2025-09-01 18:45,64.62,64.63,64.61,64.63,0.02,0.03%,13
2025-09-01 18:50,64.63,64.63,64.61,64.62,-0.01,-0.02%,6
2025-09-01 18:55,64.62,64.64,64.62,64.64,0.02,0.03%,23
2025-09-01 19:00,64.64,64.73,64.61,64.72,0.08,0.12%,413
2025-09-01 19:05,64.72,64.73,64.69,64.71,-0.01,-0.02%,121
2025-09-01 19:10,64.72,64.75,64.71,64.75,0.04,0.06%,98
2025-09-01 19:15,64.75,64.78,64.75,64.77,0.02,0.03%,79
2025-09-01 19:20,64.76,64.8,64.76,64.79,0.02,0.03%,142
2025-09-01 19:25,64.78,64.81,64.78,64.8,0.01,0.02%,67
2025-09-01 19:30,64.81,64.85,64.8,64.81,0.01,0.02%,207
2025-09-01 19:35,64.81,64.82,64.81,64.81,0,0.00%,28
2025-09-01 19:40,64.82,64.82,64.76,64.78,-0.03,-0.05%,173
2025-09-01 19:45,64.78,64.8,64.77,64.8,0.02,0.03%,66
2025-09-01 19:50,64.8,64.81,64.78,64.8,0,0.00%,55
2025-09-01 19:55,64.8,64.84,64.8,64.83,0.03,0.05%,68
2025-09-01 20:00,64.82,64.92,64.82,64.89,0.06,0.09%,543
2025-09-01 20:05,64.89,64.92,64.89,64.91,0.02,0.03%,107
2025-09-01 20:10,64.91,64.97,64.91,64.93,0.02,0.03%,238
2025-09-01 20:15,64.93,64.97,64.92,64.93,0,0.00%,173
2025-09-01 20:20,64.93,64.95,64.92,64.95,0.02,0.03%,87
2025-09-01 20:25,64.95,64.98,64.94,64.97,0.02,0.03%,165
2025-09-01 20:30,64.96,65.04,64.94,65.01,0.04,0.06%,941
2025-09-01 20:35,65.01,65.1,65.01,65.05,0.04,0.06%,380
2025-09-01 20:40,65.04,65.04,65,65.03,-0.02,-0.03%,123
2025-09-01 20:45,65.02,65.07,65.02,65.04,0.01,0.02%,108
2025-09-01 20:50,65.04,65.07,65.02,65.04,0,0.00%,201
2025-09-01 20:55,65.04,65.04,65,65,-0.04,-0.06%,137
2025-09-01 21:00,65,65,64.9,64.91,-0.09,-0.14%,288
2025-09-01 21:05,64.9,64.97,64.89,64.96,0.05,0.08%,234
2025-09-01 21:10,64.96,64.97,64.92,64.95,-0.01,-0.02%,109
2025-09-01 21:15,64.95,64.95,64.93,64.93,-0.02,-0.03%,72
2025-09-01 21:20,64.94,64.95,64.93,64.95,0.02,0.03%,59
2025-09-01 21:25,64.95,64.96,64.93,64.95,0,0.00%,60
2025-09-01 21:30,64.96,64.97,64.95,64.96,0.01,0.02%,50
2025-09-01 21:35,64.96,64.99,64.94,64.97,0.01,0.02%,111
2025-09-01 21:40,64.96,64.98,64.9,64.94,-0.03,-0.05%,194
2025-09-01 21:45,64.95,64.99,64.94,64.97,0.03,0.05%,37
2025-09-01 21:50,64.97,64.99,64.97,64.98,0.01,0.02%,47
2025-09-01 21:55,65,65,64.94,64.96,-0.02,-0.03%,64
2025-09-01 22:00,64.95,64.99,64.95,64.97,0.01,0.02%,69
2025-09-01 22:05,64.97,65,64.95,64.99,0.02,0.03%,100
2025-09-01 22:10,65,65,64.94,64.95,-0.04,-0.06%,55
2025-09-01 22:15,64.95,64.95,64.89,64.9,-0.05,-0.08%,162
2025-09-01 22:20,64.91,64.96,64.91,64.96,0.06,0.09%,70
2025-09-01 22:25,64.96,64.96,64.91,64.92,-0.04,-0.06%,45
2025-09-01 22:30,64.91,64.92,64.9,64.92,0,0.00%,67
2025-09-01 22:35,64.92,64.93,64.91,64.93,0.01,0.02%,39
2025-09-01 22:40,64.93,64.93,64.92,64.93,0,0.00%,21
2025-09-01 22:45,64.93,64.95,64.92,64.94,0.01,0.02%,89
2025-09-01 22:50,64.93,64.94,64.93,64.93,-0.01,-0.02%,36
2025-09-01 22:55,64.93,64.98,64.93,64.95,0.02,0.03%,124
2025-09-01 23:00,64.95,64.97,64.94,64.96,0.01,0.02%,39
2025-09-01 23:05,64.95,64.95,64.94,64.95,-0.01,-0.02%,18
2025-09-01 23:10,64.95,64.95,64.93,64.93,-0.02,-0.03%,36
2025-09-01 23:15,64.93,64.95,64.91,64.94,0.01,0.02%,71
2025-09-01 23:20,64.94,64.95,64.93,64.93,-0.01,-0.02%,29
2025-09-01 23:25,64.92,64.94,64.91,64.93,0,0.00%,30
2025-09-01 23:30,64.94,64.94,64.91,64.92,-0.01,-0.02%,34
2025-09-01 23:35,64.92,64.93,64.9,64.93,0.01,0.02%,44
2025-09-01 23:40,64.93,64.93,64.88,64.9,-0.03,-0.05%,70
2025-09-01 23:45,64.91,64.93,64.91,64.93,0.03,0.05%,16
2025-09-01 23:50,64.93,64.94,64.92,64.93,0,0.00%,36
2025-09-01 23:55,64.93,64.93,64.88,64.88,-0.05,-0.08%,48
2025-09-02 0:00,64.88,64.91,64.86,64.9,0.02,0.03%,120
2025-09-02 0:05,64.9,64.9,64.88,64.89,-0.01,-0.02%,34
2025-09-02 0:10,64.88,64.92,64.88,64.91,0.02,0.03%,72
2025-09-02 0:15,64.91,64.91,64.9,64.91,0,0.00%,24
2025-09-02 0:20,64.91,64.94,64.91,64.93,0.02,0.03%,59
2025-09-02 0:25,64.94,64.95,64.93,64.94,0.01,0.02%,25
2025-09-02 0:30,64.94,64.94,64.91,64.94,0,0.00%,61
2025-09-02 0:35,64.94,64.94,64.92,64.93,-0.01,-0.02%,33
2025-09-02 0:40,64.92,64.94,64.91,64.92,-0.01,-0.02%,40
2025-09-02 0:45,64.93,64.99,64.93,64.95,0.03,0.05%,110
2025-09-02 0:50,64.96,64.99,64.95,64.97,0.02,0.03%,86
2025-09-02 0:55,64.98,64.99,64.96,64.96,-0.01,-0.02%,97
2025-09-02 1:00,64.96,65.05,64.96,65.04,0.08,0.12%,278
2025-09-02 1:05,65.04,65.13,65.04,65.05,0.01,0.02%,469
2025-09-02 1:10,65.05,65.05,65,65.01,-0.04,-0.06%,100
2025-09-02 1:15,65.01,65.02,64.89,64.89,-0.12,-0.18%,189
2025-09-02 1:20,64.9,64.98,64.86,64.96,0.07,0.11%,238
2025-09-02 1:25,64.96,65,64.95,64.96,0,0.00%,134
2025-09-02 1:30,64.97,65.03,64.96,65.01,0.05,0.08%,165
2025-09-02 1:35,65.01,65.03,64.99,65.01,0,0.00%,198
2025-09-02 1:40,65.02,65.05,64.99,65.01,0,0.00%,164
2025-09-02 1:45,65.01,65.03,64.92,64.95,-0.06,-0.09%,162
2025-09-02 1:50,64.96,65.05,64.95,65.04,0.09,0.14%,123
2025-09-02 1:55,65.04,65.09,65.02,65.08,0.04,0.06%,274
2025-09-02 2:00,65.08,65.22,65.07,65.2,0.12,0.18%,1081
2025-09-02 2:05,65.21,65.28,65.2,65.24,0.04,0.06%,711
2025-09-02 2:10,65.24,65.25,65.19,65.21,-0.03,-0.05%,300
2025-09-02 2:15,65.21,65.24,65.19,65.21,0,0.00%,313
2025-09-02 2:20,65.21,65.27,65.2,65.25,0.04,0.06%,359
2025-09-02 2:25,65.25,65.28,65.2,65.24,-0.01,-0.02%,363
2025-09-02 2:30,65.24,65.27,65.22,65.23,-0.01,-0.02%,271
2025-09-02 2:35,65.24,65.29,65.19,65.19,-0.04,-0.06%,501
2025-09-02 2:40,65.19,65.2,65.14,65.18,-0.01,-0.02%,286
2025-09-02 2:45,65.18,65.19,65.15,65.16,-0.02,-0.03%,215
2025-09-02 2:50,65.16,65.22,65.15,65.2,0.04,0.06%,342
2025-09-02 2:55,65.21,65.22,65.17,65.2,0,0.00%,386
2025-09-02 3:00,65.21,65.35,65.21,65.31,0.11,0.17%,1074
2025-09-02 3:05,65.31,65.35,65.28,65.32,0.01,0.02%,601
2025-09-02 3:10,65.33,65.36,65.2,65.23,-0.09,-0.14%,574
2025-09-02 3:15,65.24,65.31,65.23,65.27,0.04,0.06%,392
2025-09-02 3:20,65.27,65.3,65.26,65.27,0,0.00%,268
2025-09-02 3:25,65.28,65.38,65.28,65.34,0.07,0.11%,826
2025-09-02 3:30,65.35,65.46,65.3,65.46,0.12,0.18%,960
2025-09-02 3:35,65.46,65.53,65.44,65.46,0,0.00%,1484
2025-09-02 3:40,65.46,65.71,65.46,65.67,0.21,0.32%,1976
2025-09-02 3:45,65.67,65.73,65.6,65.68,0.01,0.02%,1232
2025-09-02 3:50,65.68,65.79,65.64,65.77,0.09,0.14%,776
2025-09-02 3:55,65.77,65.82,65.75,65.78,0.01,0.02%,932
2025-09-02 4:00,65.78,65.78,65.65,65.73,-0.05,-0.08%,926
2025-09-02 4:05,65.73,65.74,65.69,65.74,0.01,0.02%,421
2025-09-02 4:10,65.74,65.75,65.71,65.72,-0.02,-0.03%,368
2025-09-02 4:15,65.73,65.82,65.72,65.81,0.09,0.14%,417
2025-09-02 4:20,65.82,65.89,65.79,65.8,-0.01,-0.02%,764
2025-09-02 4:25,65.79,65.9,65.79,65.88,0.08,0.12%,448
2025-09-02 4:30,65.88,65.89,65.8,65.82,-0.06,-0.09%,465
2025-09-02 4:35,65.82,65.84,65.79,65.82,0,0.00%,553
2025-09-02 4:40,65.83,65.84,65.76,65.81,-0.01,-0.02%,736
2025-09-02 4:45,65.81,65.89,65.8,65.89,0.08,0.12%,493
2025-09-02 4:50,65.89,66.03,65.86,65.98,0.09,0.14%,2190
2025-09-02 4:55,65.98,66,65.9,65.96,-0.02,-0.03%,686
2025-09-02 5:00,65.96,65.96,65.89,65.96,0,0.00%,533
2025-09-02 5:05,65.97,66.01,65.96,65.98,0.02,0.03%,536
2025-09-02 5:10,65.98,65.99,65.89,65.92,-0.06,-0.09%,588
2025-09-02 5:15,65.92,65.95,65.89,65.91,-0.01,-0.02%,330
2025-09-02 5:20,65.91,65.93,65.84,65.86,-0.05,-0.08%,470
2025-09-02 5:25,65.87,65.93,65.86,65.88,0.02,0.03%,569
2025-09-02 5:30,65.88,65.94,65.85,65.91,0.03,0.05%,472
2025-09-02 5:35,65.91,65.92,65.88,65.91,0,0.00%,215
2025-09-02 5:40,65.91,65.93,65.87,65.89,-0.02,-0.03%,314
2025-09-02 5:45,65.88,65.91,65.85,65.89,0,0.00%,262
2025-09-02 5:50,65.9,65.94,65.89,65.9,0.01,0.02%,385
2025-09-02 5:55,65.9,65.93,65.87,65.91,0.01,0.02%,289
2025-09-02 6:00,65.9,65.95,65.77,65.79,-0.12,-0.18%,1588
2025-09-02 6:05,65.79,65.8,65.71,65.75,-0.04,-0.06%,1422
2025-09-02 6:10,65.75,65.88,65.73,65.74,-0.01,-0.02%,1137
2025-09-02 6:15,65.74,65.76,65.71,65.74,0,0.00%,587
2025-09-02 6:20,65.74,65.81,65.74,65.78,0.04,0.06%,427
2025-09-02 6:25,65.78,65.78,65.74,65.77,-0.01,-0.02%,326
2025-09-02 6:30,65.77,65.85,65.76,65.79,0.02,0.03%,496
2025-09-02 6:35,65.78,65.82,65.76,65.82,0.03,0.05%,460
2025-09-02 6:40,65.82,65.82,65.77,65.78,-0.04,-0.06%,362
2025-09-02 6:45,65.78,65.81,65.72,65.75,-0.03,-0.05%,650
2025-09-02 6:50,65.74,65.79,65.74,65.78,0.03,0.05%,484
2025-09-02 6:55,65.79,65.8,65.73,65.75,-0.03,-0.05%,760
2025-09-02 7:00,65.75,65.82,65.74,65.81,0.06,0.09%,973
2025-09-02 7:05,65.81,65.83,65.8,65.82,0.01,0.02%,565
2025-09-02 7:10,65.82,65.83,65.69,65.71,-0.11,-0.17%,1033
2025-09-02 7:15,65.71,65.78,65.64,65.72,0.01,0.02%,1143
2025-09-02 7:20,65.71,65.72,65.65,65.7,-0.02,-0.03%,979
2025-09-02 7:25,65.71,65.71,65.41,65.45,-0.25,-0.38%,3013
2025-09-02 7:30,65.44,65.52,65.41,65.43,-0.02,-0.03%,1241
2025-09-02 7:35,65.43,65.44,65.16,65.18,-0.25,-0.38%,2902
2025-09-02 7:40,65.18,65.19,64.91,64.92,-0.26,-0.40%,2875
2025-09-02 7:45,64.91,65.01,64.84,64.92,0,0.00%,2780
2025-09-02 7:50,64.91,64.96,64.69,64.72,-0.2,-0.31%,2381
2025-09-02 7:55,64.72,64.76,64.51,64.55,-0.17,-0.26%,2444
2025-09-02 8:00,64.55,64.78,64.5,64.71,0.16,0.25%,4256
2025-09-02 8:05,64.72,64.8,64.55,64.78,0.07,0.11%,2634
2025-09-02 8:10,64.78,64.88,64.77,64.85,0.07,0.11%,1717
2025-09-02 8:15,64.84,65.06,64.82,65.02,0.17,0.26%,2326
2025-09-02 8:20,65.03,65.17,64.96,64.99,-0.03,-0.05%,2092
2025-09-02 8:25,64.99,65.02,64.95,65.02,0.03,0.05%,1335
2025-09-02 8:30,65.01,65.04,64.66,64.8,-0.22,-0.34%,2657
2025-09-02 8:35,64.81,64.85,64.75,64.81,0.01,0.02%,1480
2025-09-02 8:40,64.81,64.81,64.67,64.81,0,0.00%,1409
2025-09-02 8:45,64.8,64.92,64.8,64.87,0.06,0.09%,1259
2025-09-02 8:50,64.88,65.02,64.88,64.98,0.11,0.17%,1464
2025-09-02 8:55,64.98,65.01,64.92,64.96,-0.02,-0.03%,844
2025-09-02 9:00,64.97,65.05,64.9,64.98,0.02,0.03%,1423
2025-09-02 9:05,64.99,65.07,64.95,65,0.02,0.03%,1173
2025-09-02 9:10,65,65.09,64.9,64.95,-0.05,-0.08%,1518
2025-09-02 9:15,64.96,65.05,64.91,65.03,0.08,0.12%,1010
2025-09-02 9:20,65.04,65.08,64.95,64.99,-0.04,-0.06%,780
2025-09-02 9:25,64.99,64.99,64.85,64.86,-0.13,-0.20%,1276
2025-09-02 9:30,64.86,64.87,64.73,64.79,-0.07,-0.11%,1307
2025-09-02 9:35,64.78,64.9,64.76,64.79,0,0.00%,942
2025-09-02 9:40,64.79,64.9,64.79,64.86,0.07,0.11%,821
2025-09-02 9:45,64.87,65.07,64.87,65.06,0.2,0.31%,1382
2025-09-02 9:50,65.06,65.19,65.06,65.11,0.05,0.08%,1838
2025-09-02 9:55,65.12,65.31,65.12,65.22,0.11,0.17%,1497
2025-09-02 10:00,65.22,65.38,65.14,65.36,0.14,0.21%,1969
2025-09-02 10:05,65.37,65.41,65.25,65.27,-0.09,-0.14%,1576
2025-09-02 10:10,65.27,65.35,65.27,65.33,0.06,0.09%,1315
2025-09-02 10:15,65.32,65.33,65.18,65.22,-0.11,-0.17%,1147
2025-09-02 10:20,65.23,65.36,65.22,65.33,0.11,0.17%,820
2025-09-02 10:25,65.33,65.35,65.21,65.26,-0.07,-0.11%,1770
2025-09-02 10:30,65.27,65.38,65.23,65.32,0.06,0.09%,1535
2025-09-02 10:35,65.32,65.45,65.32,65.44,0.12,0.18%,891
2025-09-02 10:40,65.44,65.57,65.43,65.5,0.06,0.09%,1930
2025-09-02 10:45,65.51,65.53,65.36,65.38,-0.12,-0.18%,917
2025-09-02 10:50,65.39,65.44,65.36,65.41,0.03,0.05%,995
2025-09-02 10:55,65.42,65.46,65.38,65.42,0.01,0.02%,833
2025-09-02 11:00,65.42,65.47,65.38,65.45,0.03,0.05%,1089
2025-09-02 11:05,65.46,65.52,65.39,65.52,0.07,0.11%,978
2025-09-02 11:10,65.52,65.66,65.51,65.66,0.14,0.21%,1145
2025-09-02 11:15,65.66,65.67,65.58,65.61,-0.05,-0.08%,1005
2025-09-02 11:20,65.61,65.64,65.58,65.59,-0.02,-0.03%,573
2025-09-02 11:25,65.58,65.61,65.55,65.6,0.01,0.02%,687
2025-09-02 11:30,65.6,65.63,65.56,65.63,0.03,0.05%,515
2025-09-02 11:35,65.63,65.64,65.59,65.62,-0.01,-0.02%,429
2025-09-02 11:40,65.62,65.68,65.62,65.66,0.04,0.06%,602
2025-09-02 11:45,65.67,65.67,65.59,65.61,-0.05,-0.08%,511
2025-09-02 11:50,65.61,65.76,65.6,65.74,0.13,0.20%,1430
2025-09-02 11:55,65.74,65.74,65.66,65.69,-0.05,-0.08%,638
2025-09-02 12:00,65.68,65.72,65.68,65.7,0.01,0.02%,384
2025-09-02 12:05,65.7,65.71,65.51,65.53,-0.17,-0.26%,1221
2025-09-02 12:10,65.52,65.62,65.52,65.59,0.06,0.09%,594
2025-09-02 12:15,65.59,65.66,65.57,65.64,0.05,0.08%,414
2025-09-02 12:20,65.64,65.67,65.58,65.64,0,0.00%,651
2025-09-02 12:25,65.63,65.71,65.61,65.68,0.04,0.06%,707
2025-09-02 12:30,65.68,65.73,65.64,65.73,0.05,0.08%,490
2025-09-02 12:35,65.72,65.74,65.65,65.66,-0.07,-0.11%,593
2025-09-02 12:40,65.66,65.72,65.62,65.71,0.05,0.08%,734
2025-09-02 12:45,65.71,65.71,65.67,65.7,-0.01,-0.02%,481
2025-09-02 12:50,65.69,65.76,65.67,65.7,0,0.00%,747
2025-09-02 12:55,65.71,65.71,65.56,65.58,-0.12,-0.18%,1352
2025-09-02 13:00,65.57,65.69,65.5,65.68,0.1,0.15%,2089
2025-09-02 13:05,65.68,65.68,65.62,65.67,-0.01,-0.02%,863
2025-09-02 13:10,65.68,65.68,65.58,65.61,-0.06,-0.09%,1100
2025-09-02 13:15,65.61,65.64,65.59,65.62,0.01,0.02%,719
2025-09-02 13:20,65.61,65.65,65.57,65.6,-0.02,-0.03%,903
2025-09-02 13:25,65.6,65.67,65.49,65.6,0,0.00%,5280
2025-09-02 13:30,65.61,65.64,65.5,65.59,-0.01,-0.02%,1641
2025-09-02 13:35,65.6,65.62,65.52,65.58,-0.01,-0.02%,1382
2025-09-02 13:40,65.58,65.59,65.56,65.56,-0.02,-0.03%,371
2025-09-02 13:45,65.56,65.56,65.51,65.54,-0.02,-0.03%,377
2025-09-02 13:50,65.54,65.58,65.53,65.58,0.04,0.06%,212
2025-09-02 13:55,65.58,65.58,65.55,65.56,-0.02,-0.03%,141
2025-09-02 14:00,65.57,65.58,65.56,65.56,0,0.00%,258
2025-09-02 14:05,65.56,65.67,65.56,65.66,0.1,0.15%,495
2025-09-02 14:10,65.66,65.71,65.66,65.67,0.01,0.02%,463
2025-09-02 14:15,65.67,65.7,65.66,65.68,0.01,0.02%,388
2025-09-02 14:20,65.68,65.68,65.62,65.65,-0.03,-0.05%,310
2025-09-02 14:25,65.65,65.66,65.62,65.63,-0.02,-0.03%,251
2025-09-02 14:30,65.63,65.67,65.61,65.62,-0.01,-0.02%,331
2025-09-02 14:35,65.62,65.64,65.61,65.63,0.01,0.02%,172
2025-09-02 14:40,65.63,65.64,65.61,65.63,0,0.00%,138
2025-09-02 14:45,65.63,65.65,65.62,65.62,-0.01,-0.02%,69
2025-09-02 14:50,65.62,65.64,65.6,65.6,-0.02,-0.03%,124
2025-09-02 14:55,65.61,65.63,65.6,65.62,0.02,0.03%,429
2025-09-02 15:00,65.61,65.66,65.6,65.64,0.02,0.03%,278
2025-09-02 15:05,65.63,65.66,65.63,65.65,0.01,0.02%,92
2025-09-02 15:10,65.65,65.66,65.61,65.62,-0.03,-0.05%,160
2025-09-02 15:15,65.62,65.62,65.55,65.55,-0.07,-0.11%,147
2025-09-02 15:20,65.54,65.57,65.52,65.53,-0.02,-0.03%,283
2025-09-02 15:25,65.53,65.57,65.53,65.57,0.04,0.06%,360
2025-09-02 15:30,65.56,65.59,65.56,65.57,0,0.00%,85
2025-09-02 15:35,65.56,65.57,65.52,65.53,-0.04,-0.06%,198
2025-09-02 15:40,65.52,65.56,65.51,65.55,0.02,0.03%,220
2025-09-02 15:45,65.56,65.6,65.56,65.58,0.03,0.05%,139
2025-09-02 15:50,65.58,65.62,65.58,65.61,0.03,0.05%,202
2025-09-02 15:55,65.62,65.64,65.61,65.62,0.01,0.02%,197
2025-09-02 17:00,65.62,65.62,65.47,65.57,-0.05,-0.08%,414
2025-09-02 17:05,65.59,65.6,65.57,65.59,0.02,0.03%,15
2025-09-02 17:10,65.59,65.59,65.54,65.57,-0.02,-0.03%,40
2025-09-02 17:15,65.56,65.59,65.56,65.58,0.01,0.02%,11
2025-09-02 17:20,65.6,65.6,65.58,65.58,0,0.00%,24
2025-09-02 17:25,65.58,65.59,65.56,65.57,-0.01,-0.02%,36
2025-09-02 17:30,65.57,65.6,65.57,65.59,0.02,0.03%,36
2025-09-02 17:35,65.59,65.59,65.57,65.59,0,0.00%,64
2025-09-02 17:40,65.59,65.6,65.58,65.6,0.01,0.02%,35
2025-09-02 17:45,65.59,65.6,65.58,65.58,-0.02,-0.03%,16
2025-09-02 17:50,65.59,65.6,65.58,65.6,0.02,0.03%,8
2025-09-02 17:55,65.6,65.6,65.59,65.59,-0.01,-0.02%,7
2025-09-02 18:00,65.6,65.66,65.6,65.62,0.03,0.05%,95
2025-09-02 18:05,65.62,65.65,65.62,65.62,0,0.00%,23
2025-09-02 18:10,65.62,65.62,65.62,65.62,0,0.00%,6
2025-09-02 18:15,65.63,65.63,65.61,65.62,0,0.00%,10
2025-09-02 18:20,65.61,65.63,65.6,65.6,-0.02,-0.03%,24
2025-09-02 18:25,65.6,65.61,65.6,65.6,0,0.00%,17
2025-09-02 18:30,65.59,65.6,65.56,65.59,-0.01,-0.02%,89
2025-09-02 18:35,65.6,65.6,65.59,65.59,0,0.00%,5
2025-09-02 18:40,65.59,65.59,65.57,65.58,-0.01,-0.02%,8
2025-09-02 18:45,65.58,65.6,65.58,65.58,0,0.00%,14
2025-09-02 18:50,65.59,65.62,65.59,65.6,0.02,0.03%,17
2025-09-02 18:55,65.6,65.6,65.58,65.58,-0.02,-0.03%,31
2025-09-02 19:00,65.59,65.63,65.59,65.59,0.01,0.02%,181
2025-09-02 19:05,65.6,65.61,65.55,65.56,-0.03,-0.05%,83
2025-09-02 19:10,65.55,65.58,65.55,65.57,0.01,0.02%,36
2025-09-02 19:15,65.57,65.63,65.57,65.62,0.05,0.08%,60
2025-09-02 19:20,65.61,65.61,65.58,65.6,-0.02,-0.03%,36
2025-09-02 19:25,65.62,65.64,65.61,65.62,0.02,0.03%,35
2025-09-02 19:30,65.63,65.63,65.61,65.61,-0.01,-0.02%,21
2025-09-02 19:35,65.61,65.65,65.61,65.64,0.03,0.05%,87
2025-09-02 19:40,65.64,65.64,65.62,65.63,-0.01,-0.02%,45
2025-09-02 19:45,65.63,65.63,65.63,65.63,0,0.00%,2
2025-09-02 19:50,65.63,65.67,65.63,65.65,0.02,0.03%,107
2025-09-02 19:55,65.65,65.66,65.63,65.64,-0.01,-0.02%,64
2025-09-02 20:00,65.65,65.68,65.6,65.64,0,0.00%,267
2025-09-02 20:05,65.65,65.65,65.61,65.62,-0.02,-0.03%,53
2025-09-02 20:10,65.62,65.66,65.61,65.65,0.03,0.05%,126
2025-09-02 20:15,65.65,65.66,65.61,65.62,-0.03,-0.05%,64
2025-09-02 20:20,65.63,65.66,65.63,65.64,0.02,0.03%,74
2025-09-02 20:25,65.64,65.7,65.63,65.7,0.06,0.09%,123
2025-09-02 20:30,65.7,65.72,65.69,65.69,-0.01,-0.02%,154
2025-09-02 20:35,65.7,65.7,65.64,65.64,-0.05,-0.08%,68
2025-09-02 20:40,65.64,65.65,65.61,65.62,-0.02,-0.03%,129
2025-09-02 20:45,65.62,65.63,65.61,65.61,-0.01,-0.02%,56
2025-09-02 20:50,65.62,65.63,65.6,65.63,0.02,0.03%,45
2025-09-02 20:55,65.62,65.63,65.59,65.59,-0.04,-0.06%,44
2025-09-02 21:00,65.6,65.6,65.56,65.58,-0.01,-0.02%,94
2025-09-02 21:05,65.59,65.61,65.57,65.59,0.01,0.02%,60
2025-09-02 21:10,65.59,65.6,65.58,65.58,-0.01,-0.02%,37
2025-09-02 21:15,65.58,65.61,65.58,65.61,0.03,0.05%,26
2025-09-02 21:20,65.61,65.63,65.61,65.63,0.02,0.03%,20
2025-09-02 21:25,65.63,65.64,65.61,65.61,-0.02,-0.03%,29
2025-09-02 21:30,65.6,65.6,65.52,65.54,-0.07,-0.11%,153
2025-09-02 21:35,65.55,65.58,65.52,65.57,0.03,0.05%,89
2025-09-02 21:40,65.56,65.56,65.53,65.54,-0.03,-0.05%,45
2025-09-02 21:45,65.54,65.58,65.54,65.56,0.02,0.03%,40
2025-09-02 21:50,65.56,65.57,65.52,65.53,-0.03,-0.05%,116
2025-09-02 21:55,65.54,65.54,65.53,65.54,0.01,0.02%,19
2025-09-02 22:00,65.54,65.55,65.49,65.49,-0.05,-0.08%,98
2025-09-02 22:05,65.49,65.51,65.48,65.49,0,0.00%,114
2025-09-02 22:10,65.5,65.5,65.48,65.5,0.01,0.02%,77
2025-09-02 22:15,65.5,65.5,65.46,65.47,-0.03,-0.05%,108
2025-09-02 22:20,65.48,65.49,65.46,65.46,-0.01,-0.02%,85
2025-09-02 22:25,65.47,65.47,65.42,65.42,-0.04,-0.06%,241
2025-09-02 22:30,65.42,65.45,65.4,65.42,0,0.00%,210
2025-09-02 22:35,65.41,65.41,65.36,65.36,-0.06,-0.09%,179
2025-09-02 22:40,65.35,65.38,65.35,65.38,0.02,0.03%,108
2025-09-02 22:45,65.38,65.4,65.38,65.4,0.02,0.03%,40
2025-09-02 22:50,65.4,65.42,65.37,65.41,0.01,0.02%,66
2025-09-02 22:55,65.4,65.42,65.38,65.39,-0.02,-0.03%,36
2025-09-02 23:00,65.39,65.42,65.39,65.4,0.01,0.02%,157
2025-09-02 23:05,65.41,65.41,65.38,65.38,-0.02,-0.03%,24
2025-09-02 23:10,65.38,65.39,65.38,65.38,0,0.00%,45
2025-09-02 23:15,65.38,65.42,65.37,65.41,0.03,0.05%,69
2025-09-02 23:20,65.4,65.42,65.4,65.42,0.01,0.02%,26
2025-09-02 23:25,65.42,65.43,65.4,65.41,-0.01,-0.02%,61
2025-09-02 23:30,65.41,65.44,65.41,65.41,0,0.00%,132
2025-09-02 23:35,65.41,65.41,65.41,65.41,0,0.00%,18
2025-09-02 23:40,65.41,65.42,65.41,65.41,0,0.00%,50
2025-09-02 23:45,65.41,65.45,65.41,65.44,0.03,0.05%,91
2025-09-02 23:50,65.44,65.44,65.43,65.43,-0.01,-0.02%,26
2025-09-02 23:55,65.43,65.45,65.43,65.43,0,0.00%,27
2025-09-03 0:00,65.42,65.43,65.41,65.43,0,0.00%,67
2025-09-03 0:05,65.43,65.44,65.43,65.44,0.01,0.02%,12
2025-09-03 0:10,65.44,65.45,65.43,65.43,-0.01,-0.02%,35
2025-09-03 0:15,65.44,65.46,65.44,65.46,0.03,0.05%,70
2025-09-03 0:20,65.45,65.46,65.43,65.44,-0.02,-0.03%,40
2025-09-03 0:25,65.45,65.47,65.44,65.45,0.01,0.02%,50
2025-09-03 0:30,65.46,65.47,65.42,65.42,-0.03,-0.05%,99
2025-09-03 0:35,65.43,65.44,65.43,65.43,0.01,0.02%,26
2025-09-03 0:40,65.42,65.42,65.38,65.38,-0.05,-0.08%,67
2025-09-03 0:45,65.37,65.38,65.33,65.34,-0.04,-0.06%,199
2025-09-03 0:50,65.34,65.38,65.34,65.38,0.04,0.06%,148
2025-09-03 0:55,65.38,65.39,65.36,65.37,-0.01,-0.02%,62
2025-09-03 1:00,65.36,65.43,65.32,65.43,0.06,0.09%,196
2025-09-03 1:05,65.44,65.46,65.38,65.41,-0.02,-0.03%,161
2025-09-03 1:10,65.42,65.42,65.38,65.38,-0.03,-0.05%,63
2025-09-03 1:15,65.38,65.38,65.34,65.35,-0.03,-0.05%,151
2025-09-03 1:20,65.35,65.37,65.35,65.36,0.01,0.02%,38
2025-09-03 1:25,65.36,65.39,65.34,65.38,0.02,0.03%,86
2025-09-03 1:30,65.38,65.4,65.36,65.38,0,0.00%,73
2025-09-03 1:35,65.39,65.4,65.35,65.36,-0.02,-0.03%,99
2025-09-03 1:40,65.37,65.47,65.36,65.46,0.1,0.15%,185
2025-09-03 1:45,65.45,65.49,65.37,65.39,-0.07,-0.11%,177
2025-09-03 1:50,65.39,65.42,65.39,65.4,0.01,0.02%,59
2025-09-03 1:55,65.4,65.42,65.36,65.41,0.01,0.02%,120
2025-09-03 2:00,65.41,65.48,65.39,65.43,0.02,0.03%,324
2025-09-03 2:05,65.43,65.47,65.28,65.33,-0.1,-0.15%,643
2025-09-03 2:10,65.34,65.39,65.34,65.36,0.03,0.05%,281
2025-09-03 2:15,65.35,65.37,65.33,65.34,-0.02,-0.03%,153
2025-09-03 2:20,65.34,65.34,65.3,65.31,-0.03,-0.05%,376
2025-09-03 2:25,65.32,65.33,65.25,65.3,-0.01,-0.02%,372
2025-09-03 2:30,65.29,65.32,65.26,65.28,-0.02,-0.03%,266
2025-09-03 2:35,65.28,65.34,65.24,65.25,-0.03,-0.05%,339
2025-09-03 2:40,65.25,65.3,65.25,65.27,0.02,0.03%,271
2025-09-03 2:45,65.26,65.31,65.26,65.29,0.02,0.03%,119
2025-09-03 2:50,65.29,65.3,65.23,65.28,-0.01,-0.02%,407
2025-09-03 2:55,65.28,65.32,65.27,65.32,0.04,0.06%,199
2025-09-03 3:00,65.31,65.33,65.17,65.19,-0.13,-0.20%,635
2025-09-03 3:05,65.2,65.27,65.19,65.27,0.08,0.12%,374
2025-09-03 3:10,65.28,65.33,65.27,65.32,0.05,0.08%,534
2025-09-03 3:15,65.31,65.34,65.26,65.33,0.01,0.02%,303
2025-09-03 3:20,65.32,65.44,65.32,65.44,0.11,0.17%,388
2025-09-03 3:25,65.44,65.47,65.36,65.38,-0.06,-0.09%,636
2025-09-03 3:30,65.38,65.42,65.37,65.4,0.02,0.03%,512
2025-09-03 3:35,65.4,65.42,65.35,65.42,0.02,0.03%,191
2025-09-03 3:40,65.42,65.54,65.41,65.51,0.09,0.14%,537
2025-09-03 3:45,65.52,65.52,65.4,65.42,-0.09,-0.14%,353
2025-09-03 3:50,65.42,65.51,65.4,65.41,-0.01,-0.02%,516
2025-09-03 3:55,65.41,65.42,65.35,65.41,0,0.00%,194
2025-09-03 4:00,65.4,65.4,65.28,65.31,-0.1,-0.15%,443
2025-09-03 4:05,65.32,65.35,65.23,65.34,0.03,0.05%,477
2025-09-03 4:10,65.34,65.34,65.19,65.22,-0.12,-0.18%,640
2025-09-03 4:15,65.23,65.34,65.17,65.28,0.06,0.09%,575
2025-09-03 4:20,65.28,65.3,65.22,65.26,-0.02,-0.03%,311
2025-09-03 4:25,65.26,65.29,65.21,65.22,-0.04,-0.06%,275
2025-09-03 4:30,65.21,65.21,64.33,64.57,-0.65,-1.00%,7037
2025-09-03 4:35,64.56,64.84,64.54,64.64,0.07,0.11%,3920
2025-09-03 4:40,64.63,64.64,64.49,64.57,-0.07,-0.11%,1620
2025-09-03 4:45,64.55,64.59,64.4,64.44,-0.13,-0.20%,1678
2025-09-03 4:50,64.44,64.46,64.35,64.39,-0.05,-0.08%,1270
2025-09-03 4:55,64.38,64.45,64.33,64.41,0.02,0.03%,1068
2025-09-03 5:00,64.41,64.48,64.18,64.22,-0.19,-0.29%,2050
2025-09-03 5:05,64.22,64.23,64.14,64.18,-0.04,-0.06%,1499
2025-09-03 5:10,64.18,64.4,64.16,64.34,0.16,0.25%,1902
2025-09-03 5:15,64.33,64.37,64.26,64.28,-0.06,-0.09%,714
2025-09-03 5:20,64.27,64.4,64.22,64.38,0.1,0.16%,673
2025-09-03 5:25,64.38,64.38,64.28,64.29,-0.09,-0.14%,490
2025-09-03 5:30,64.29,64.32,64.22,64.22,-0.07,-0.11%,402
2025-09-03 5:35,64.23,64.3,64.23,64.25,0.03,0.05%,441
2025-09-03 5:40,64.24,64.28,64.19,64.25,0,0.00%,519
2025-09-03 5:45,64.25,64.26,64.14,64.17,-0.08,-0.12%,601
2025-09-03 5:50,64.16,64.19,64.03,64.04,-0.13,-0.20%,926
2025-09-03 5:55,64.04,64.17,64.04,64.13,0.09,0.14%,591
2025-09-03 6:00,64.14,64.19,64.14,64.17,0.04,0.06%,701
2025-09-03 6:05,64.17,64.31,64.14,64.31,0.14,0.22%,811
2025-09-03 6:10,64.3,64.36,64.15,64.16,-0.15,-0.23%,1526
2025-09-03 6:15,64.16,64.27,64.12,64.18,0.02,0.03%,791
2025-09-03 6:20,64.18,64.35,64.16,64.31,0.13,0.20%,1097
2025-09-03 6:25,64.3,64.38,64.29,64.35,0.04,0.06%,905
2025-09-03 6:30,64.34,64.41,64.33,64.34,-0.01,-0.02%,959
2025-09-03 6:35,64.33,64.44,64.32,64.41,0.07,0.11%,640
2025-09-03 6:40,64.4,64.47,64.32,64.37,-0.04,-0.06%,854
2025-09-03 6:45,64.37,64.37,64.24,64.25,-0.12,-0.19%,645
2025-09-03 6:50,64.25,64.29,64.25,64.29,0.04,0.06%,334
2025-09-03 6:55,64.29,64.31,64.25,64.27,-0.02,-0.03%,391
2025-09-03 7:00,64.26,64.29,64.16,64.24,-0.03,-0.05%,864
2025-09-03 7:05,64.23,64.32,64.22,64.3,0.06,0.09%,474
2025-09-03 7:10,64.3,64.3,64.16,64.18,-0.12,-0.19%,781
2025-09-03 7:15,64.19,64.19,64.07,64.09,-0.09,-0.14%,1185
2025-09-03 7:20,64.09,64.18,64.08,64.13,0.04,0.06%,721
2025-09-03 7:25,64.13,64.16,64.09,64.1,-0.03,-0.05%,472
2025-09-03 7:30,64.09,64.23,64.08,64.22,0.12,0.19%,900
2025-09-03 7:35,64.23,64.27,64.19,64.26,0.04,0.06%,510
2025-09-03 7:40,64.26,64.33,64.22,64.32,0.06,0.09%,692
2025-09-03 7:45,64.32,64.43,64.3,64.41,0.09,0.14%,1257
2025-09-03 7:50,64.4,64.44,64.37,64.41,0,0.00%,749
2025-09-03 7:55,64.42,64.45,64.39,64.44,0.03,0.05%,544
2025-09-03 8:00,64.44,64.49,64.35,64.4,-0.04,-0.06%,2162
2025-09-03 8:05,64.41,64.48,64.32,64.41,0.01,0.02%,1534
2025-09-03 8:10,64.41,64.47,64.32,64.33,-0.08,-0.12%,1099
2025-09-03 8:15,64.33,64.47,64.25,64.42,0.09,0.14%,2721
2025-09-03 8:20,64.42,64.55,64.38,64.5,0.08,0.12%,1700
2025-09-03 8:25,64.49,64.65,64.47,64.62,0.12,0.19%,1914
2025-09-03 8:30,64.62,64.73,64.49,64.52,-0.1,-0.15%,1705
2025-09-03 8:35,64.52,64.57,64.48,64.54,0.02,0.03%,1635
2025-09-03 8:40,64.54,64.63,64.39,64.41,-0.13,-0.20%,2783
2025-09-03 8:45,64.41,64.44,64.21,64.23,-0.18,-0.28%,1996
2025-09-03 8:50,64.24,64.28,64.17,64.24,0.01,0.02%,1255
2025-09-03 8:55,64.24,64.27,64.16,64.24,0,0.00%,1093
2025-09-03 9:00,64.23,64.23,63.9,63.99,-0.25,-0.39%,4513
2025-09-03 9:05,63.99,64.01,63.9,63.92,-0.07,-0.11%,1676
2025-09-03 9:10,63.92,64.03,63.87,63.94,0.02,0.03%,1608
2025-09-03 9:15,63.94,64.08,63.94,63.98,0.04,0.06%,1562
2025-09-03 9:20,63.97,64.07,63.95,63.97,-0.01,-0.02%,1554
2025-09-03 9:25,63.98,64.08,63.91,63.92,-0.05,-0.08%,1712
2025-09-03 9:30,63.93,64.02,63.89,63.96,0.04,0.06%,1452
2025-09-03 9:35,63.97,63.99,63.89,63.96,0,0.00%,1286
2025-09-03 9:40,63.95,64.02,63.9,64.02,0.06,0.09%,1007
2025-09-03 9:45,64.01,64.11,63.97,63.99,-0.03,-0.05%,1513
2025-09-03 9:50,63.98,64.08,63.93,64.01,0.02,0.03%,1238
2025-09-03 9:55,64.02,64.07,63.98,63.99,-0.02,-0.03%,1082
2025-09-03 10:00,63.99,64.03,63.93,63.97,-0.02,-0.03%,1160
2025-09-03 10:05,63.97,64.02,63.94,63.97,0,0.00%,630
2025-09-03 10:10,63.98,63.99,63.92,63.95,-0.02,-0.03%,954
2025-09-03 10:15,63.94,63.97,63.9,63.92,-0.03,-0.05%,1023
2025-09-03 10:20,63.92,63.93,63.8,63.83,-0.09,-0.14%,2221
2025-09-03 10:25,63.82,63.89,63.81,63.83,0,0.00%,1101
2025-09-03 10:30,63.83,63.91,63.81,63.87,0.04,0.06%,1366
2025-09-03 10:35,63.88,63.99,63.85,63.91,0.04,0.06%,1410
2025-09-03 10:40,63.9,64.03,63.89,64.02,0.11,0.17%,769
2025-09-03 10:45,64.02,64.07,64,64.02,0,0.00%,851
2025-09-03 10:50,64.01,64.48,63.98,64.43,0.41,0.64%,6210
2025-09-03 10:55,64.43,64.82,64.42,64.7,0.27,0.42%,6935
2025-09-03 11:00,64.71,64.79,64.59,64.63,-0.07,-0.11%,3334
2025-09-03 11:05,64.64,64.65,64.33,64.34,-0.29,-0.45%,2802
2025-09-03 11:10,64.33,64.41,64.25,64.37,0.03,0.05%,1337
2025-09-03 11:15,64.36,64.42,64.24,64.24,-0.13,-0.20%,823
2025-09-03 11:20,64.25,64.26,64.15,64.22,-0.02,-0.03%,1308
2025-09-03 11:25,64.21,64.29,64.2,64.24,0.02,0.03%,681
2025-09-03 11:30,64.24,64.27,64.19,64.24,0,0.00%,897
2025-09-03 11:35,64.24,64.3,64.19,64.27,0.03,0.05%,791
2025-09-03 11:40,64.28,64.28,64.19,64.25,-0.02,-0.03%,557
2025-09-03 11:45,64.25,64.25,64.04,64.06,-0.19,-0.30%,1340
2025-09-03 11:50,64.05,64.1,63.96,64.04,-0.02,-0.03%,1296
2025-09-03 11:55,64.04,64.05,63.97,64,-0.04,-0.06%,891
2025-09-03 12:00,63.99,64.04,63.89,63.98,-0.02,-0.03%,1187
2025-09-03 12:05,63.97,64.01,63.93,63.98,0,0.00%,510
2025-09-03 12:10,63.97,64,63.94,63.99,0.01,0.02%,422
2025-09-03 12:15,63.99,64.07,63.96,64.07,0.08,0.13%,822
2025-09-03 12:20,64.07,64.09,63.96,63.98,-0.09,-0.14%,514
2025-09-03 12:25,63.97,64,63.9,63.91,-0.07,-0.11%,558
2025-09-03 12:30,63.92,63.95,63.88,63.91,0,0.00%,545
2025-09-03 12:35,63.92,63.98,63.91,63.97,0.06,0.09%,541
2025-09-03 12:40,63.96,63.98,63.87,63.88,-0.09,-0.14%,728
2025-09-03 12:45,63.87,63.89,63.72,63.83,-0.05,-0.08%,1906
2025-09-03 12:50,63.82,63.83,63.76,63.83,0,0.00%,892
2025-09-03 12:55,63.83,63.89,63.8,63.83,0,0.00%,740
2025-09-03 13:00,63.83,63.95,63.83,63.94,0.11,0.17%,1516
2025-09-03 13:05,63.93,63.93,63.85,63.85,-0.09,-0.14%,862
2025-09-03 13:10,63.85,63.91,63.84,63.85,0,0.00%,832
2025-09-03 13:15,63.85,63.9,63.84,63.89,0.04,0.06%,859
2025-09-03 13:20,63.9,63.92,63.86,63.92,0.03,0.05%,869
2025-09-03 13:25,63.92,64.01,63.88,64,0.08,0.13%,5119
2025-09-03 13:30,64,64.01,63.88,63.91,-0.09,-0.14%,1725
2025-09-03 13:35,63.91,63.92,63.82,63.85,-0.06,-0.09%,544
2025-09-03 13:40,63.84,63.89,63.83,63.89,0.04,0.06%,330
2025-09-03 13:45,63.89,63.9,63.82,63.83,-0.06,-0.09%,237
2025-09-03 13:50,63.83,63.88,63.83,63.86,0.03,0.05%,281
2025-09-03 13:55,63.86,63.86,63.84,63.85,-0.01,-0.02%,132
2025-09-03 14:00,63.85,63.85,63.8,63.85,0,0.00%,430
2025-09-03 14:05,63.85,63.86,63.82,63.85,0,0.00%,215
2025-09-03 14:10,63.85,63.86,63.83,63.85,0,0.00%,138
2025-09-03 14:15,63.85,63.85,63.83,63.84,-0.01,-0.02%,182
2025-09-03 14:20,63.84,63.85,63.8,63.81,-0.03,-0.05%,341
2025-09-03 14:25,63.81,63.82,63.78,63.78,-0.03,-0.05%,263
2025-09-03 14:30,63.78,63.81,63.78,63.81,0.03,0.05%,214
2025-09-03 14:35,63.81,63.84,63.8,63.82,0.01,0.02%,186
2025-09-03 14:40,63.83,63.86,63.82,63.86,0.04,0.06%,303
2025-09-03 14:45,63.86,63.91,63.86,63.9,0.04,0.06%,339
2025-09-03 14:50,63.9,63.97,63.9,63.94,0.04,0.06%,779
2025-09-03 14:55,63.94,63.94,63.91,63.92,-0.02,-0.03%,254
2025-09-03 15:00,63.93,63.96,63.92,63.94,0.02,0.03%,288
2025-09-03 15:05,63.94,63.95,63.93,63.94,0,0.00%,83
2025-09-03 15:10,63.94,63.95,63.91,63.91,-0.03,-0.05%,132
2025-09-03 15:15,63.91,63.92,63.91,63.91,0,0.00%,108
2025-09-03 15:20,63.91,63.91,63.88,63.9,-0.01,-0.02%,129
2025-09-03 15:25,63.91,63.92,63.9,63.92,0.02,0.03%,58
2025-09-03 15:30,63.93,63.93,63.83,63.87,-0.05,-0.08%,292
2025-09-03 15:35,63.87,63.94,63.87,63.94,0.07,0.11%,122
2025-09-03 15:40,63.94,63.96,63.89,63.89,-0.05,-0.08%,312
2025-09-03 15:45,63.89,63.89,63.85,63.87,-0.02,-0.03%,126
2025-09-03 15:50,63.87,63.87,63.75,63.78,-0.09,-0.14%,431
2025-09-03 15:55,63.78,63.79,63.73,63.77,-0.01,-0.02%,253
2025-09-03 17:00,63.82,63.84,63.76,63.8,0.03,0.05%,134
2025-09-03 17:05,63.8,63.83,63.78,63.78,-0.02,-0.03%,62
2025-09-03 17:10,63.78,63.81,63.78,63.78,0,0.00%,23
2025-09-03 17:15,63.79,63.8,63.76,63.79,0.01,0.02%,234
2025-09-03 17:20,63.79,63.79,63.76,63.76,-0.03,-0.05%,206
2025-09-03 17:25,63.77,63.81,63.77,63.8,0.04,0.06%,29
2025-09-03 17:30,63.81,63.83,63.8,63.83,0.03,0.05%,38
2025-09-03 17:35,63.82,63.83,63.82,63.83,0,0.00%,11
2025-09-03 17:40,63.81,63.81,63.79,63.81,-0.02,-0.03%,42
2025-09-03 17:45,63.81,63.82,63.8,63.8,-0.01,-0.02%,14
2025-09-03 17:50,63.79,63.81,63.79,63.81,0.01,0.02%,3
2025-09-03 17:55,63.8,63.8,63.79,63.8,-0.01,-0.02%,25
2025-09-03 18:00,63.79,63.8,63.78,63.78,-0.02,-0.03%,33
2025-09-03 18:05,63.78,63.79,63.78,63.79,0.01,0.02%,40
2025-09-03 18:10,63.79,63.8,63.76,63.79,0,0.00%,55
2025-09-03 18:15,63.79,63.8,63.77,63.77,-0.02,-0.03%,26
2025-09-03 18:20,63.77,63.8,63.76,63.78,0.01,0.02%,29
2025-09-03 18:25,63.78,63.78,63.77,63.78,0,0.00%,14
2025-09-03 18:30,63.77,63.78,63.77,63.78,0,0.00%,5
2025-09-03 18:35,63.78,63.79,63.77,63.79,0.01,0.02%,16
2025-09-03 18:40,63.78,63.78,63.77,63.77,-0.02,-0.03%,3
2025-09-03 18:45,63.78,63.8,63.78,63.8,0.03,0.05%,34
2025-09-03 18:50,63.8,63.8,63.8,63.8,0,0.00%,11
2025-09-03 18:55,63.8,63.8,63.77,63.78,-0.02,-0.03%,46
2025-09-03 19:00,63.79,63.79,63.73,63.76,-0.02,-0.03%,185
2025-09-03 19:05,63.75,63.75,63.67,63.69,-0.07,-0.11%,208
2025-09-03 19:10,63.69,63.74,63.69,63.73,0.04,0.06%,51
2025-09-03 19:15,63.72,63.72,63.64,63.68,-0.05,-0.08%,151
2025-09-03 19:20,63.68,63.69,63.66,63.69,0.01,0.02%,80
2025-09-03 19:25,63.69,63.71,63.67,63.69,0,0.00%,54
2025-09-03 19:30,63.69,63.71,63.68,63.7,0.01,0.02%,48
2025-09-03 19:35,63.7,63.75,63.7,63.74,0.04,0.06%,92
2025-09-03 19:40,63.74,63.75,63.69,63.71,-0.03,-0.05%,61
2025-09-03 19:45,63.72,63.78,63.72,63.75,0.04,0.06%,91
2025-09-03 19:50,63.75,63.75,63.73,63.74,-0.01,-0.02%,45
2025-09-03 19:55,63.75,63.75,63.73,63.73,-0.01,-0.02%,51
2025-09-03 20:00,63.73,63.73,63.58,63.68,-0.05,-0.08%,639
2025-09-03 20:05,63.67,63.72,63.67,63.7,0.02,0.03%,120
2025-09-03 20:10,63.71,63.71,63.68,63.69,-0.01,-0.02%,75
2025-09-03 20:15,63.69,63.71,63.67,63.67,-0.02,-0.03%,66
2025-09-03 20:20,63.67,63.69,63.62,63.63,-0.04,-0.06%,81
2025-09-03 20:25,63.64,63.65,63.62,63.63,0,0.00%,91
2025-09-03 20:30,63.63,63.66,63.63,63.65,0.02,0.03%,69
2025-09-03 20:35,63.64,63.64,63.57,63.59,-0.06,-0.09%,182
2025-09-03 20:40,63.59,63.6,63.55,63.59,0,0.00%,182
2025-09-03 20:45,63.6,63.6,63.57,63.57,-0.02,-0.03%,67
2025-09-03 20:50,63.57,63.6,63.56,63.58,0.01,0.02%,136
2025-09-03 20:55,63.6,63.62,63.58,63.61,0.03,0.05%,152
2025-09-03 21:00,63.63,63.64,63.58,63.6,-0.01,-0.02%,88
2025-09-03 21:05,63.59,63.59,63.54,63.56,-0.04,-0.06%,110
2025-09-03 21:10,63.56,63.57,63.54,63.54,-0.02,-0.03%,114
2025-09-03 21:15,63.53,63.55,63.52,63.53,-0.01,-0.02%,137
2025-09-03 21:20,63.54,63.57,63.54,63.56,0.03,0.05%,64
2025-09-03 21:25,63.57,63.57,63.55,63.55,-0.01,-0.02%,65
2025-09-03 21:30,63.56,63.6,63.55,63.56,0.01,0.02%,124
2025-09-03 21:35,63.55,63.58,63.54,63.57,0.01,0.02%,87
2025-09-03 21:40,63.57,63.61,63.56,63.61,0.04,0.06%,95
2025-09-03 21:45,63.61,63.63,63.57,63.58,-0.03,-0.05%,153
2025-09-03 21:50,63.57,63.66,63.57,63.65,0.07,0.11%,150
2025-09-03 21:55,63.65,63.67,63.63,63.64,-0.01,-0.02%,85
2025-09-03 22:00,63.64,63.66,63.61,63.63,-0.01,-0.02%,88
2025-09-03 22:05,63.62,63.65,63.61,63.62,-0.01,-0.02%,35
2025-09-03 22:10,63.63,63.64,63.59,63.61,-0.01,-0.02%,81
2025-09-03 22:15,63.6,63.62,63.59,63.59,-0.02,-0.03%,44
2025-09-03 22:20,63.59,63.64,63.59,63.62,0.03,0.05%,88
2025-09-03 22:25,63.62,63.63,63.6,63.63,0.01,0.02%,63
2025-09-03 22:30,63.62,63.62,63.55,63.57,-0.06,-0.09%,115
2025-09-03 22:35,63.57,63.57,63.54,63.54,-0.03,-0.05%,52
2025-09-03 22:40,63.54,63.55,63.51,63.55,0.01,0.02%,77
2025-09-03 22:45,63.55,63.56,63.54,63.56,0.01,0.02%,41
2025-09-03 22:50,63.55,63.55,63.46,63.51,-0.05,-0.08%,284
2025-09-03 22:55,63.54,63.55,63.52,63.54,0.03,0.05%,40
2025-09-03 23:00,63.55,63.55,63.49,63.51,-0.03,-0.05%,202
2025-09-03 23:05,63.5,63.5,63.46,63.48,-0.03,-0.05%,76
2025-09-03 23:10,63.48,63.5,63.47,63.49,0.01,0.02%,43
2025-09-03 23:15,63.5,63.51,63.49,63.49,0,0.00%,50
2025-09-03 23:20,63.5,63.53,63.49,63.53,0.04,0.06%,34
2025-09-03 23:25,63.53,63.54,63.52,63.53,0,0.00%,42
2025-09-03 23:30,63.52,63.54,63.51,63.51,-0.02,-0.03%,35
2025-09-03 23:35,63.5,63.53,63.5,63.53,0.02,0.03%,19
2025-09-03 23:40,63.54,63.54,63.52,63.52,-0.01,-0.02%,17
2025-09-03 23:45,63.52,63.52,63.52,63.52,0,0.00%,14
2025-09-03 23:50,63.53,63.53,63.52,63.53,0.01,0.02%,15
2025-09-03 23:55,63.54,63.54,63.53,63.53,0,0.00%,14
2025-09-04 0:00,63.54,63.54,63.51,63.51,-0.02,-0.03%,63
2025-09-04 0:05,63.51,63.52,63.51,63.52,0.01,0.02%,36
2025-09-04 0:10,63.52,63.52,63.49,63.51,-0.01,-0.02%,163
2025-09-04 0:15,63.51,63.54,63.51,63.53,0.02,0.03%,46
2025-09-04 0:20,63.53,63.54,63.48,63.49,-0.04,-0.06%,96
2025-09-04 0:25,63.49,63.5,63.48,63.48,-0.01,-0.02%,56
2025-09-04 0:30,63.48,63.52,63.43,63.45,-0.03,-0.05%,164
2025-09-04 0:35,63.45,63.47,63.44,63.46,0.01,0.02%,70
2025-09-04 0:40,63.46,63.46,63.41,63.46,0,0.00%,102
2025-09-04 0:45,63.46,63.48,63.44,63.47,0.01,0.02%,171
2025-09-04 0:50,63.48,63.57,63.48,63.55,0.08,0.13%,141
2025-09-04 0:55,63.55,63.56,63.45,63.49,-0.06,-0.09%,197
2025-09-04 1:00,63.49,63.51,63.43,63.45,-0.04,-0.06%,207
2025-09-04 1:05,63.44,63.47,63.38,63.46,0.01,0.02%,428
2025-09-04 1:10,63.46,63.53,63.45,63.51,0.05,0.08%,185
2025-09-04 1:15,63.52,63.52,63.45,63.46,-0.05,-0.08%,171
2025-09-04 1:20,63.45,63.48,63.37,63.4,-0.06,-0.09%,257
2025-09-04 1:25,63.41,63.44,63.38,63.42,0.02,0.03%,265
2025-09-04 1:30,63.42,63.43,63.27,63.27,-0.15,-0.24%,837
2025-09-04 1:35,63.27,63.31,63.25,63.3,0.03,0.05%,300
2025-09-04 1:40,63.3,63.35,63.29,63.32,0.02,0.03%,308
2025-09-04 1:45,63.31,63.32,63.28,63.3,-0.02,-0.03%,250
2025-09-04 1:50,63.3,63.31,63.2,63.22,-0.08,-0.13%,489
2025-09-04 1:55,63.23,63.28,63.2,63.24,0.02,0.03%,602
2025-09-04 2:00,63.23,63.25,63.06,63.09,-0.15,-0.24%,1220
2025-09-04 2:05,63.09,63.16,63.05,63.15,0.06,0.10%,638
2025-09-04 2:10,63.16,63.3,63.15,63.28,0.13,0.21%,460
2025-09-04 2:15,63.28,63.32,63.24,63.29,0.01,0.02%,364
2025-09-04 2:20,63.3,63.35,63.27,63.3,0.01,0.02%,295
2025-09-04 2:25,63.31,63.36,63.2,63.22,-0.08,-0.13%,474
2025-09-04 2:30,63.22,63.24,63.17,63.18,-0.04,-0.06%,289
2025-09-04 2:35,63.17,63.28,63.16,63.26,0.08,0.13%,243
2025-09-04 2:40,63.27,63.33,63.26,63.33,0.07,0.11%,308
2025-09-04 2:45,63.33,63.33,63.22,63.23,-0.1,-0.16%,210
2025-09-04 2:50,63.23,63.24,63.12,63.12,-0.11,-0.17%,338
2025-09-04 2:55,63.13,63.14,63.09,63.13,0.01,0.02%,397
2025-09-04 3:00,63.13,63.19,63.1,63.14,0.01,0.02%,484
2025-09-04 3:05,63.15,63.23,63.09,63.23,0.09,0.14%,394
2025-09-04 3:10,63.23,63.28,63.2,63.21,-0.02,-0.03%,350
2025-09-04 3:15,63.2,63.49,63.19,63.49,0.28,0.44%,2874
2025-09-04 3:20,63.48,63.73,63.44,63.53,0.04,0.06%,3985
2025-09-04 3:25,63.53,63.53,63.29,63.41,-0.12,-0.19%,1786
2025-09-04 3:30,63.4,63.43,63.33,63.35,-0.06,-0.09%,618
2025-09-04 3:35,63.36,63.41,63.33,63.36,0.01,0.02%,353
2025-09-04 3:40,63.36,63.39,63.3,63.3,-0.06,-0.09%,769
2025-09-04 3:45,63.29,63.36,63.28,63.34,0.04,0.06%,398
2025-09-04 3:50,63.35,63.4,63.33,63.37,0.03,0.05%,475
2025-09-04 3:55,63.37,63.42,63.32,63.35,-0.02,-0.03%,417
2025-09-04 4:00,63.34,63.41,63.24,63.28,-0.07,-0.11%,412
2025-09-04 4:05,63.28,63.28,63.2,63.23,-0.05,-0.08%,430
2025-09-04 4:10,63.23,63.27,63.22,63.24,0.01,0.02%,304
2025-09-04 4:15,63.24,63.24,63.14,63.18,-0.06,-0.09%,282
2025-09-04 4:20,63.19,63.22,63.18,63.22,0.04,0.06%,330
2025-09-04 4:25,63.22,63.34,63.22,63.29,0.07,0.11%,385
2025-09-04 4:30,63.29,63.31,63.17,63.23,-0.06,-0.09%,220
2025-09-04 4:35,63.23,63.26,63.2,63.24,0.01,0.02%,134
2025-09-04 4:40,63.24,63.28,63.21,63.25,0.01,0.02%,392
2025-09-04 4:45,63.26,63.27,63.21,63.24,-0.01,-0.02%,231
2025-09-04 4:50,63.23,63.31,63.21,63.3,0.06,0.09%,315
2025-09-04 4:55,63.3,63.31,63.18,63.22,-0.08,-0.13%,416
2025-09-04 5:00,63.23,63.33,63.19,63.2,-0.02,-0.03%,1026
2025-09-04 5:05,63.2,63.23,63.2,63.22,0.02,0.03%,174
2025-09-04 5:10,63.22,63.27,63.2,63.23,0.01,0.02%,330
2025-09-04 5:15,63.23,63.23,63.13,63.14,-0.09,-0.14%,645
2025-09-04 5:20,63.14,63.22,63.13,63.16,0.02,0.03%,335
2025-09-04 5:25,63.17,63.19,63.15,63.18,0.02,0.03%,121
2025-09-04 5:30,63.18,63.19,63.06,63.07,-0.11,-0.17%,568
2025-09-04 5:35,63.07,63.07,62.87,62.98,-0.09,-0.14%,1770
2025-09-04 5:40,62.98,63,62.91,62.95,-0.03,-0.05%,594
2025-09-04 5:45,62.95,63.02,62.94,63.02,0.07,0.11%,428
2025-09-04 5:50,63.01,63.02,62.95,63.01,-0.01,-0.02%,714
2025-09-04 5:55,63.01,63.01,62.93,62.96,-0.05,-0.08%,412
2025-09-04 6:00,62.96,62.99,62.91,62.97,0.01,0.02%,719
2025-09-04 6:05,62.97,63.09,62.94,63.06,0.09,0.14%,647
2025-09-04 6:10,63.05,63.22,63.03,63.21,0.15,0.24%,984
2025-09-04 6:15,63.2,63.23,63.17,63.18,-0.03,-0.05%,438
2025-09-04 6:20,63.19,63.3,63.18,63.29,0.11,0.17%,575
2025-09-04 6:25,63.3,63.32,63.28,63.31,0.02,0.03%,465
2025-09-04 6:30,63.31,63.42,63.31,63.41,0.1,0.16%,814
2025-09-04 6:35,63.4,63.44,63.36,63.43,0.02,0.03%,576
2025-09-04 6:40,63.43,63.48,63.37,63.4,-0.03,-0.05%,801
2025-09-04 6:45,63.41,63.41,63.29,63.31,-0.09,-0.14%,732
2025-09-04 6:50,63.32,63.34,63.3,63.33,0.02,0.03%,327
2025-09-04 6:55,63.33,63.38,63.33,63.36,0.03,0.05%,197
2025-09-04 7:00,63.36,63.37,63.26,63.32,-0.04,-0.06%,638
2025-09-04 7:05,63.32,63.42,63.31,63.37,0.05,0.08%,619
2025-09-04 7:10,63.36,63.38,63.31,63.32,-0.05,-0.08%,371
2025-09-04 7:15,63.33,63.34,63.25,63.3,-0.02,-0.03%,387
2025-09-04 7:20,63.3,63.37,63.27,63.37,0.07,0.11%,460
2025-09-04 7:25,63.37,63.38,63.33,63.34,-0.03,-0.05%,343
2025-09-04 7:30,63.35,63.38,63.29,63.3,-0.04,-0.06%,522
2025-09-04 7:35,63.3,63.31,63.2,63.25,-0.05,-0.08%,621
2025-09-04 7:40,63.25,63.25,63.19,63.23,-0.02,-0.03%,555
2025-09-04 7:45,63.24,63.25,63.17,63.19,-0.04,-0.06%,510
2025-09-04 7:50,63.19,63.25,63.15,63.22,0.03,0.05%,581
2025-09-04 7:55,63.22,63.27,63.2,63.24,0.02,0.03%,588
2025-09-04 8:00,63.23,63.32,63.06,63.09,-0.15,-0.24%,1993
2025-09-04 8:05,63.08,63.12,62.97,62.99,-0.1,-0.16%,1125
2025-09-04 8:10,62.99,63.06,62.72,63.05,0.06,0.10%,3638
2025-09-04 8:15,63.04,63.22,63.01,63.09,0.04,0.06%,2019
2025-09-04 8:20,63.09,63.17,63.07,63.12,0.03,0.05%,1046
2025-09-04 8:25,63.11,63.19,63.11,63.14,0.02,0.03%,599
2025-09-04 8:30,63.14,63.25,63.12,63.15,0.01,0.02%,1435
2025-09-04 8:35,63.14,63.37,63.14,63.34,0.19,0.30%,1390
2025-09-04 8:40,63.35,63.37,63.22,63.29,-0.05,-0.08%,1674
2025-09-04 8:45,63.29,63.31,63.18,63.24,-0.05,-0.08%,1130
2025-09-04 8:50,63.23,63.24,63.16,63.17,-0.07,-0.11%,812
2025-09-04 8:55,63.18,63.22,63.12,63.19,0.02,0.03%,751
2025-09-04 9:00,63.18,63.25,63.01,63.04,-0.15,-0.24%,1334
2025-09-04 9:05,63.03,63.31,63,63.14,0.1,0.16%,4350
2025-09-04 9:10,63.13,63.15,63.04,63.08,-0.06,-0.10%,1222
2025-09-04 9:15,63.08,63.2,63.04,63.1,0.02,0.03%,892
2025-09-04 9:20,63.1,63.27,63.09,63.2,0.1,0.16%,1359
2025-09-04 9:25,63.2,63.45,63.19,63.36,0.16,0.25%,4648
2025-09-04 9:30,63.36,63.39,63.23,63.32,-0.04,-0.06%,1773
2025-09-04 9:35,63.32,63.38,63.24,63.34,0.02,0.03%,937
2025-09-04 9:40,63.34,63.35,63.2,63.34,0,0.00%,1026
2025-09-04 9:45,63.33,63.42,63.32,63.41,0.07,0.11%,1143
2025-09-04 9:50,63.41,63.45,63.37,63.43,0.02,0.03%,751
2025-09-04 9:55,63.44,63.59,63.44,63.52,0.09,0.14%,1590
2025-09-04 10:00,63.52,63.56,63.5,63.5,-0.02,-0.03%,928
2025-09-04 10:05,63.5,63.57,63.46,63.52,0.02,0.03%,1239
2025-09-04 10:10,63.52,63.59,63.49,63.53,0.01,0.02%,1153
2025-09-04 10:15,63.53,63.56,63.48,63.54,0.01,0.02%,687
2025-09-04 10:20,63.54,63.56,63.46,63.55,0.01,0.02%,800
2025-09-04 10:25,63.56,63.6,63.53,63.56,0.01,0.02%,909
2025-09-04 10:30,63.57,63.7,63.51,63.64,0.08,0.13%,1571
2025-09-04 10:35,63.64,63.65,63.55,63.58,-0.06,-0.09%,871
2025-09-04 10:40,63.58,63.61,63.46,63.46,-0.12,-0.19%,974
2025-09-04 10:45,63.46,63.49,63.36,63.44,-0.02,-0.03%,1267
2025-09-04 10:50,63.44,63.47,63.42,63.46,0.02,0.03%,399
2025-09-04 10:55,63.47,63.48,63.43,63.46,0,0.00%,533
2025-09-04 11:00,63.45,63.53,63.28,63.41,-0.05,-0.08%,2676
2025-09-04 11:05,63.4,63.59,63.35,63.58,0.17,0.27%,1335
2025-09-04 11:10,63.59,63.61,63.48,63.53,-0.05,-0.08%,677
2025-09-04 11:15,63.52,63.53,63.41,63.5,-0.03,-0.05%,609
2025-09-04 11:20,63.49,63.65,63.47,63.6,0.1,0.16%,938
2025-09-04 11:25,63.6,63.67,63.6,63.61,0.01,0.02%,527
2025-09-04 11:30,63.61,63.62,63.58,63.6,-0.01,-0.02%,484
2025-09-04 11:35,63.61,63.64,63.59,63.61,0.01,0.02%,476
2025-09-04 11:40,63.61,63.65,63.6,63.64,0.03,0.05%,457
2025-09-04 11:45,63.63,63.67,63.6,63.67,0.03,0.05%,627
2025-09-04 11:50,63.66,63.66,63.57,63.62,-0.05,-0.08%,585
2025-09-04 11:55,63.61,63.64,63.57,63.6,-0.02,-0.03%,391
2025-09-04 12:00,63.6,63.64,63.58,63.64,0.04,0.06%,572
2025-09-04 12:05,63.65,63.69,63.62,63.66,0.02,0.03%,954
2025-09-04 12:10,63.67,63.69,63.6,63.67,0.01,0.02%,1037
2025-09-04 12:15,63.68,63.69,63.64,63.67,0,0.00%,616
2025-09-04 12:20,63.67,63.68,63.62,63.67,0,0.00%,896
2025-09-04 12:25,63.66,63.67,63.42,63.56,-0.11,-0.17%,2024
2025-09-04 12:30,63.56,63.56,63.45,63.48,-0.08,-0.13%,716
2025-09-04 12:35,63.48,63.52,63.47,63.51,0.03,0.05%,756
2025-09-04 12:40,63.51,63.56,63.49,63.5,-0.01,-0.02%,662
2025-09-04 12:45,63.49,63.63,63.49,63.54,0.04,0.06%,1037
2025-09-04 12:50,63.53,63.6,63.51,63.58,0.04,0.06%,748
2025-09-04 12:55,63.58,63.6,63.56,63.57,-0.01,-0.02%,556
2025-09-04 13:00,63.57,63.64,63.56,63.61,0.04,0.06%,577
2025-09-04 13:05,63.6,63.61,63.52,63.57,-0.04,-0.06%,849
2025-09-04 13:10,63.56,63.57,63.48,63.5,-0.07,-0.11%,726
2025-09-04 13:15,63.51,63.55,63.47,63.52,0.02,0.03%,1044
2025-09-04 13:20,63.52,63.54,63.38,63.42,-0.1,-0.16%,1646
2025-09-04 13:25,63.42,63.58,63.39,63.46,0.04,0.06%,5849
2025-09-04 13:30,63.47,63.47,63.41,63.43,-0.03,-0.05%,1172
2025-09-04 13:35,63.43,63.43,63.38,63.42,-0.01,-0.02%,625
2025-09-04 13:40,63.43,63.45,63.41,63.43,0.01,0.02%,191
2025-09-04 13:45,63.44,63.47,63.42,63.45,0.02,0.03%,558
2025-09-04 13:50,63.45,63.45,63.4,63.42,-0.03,-0.05%,184
2025-09-04 13:55,63.43,63.45,63.41,63.43,0.01,0.02%,213
2025-09-04 14:00,63.43,63.43,63.35,63.36,-0.07,-0.11%,386
2025-09-04 14:05,63.35,63.4,63.33,63.38,0.02,0.03%,420
2025-09-04 14:10,63.39,63.4,63.33,63.33,-0.05,-0.08%,416
2025-09-04 14:15,63.33,63.36,63.32,63.34,0.01,0.02%,233
2025-09-04 14:20,63.34,63.4,63.31,63.37,0.03,0.05%,494
2025-09-04 14:25,63.37,63.38,63.34,63.36,-0.01,-0.02%,235
2025-09-04 14:30,63.36,63.36,63.28,63.32,-0.04,-0.06%,360
2025-09-04 14:35,63.32,63.37,63.32,63.35,0.03,0.05%,115
2025-09-04 14:40,63.36,63.38,63.27,63.28,-0.07,-0.11%,325
2025-09-04 14:45,63.28,63.32,63.25,63.3,0.02,0.03%,328
2025-09-04 14:50,63.31,63.32,63.3,63.3,0,0.00%,194
2025-09-04 14:55,63.31,63.35,63.3,63.33,0.03,0.05%,250
2025-09-04 15:00,63.34,63.36,63.33,63.34,0.01,0.02%,113
2025-09-04 15:05,63.33,63.33,63.29,63.31,-0.03,-0.05%,179
2025-09-04 15:10,63.3,63.31,63.29,63.3,-0.01,-0.02%,33
2025-09-04 15:15,63.3,63.32,63.28,63.28,-0.02,-0.03%,76
2025-09-04 15:20,63.29,63.29,63.27,63.29,0.01,0.02%,62
2025-09-04 15:25,63.3,63.36,63.3,63.34,0.05,0.08%,431
2025-09-04 15:30,63.34,63.36,63.29,63.29,-0.05,-0.08%,181
2025-09-04 15:35,63.3,63.33,63.29,63.32,0.03,0.05%,111
2025-09-04 15:40,63.32,63.32,63.26,63.26,-0.06,-0.09%,150
2025-09-04 15:45,63.27,63.3,63.26,63.28,0.02,0.03%,147
2025-09-04 15:50,63.3,63.31,63.29,63.3,0.02,0.03%,137
2025-09-04 15:55,63.29,63.34,63.28,63.34,0.04,0.06%,189
2025-09-04 17:00,63.33,63.35,63.23,63.32,-0.02,-0.03%,185
2025-09-04 17:05,63.32,63.34,63.32,63.33,0.01,0.02%,23
2025-09-04 17:10,63.33,63.35,63.32,63.33,0,0.00%,23
2025-09-04 17:15,63.34,63.38,63.34,63.35,0.02,0.03%,39
2025-09-04 17:20,63.35,63.38,63.34,63.34,-0.01,-0.02%,27
2025-09-04 17:25,63.35,63.35,63.33,63.33,-0.01,-0.02%,17
2025-09-04 17:30,63.35,63.37,63.3,63.3,-0.03,-0.05%,71
2025-09-04 17:35,63.3,63.31,63.28,63.31,0.01,0.02%,41
2025-09-04 17:40,63.29,63.29,63.25,63.25,-0.06,-0.09%,46
2025-09-04 17:45,63.26,63.27,63.26,63.27,0.02,0.03%,23
2025-09-04 17:50,63.28,63.28,63.28,63.28,0.01,0.02%,2
2025-09-04 17:55,63.29,63.29,63.28,63.28,0,0.00%,13
2025-09-04 18:00,63.28,63.29,63.27,63.28,0,0.00%,9
2025-09-04 18:05,63.27,63.27,63.27,63.27,-0.01,-0.02%,1
2025-09-04 18:10,63.27,63.29,63.27,63.29,0.02,0.03%,3
2025-09-04 18:15,63.3,63.3,63.3,63.3,0.01,0.02%,1
2025-09-04 18:20,63.3,63.31,63.29,63.3,0,0.00%,19
2025-09-04 18:25,63.31,63.33,63.31,63.33,0.03,0.05%,9
2025-09-04 18:30,63.33,63.33,63.3,63.3,-0.03,-0.05%,10
2025-09-04 18:35,63.29,63.31,63.29,63.3,0,0.00%,21
2025-09-04 18:40,63.3,63.34,63.3,63.32,0.02,0.03%,78
2025-09-04 18:45,63.33,63.33,63.33,63.33,0.01,0.02%,11
2025-09-04 18:50,63.33,63.33,63.33,63.33,0,0.00%,8
2025-09-04 18:55,63.33,63.33,63.3,63.3,-0.03,-0.05%,22
2025-09-04 19:00,63.31,63.31,63.22,63.26,-0.04,-0.06%,214
2025-09-04 19:05,63.26,63.28,63.26,63.27,0.01,0.02%,72
2025-09-04 19:10,63.27,63.31,63.27,63.31,0.04,0.06%,86
2025-09-04 19:15,63.32,63.33,63.27,63.29,-0.02,-0.03%,76
2025-09-04 19:20,63.29,63.31,63.29,63.29,0,0.00%,58
2025-09-04 19:25,63.29,63.29,63.28,63.28,-0.01,-0.02%,17
2025-09-04 19:30,63.28,63.34,63.28,63.33,0.05,0.08%,24
2025-09-04 19:35,63.33,63.34,63.32,63.34,0.01,0.02%,40
2025-09-04 19:40,63.33,63.33,63.3,63.3,-0.04,-0.06%,31
2025-09-04 19:45,63.31,63.32,63.31,63.31,0.01,0.02%,36
2025-09-04 19:50,63.31,63.31,63.29,63.29,-0.02,-0.03%,45
2025-09-04 19:55,63.3,63.31,63.27,63.29,0,0.00%,81
2025-09-04 20:00,63.3,63.32,63.27,63.3,0.01,0.02%,230
2025-09-04 20:05,63.3,63.3,63.24,63.26,-0.04,-0.06%,120
2025-09-04 20:10,63.25,63.25,63.2,63.2,-0.06,-0.09%,128
2025-09-04 20:15,63.2,63.23,63.2,63.23,0.03,0.05%,57
2025-09-04 20:20,63.22,63.22,63.13,63.14,-0.09,-0.14%,283
2025-09-04 20:25,63.14,63.17,63.13,63.17,0.03,0.05%,64
2025-09-04 20:30,63.16,63.17,63.14,63.16,-0.01,-0.02%,66
2025-09-04 20:35,63.16,63.19,63.15,63.19,0.03,0.05%,34
2025-09-04 20:40,63.19,63.22,63.18,63.2,0.01,0.02%,65
2025-09-04 20:45,63.2,63.2,63.16,63.19,-0.01,-0.02%,84
2025-09-04 20:50,63.18,63.22,63.17,63.21,0.02,0.03%,39
2025-09-04 20:55,63.21,63.24,63.19,63.23,0.02,0.03%,79
2025-09-04 21:00,63.21,63.23,63.17,63.23,0,0.00%,72
2025-09-04 21:05,63.23,63.24,63.22,63.23,0,0.00%,39
2025-09-04 21:10,63.24,63.24,63.2,63.2,-0.03,-0.05%,44
2025-09-04 21:15,63.21,63.24,63.21,63.24,0.04,0.06%,16
2025-09-04 21:20,63.23,63.23,63.21,63.23,-0.01,-0.02%,51
2025-09-04 21:25,63.23,63.29,63.23,63.27,0.04,0.06%,93
2025-09-04 21:30,63.28,63.28,63.25,63.26,-0.01,-0.02%,74
2025-09-04 21:35,63.28,63.37,63.28,63.33,0.07,0.11%,141
2025-09-04 21:40,63.33,63.33,63.29,63.31,-0.02,-0.03%,68
2025-09-04 21:45,63.32,63.32,63.3,63.31,0,0.00%,38
2025-09-04 21:50,63.32,63.32,63.3,63.3,-0.01,-0.02%,41
2025-09-04 21:55,63.3,63.36,63.3,63.33,0.03,0.05%,78
2025-09-04 22:00,63.34,63.35,63.31,63.34,0.01,0.02%,33
2025-09-04 22:05,63.35,63.36,63.34,63.36,0.02,0.03%,32
2025-09-04 22:10,63.36,63.37,63.33,63.36,0,0.00%,47
2025-09-04 22:15,63.36,63.36,63.32,63.34,-0.02,-0.03%,56
2025-09-04 22:20,63.34,63.36,63.34,63.35,0.01,0.02%,46
2025-09-04 22:25,63.35,63.35,63.33,63.34,-0.01,-0.02%,18
2025-09-04 22:30,63.34,63.37,63.34,63.36,0.02,0.03%,57
2025-09-04 22:35,63.36,63.36,63.32,63.33,-0.03,-0.05%,30
2025-09-04 22:40,63.33,63.34,63.32,63.34,0.01,0.02%,29
2025-09-04 22:45,63.34,63.34,63.31,63.33,-0.01,-0.02%,54
2025-09-04 22:50,63.33,63.33,63.32,63.33,0,0.00%,15
2025-09-04 22:55,63.33,63.33,63.33,63.33,0,0.00%,14
2025-09-04 23:00,63.32,63.36,63.31,63.34,0.01,0.02%,94
2025-09-04 23:05,63.33,63.35,63.33,63.33,-0.01,-0.02%,100
2025-09-04 23:10,63.34,63.35,63.33,63.34,0.01,0.02%,44
2025-09-04 23:15,63.34,63.36,63.34,63.35,0.01,0.02%,43
2025-09-04 23:20,63.36,63.4,63.36,63.37,0.02,0.03%,135
2025-09-04 23:25,63.38,63.38,63.33,63.33,-0.04,-0.06%,48
2025-09-04 23:30,63.34,63.34,63.31,63.34,0.01,0.02%,62
2025-09-04 23:35,63.34,63.35,63.33,63.34,0,0.00%,13
2025-09-04 23:40,63.34,63.35,63.33,63.35,0.01,0.02%,42
2025-09-04 23:45,63.34,63.34,63.33,63.33,-0.02,-0.03%,14
2025-09-04 23:50,63.33,63.34,63.32,63.33,0,0.00%,29
2025-09-04 23:55,63.34,63.34,63.32,63.33,0,0.00%,21
2025-09-05 0:00,63.32,63.33,63.29,63.3,-0.03,-0.05%,62
2025-09-05 0:05,63.3,63.35,63.3,63.34,0.04,0.06%,52
2025-09-05 0:10,63.34,63.34,63.3,63.3,-0.04,-0.06%,46
2025-09-05 0:15,63.31,63.32,63.3,63.31,0.01,0.02%,22
2025-09-05 0:20,63.3,63.31,63.28,63.3,-0.01,-0.02%,53
2025-09-05 0:25,63.29,63.33,63.29,63.33,0.03,0.05%,42
2025-09-05 0:30,63.33,63.35,63.29,63.3,-0.03,-0.05%,135
2025-09-05 0:35,63.3,63.39,63.3,63.37,0.07,0.11%,93
2025-09-05 0:40,63.37,63.38,63.31,63.35,-0.02,-0.03%,109
2025-09-05 0:45,63.36,63.41,63.35,63.4,0.05,0.08%,189
2025-09-05 0:50,63.4,63.4,63.33,63.34,-0.06,-0.09%,145
2025-09-05 0:55,63.34,63.37,63.34,63.34,0,0.00%,56
2025-09-05 1:00,63.34,63.42,63.33,63.37,0.03,0.05%,182
2025-09-05 1:05,63.36,63.36,63.23,63.24,-0.13,-0.21%,577
2025-09-05 1:10,63.25,63.28,63.22,63.28,0.04,0.06%,250
2025-09-05 1:15,63.28,63.31,63.22,63.22,-0.06,-0.09%,177
2025-09-05 1:20,63.22,63.23,63.12,63.16,-0.06,-0.09%,418
2025-09-05 1:25,63.17,63.27,63.17,63.26,0.1,0.16%,275
2025-09-05 1:30,63.26,63.34,63.26,63.31,0.05,0.08%,189
2025-09-05 1:35,63.31,63.34,63.23,63.24,-0.07,-0.11%,175
2025-09-05 1:40,63.25,63.27,63.23,63.24,0,0.00%,93
2025-09-05 1:45,63.25,63.25,63.17,63.17,-0.07,-0.11%,168
2025-09-05 1:50,63.17,63.18,63.07,63.12,-0.05,-0.08%,450
2025-09-05 1:55,63.1,63.2,63.09,63.2,0.08,0.13%,237
2025-09-05 2:00,63.19,63.19,63.04,63.15,-0.05,-0.08%,763
2025-09-05 2:05,63.15,63.18,63.12,63.18,0.03,0.05%,209
2025-09-05 2:10,63.18,63.19,63.11,63.19,0.01,0.02%,231
2025-09-05 2:15,63.18,63.23,63.16,63.19,0,0.00%,251
2025-09-05 2:20,63.18,63.18,63.08,63.1,-0.09,-0.14%,234
2025-09-05 2:25,63.1,63.15,63.08,63.12,0.02,0.03%,188
2025-09-05 2:30,63.13,63.23,63.13,63.22,0.1,0.16%,246
2025-09-05 2:35,63.23,63.28,63.19,63.2,-0.02,-0.03%,217
2025-09-05 2:40,63.2,63.28,63.2,63.22,0.02,0.03%,247
2025-09-05 2:45,63.21,63.29,63.19,63.25,0.03,0.05%,205
2025-09-05 2:50,63.25,63.25,63.11,63.14,-0.11,-0.17%,354
2025-09-05 2:55,63.13,63.18,63.11,63.17,0.03,0.05%,217
2025-09-05 3:00,63.16,63.2,63.08,63.18,0.01,0.02%,521
2025-09-05 3:05,63.18,63.19,63.05,63.13,-0.05,-0.08%,367
2025-09-05 3:10,63.14,63.2,63.1,63.11,-0.02,-0.03%,300
2025-09-05 3:15,63.11,63.16,63.1,63.13,0.02,0.03%,238
2025-09-05 3:20,63.13,63.22,63.12,63.21,0.08,0.13%,325
2025-09-05 3:25,63.2,63.24,63.15,63.21,0,0.00%,581
2025-09-05 3:30,63.21,63.31,63.2,63.23,0.02,0.03%,751
2025-09-05 3:35,63.23,63.36,63.2,63.3,0.07,0.11%,575
2025-09-05 3:40,63.3,63.3,63.21,63.22,-0.08,-0.13%,358
2025-09-05 3:45,63.22,63.39,63.22,63.38,0.16,0.25%,533
2025-09-05 3:50,63.38,63.39,63.32,63.34,-0.04,-0.06%,319
2025-09-05 3:55,63.35,63.39,63.35,63.38,0.04,0.06%,280
2025-09-05 4:00,63.38,63.42,63.33,63.38,0,0.00%,345
2025-09-05 4:05,63.37,63.45,63.35,63.4,0.02,0.03%,337
2025-09-05 4:10,63.4,63.49,63.4,63.41,0.01,0.02%,624
2025-09-05 4:15,63.41,63.42,63.36,63.37,-0.04,-0.06%,206
2025-09-05 4:20,63.37,63.37,63.31,63.34,-0.03,-0.05%,199
2025-09-05 4:25,63.34,63.34,63.19,63.31,-0.03,-0.05%,758
2025-09-05 4:30,63.31,63.31,63.15,63.22,-0.09,-0.14%,696
2025-09-05 4:35,63.21,63.32,63.2,63.29,0.07,0.11%,213
2025-09-05 4:40,63.3,63.44,63.3,63.37,0.08,0.13%,345
2025-09-05 4:45,63.36,63.44,63.34,63.41,0.04,0.06%,265
2025-09-05 4:50,63.41,63.42,63.34,63.35,-0.06,-0.09%,264
2025-09-05 4:55,63.35,63.4,63.35,63.37,0.02,0.03%,164
2025-09-05 5:00,63.36,63.37,63.31,63.32,-0.05,-0.08%,294
2025-09-05 5:05,63.32,63.33,63.26,63.26,-0.06,-0.09%,197
2025-09-05 5:10,63.27,63.35,63.24,63.33,0.07,0.11%,364
2025-09-05 5:15,63.33,63.33,63.19,63.24,-0.09,-0.14%,593
2025-09-05 5:20,63.24,63.25,63.17,63.18,-0.06,-0.09%,364
2025-09-05 5:25,63.19,63.24,63.15,63.15,-0.03,-0.05%,320
2025-09-05 5:30,63.15,63.21,63.14,63.21,0.06,0.10%,288
2025-09-05 5:35,63.21,63.21,63.07,63.09,-0.12,-0.19%,626
2025-09-05 5:40,63.08,63.09,63,63.01,-0.08,-0.13%,780
2025-09-05 5:45,63.02,63.05,62.94,63.01,0,0.00%,802
2025-09-05 5:50,63.01,63.01,62.84,62.87,-0.14,-0.22%,1383
2025-09-05 5:55,62.86,62.88,62.79,62.88,0.01,0.02%,708
2025-09-05 6:00,62.88,62.95,62.88,62.92,0.04,0.06%,656
2025-09-05 6:05,62.92,62.97,62.88,62.95,0.03,0.05%,462
2025-09-05 6:10,62.96,63.02,62.95,62.99,0.04,0.06%,484
2025-09-05 6:15,62.98,63.01,62.97,63,0.01,0.02%,209
2025-09-05 6:20,63,63.09,63,63.06,0.06,0.10%,475
2025-09-05 6:25,63.07,63.12,63.07,63.09,0.03,0.05%,366
2025-09-05 6:30,63.08,63.09,63.01,63.04,-0.05,-0.08%,390
2025-09-05 6:35,63.04,63.07,63.01,63.04,0,0.00%,355
2025-09-05 6:40,63.05,63.13,63.04,63.13,0.09,0.14%,305
2025-09-05 6:45,63.12,63.14,63.06,63.07,-0.06,-0.10%,217
2025-09-05 6:50,63.07,63.08,62.94,62.94,-0.13,-0.21%,593
2025-09-05 6:55,62.94,62.94,62.86,62.88,-0.06,-0.10%,612
2025-09-05 7:00,62.88,62.97,62.87,62.94,0.06,0.10%,735
2025-09-05 7:05,62.94,62.97,62.68,62.73,-0.21,-0.33%,1552
2025-09-05 7:10,62.72,62.8,62.67,62.75,0.02,0.03%,1202
2025-09-05 7:15,62.74,62.81,62.71,62.74,-0.01,-0.02%,923
2025-09-05 7:20,62.74,62.81,62.71,62.77,0.03,0.05%,1066
2025-09-05 7:25,62.77,62.79,62.69,62.76,-0.01,-0.02%,863
2025-09-05 7:30,62.76,62.89,62.67,62.77,0.01,0.02%,1430
2025-09-05 7:35,62.76,62.82,62.61,62.69,-0.08,-0.13%,1631
2025-09-05 7:40,62.69,62.69,62.59,62.64,-0.05,-0.08%,1681
2025-09-05 7:45,62.63,62.75,62.61,62.73,0.09,0.14%,1544
2025-09-05 7:50,62.73,62.74,61.77,62.1,-0.63,-1.00%,12661
2025-09-05 7:55,62.1,62.77,62.02,62.19,0.09,0.14%,9330
2025-09-05 8:00,62.18,62.36,62.12,62.16,-0.03,-0.05%,4047
2025-09-05 8:05,62.15,62.22,62.1,62.2,0.04,0.06%,2288
2025-09-05 8:10,62.2,62.21,61.93,61.96,-0.24,-0.39%,3131
2025-09-05 8:15,61.97,62.09,61.95,61.97,0.01,0.02%,1956
2025-09-05 8:20,61.97,62.15,61.97,62.05,0.08,0.13%,2284
2025-09-05 8:25,62.05,62.43,62.04,62.39,0.34,0.55%,3163
2025-09-05 8:30,62.38,62.39,62.2,62.2,-0.19,-0.30%,3058
2025-09-05 8:35,62.2,62.25,62.12,62.17,-0.03,-0.05%,1518
2025-09-05 8:40,62.17,62.21,62.12,62.12,-0.05,-0.08%,1447
2025-09-05 8:45,62.11,62.21,62.09,62.12,0,0.00%,1177
2025-09-05 8:50,62.11,62.18,62.02,62.09,-0.03,-0.05%,1242
2025-09-05 8:55,62.09,62.2,62.08,62.12,0.03,0.05%,1122
2025-09-05 9:00,62.13,62.13,61.89,61.92,-0.2,-0.32%,2215
2025-09-05 9:05,61.91,62.11,61.9,61.97,0.05,0.08%,1806
2025-09-05 9:10,61.98,62.06,61.93,61.95,-0.02,-0.03%,1348
2025-09-05 9:15,61.95,62.06,61.92,61.98,0.03,0.05%,1105
2025-09-05 9:20,61.98,62.06,61.96,62.01,0.03,0.05%,1051
2025-09-05 9:25,62.01,62.05,61.87,61.91,-0.1,-0.16%,1652
2025-09-05 9:30,61.92,62.04,61.89,61.94,0.03,0.05%,1921
2025-09-05 9:35,61.94,62.02,61.91,61.95,0.01,0.02%,1531
2025-09-05 9:40,61.96,61.99,61.86,61.88,-0.07,-0.11%,837
2025-09-05 9:45,61.88,61.9,61.79,61.81,-0.07,-0.11%,1557
2025-09-05 9:50,61.81,62.04,61.79,61.87,0.06,0.10%,2298
2025-09-05 9:55,61.87,61.93,61.7,61.82,-0.05,-0.08%,2524
2025-09-05 10:00,61.82,61.94,61.77,61.78,-0.04,-0.06%,1321
2025-09-05 10:05,61.78,61.79,61.66,61.69,-0.09,-0.15%,1903
2025-09-05 10:10,61.69,61.7,61.55,61.61,-0.08,-0.13%,3222
2025-09-05 10:15,61.61,61.67,61.53,61.55,-0.06,-0.10%,2562
2025-09-05 10:20,61.54,61.62,61.52,61.6,0.05,0.08%,2266
2025-09-05 10:25,61.59,61.59,61.48,61.53,-0.07,-0.11%,2599
2025-09-05 10:30,61.53,61.65,61.47,61.6,0.07,0.11%,1895
2025-09-05 10:35,61.6,61.68,61.56,61.67,0.07,0.11%,1304
2025-09-05 10:40,61.68,61.76,61.65,61.66,-0.01,-0.02%,1724
2025-09-05 10:45,61.67,61.69,61.52,61.53,-0.13,-0.21%,1539
2025-09-05 10:50,61.53,61.6,61.47,61.51,-0.02,-0.03%,1128
2025-09-05 10:55,61.5,61.57,61.5,61.53,0.02,0.03%,1316
2025-09-05 11:00,61.53,61.56,61.5,61.52,-0.01,-0.02%,1042
2025-09-05 11:05,61.52,61.58,61.52,61.56,0.04,0.07%,751
2025-09-05 11:10,61.57,61.57,61.51,61.54,-0.02,-0.03%,801
2025-09-05 11:15,61.55,61.58,61.46,61.56,0.02,0.03%,1116
2025-09-05 11:20,61.56,61.56,61.45,61.53,-0.03,-0.05%,1164
2025-09-05 11:25,61.53,61.58,61.51,61.57,0.04,0.07%,726
2025-09-05 11:30,61.56,61.66,61.56,61.63,0.06,0.10%,908
2025-09-05 11:35,61.64,61.7,61.59,61.59,-0.04,-0.06%,714
2025-09-05 11:40,61.58,61.7,61.56,61.68,0.09,0.15%,898
2025-09-05 11:45,61.68,61.73,61.66,61.71,0.03,0.05%,875
2025-09-05 11:50,61.71,61.82,61.7,61.79,0.08,0.13%,1154
2025-09-05 11:55,61.79,61.86,61.72,61.84,0.05,0.08%,896
2025-09-05 12:00,61.84,61.86,61.8,61.84,0,0.00%,781
2025-09-05 12:05,61.84,61.85,61.73,61.78,-0.06,-0.10%,765
2025-09-05 12:10,61.79,61.82,61.76,61.81,0.03,0.05%,846
2025-09-05 12:15,61.8,61.84,61.8,61.82,0.01,0.02%,967
2025-09-05 12:20,61.82,61.84,61.73,61.74,-0.08,-0.13%,1002
2025-09-05 12:25,61.75,61.76,61.69,61.75,0.01,0.02%,897
2025-09-05 12:30,61.74,61.74,61.65,61.66,-0.09,-0.15%,834
2025-09-05 12:35,61.65,61.7,61.6,61.64,-0.02,-0.03%,952
2025-09-05 12:40,61.64,61.66,61.6,61.66,0.02,0.03%,601
2025-09-05 12:45,61.66,61.68,61.63,61.66,0,0.00%,819
2025-09-05 12:50,61.66,61.72,61.66,61.72,0.06,0.10%,668
2025-09-05 12:55,61.71,61.79,61.69,61.75,0.03,0.05%,1025
2025-09-05 13:00,61.75,61.81,61.74,61.79,0.04,0.06%,1035
2025-09-05 13:05,61.79,61.8,61.73,61.78,-0.01,-0.02%,1253
2025-09-05 13:10,61.78,61.82,61.77,61.79,0.01,0.02%,1077
2025-09-05 13:15,61.81,61.91,61.8,61.91,0.12,0.19%,1314
2025-09-05 13:20,61.91,61.92,61.83,61.87,-0.04,-0.06%,1811
2025-09-05 13:25,61.87,61.97,61.84,61.87,0,0.00%,5573
2025-09-05 13:30,61.87,61.94,61.85,61.91,0.04,0.06%,2070
2025-09-05 13:35,61.91,61.98,61.9,61.96,0.05,0.08%,712
2025-09-05 13:40,61.97,62,61.96,61.98,0.02,0.03%,406
2025-09-05 13:45,61.99,62.06,61.99,62.04,0.06,0.10%,833
2025-09-05 13:50,62.04,62.07,62.02,62.06,0.02,0.03%,589
2025-09-05 13:55,62.06,62.09,62.05,62.07,0.01,0.02%,412
2025-09-05 14:00,62.06,62.07,62.01,62.04,-0.03,-0.05%,709
2025-09-05 14:05,62.04,62.07,62.02,62.02,-0.02,-0.03%,317
2025-09-05 14:10,62.03,62.07,62.02,62.06,0.04,0.06%,172
2025-09-05 14:15,62.06,62.07,62.03,62.05,-0.01,-0.02%,311
2025-09-05 14:20,62.05,62.07,62.01,62.01,-0.04,-0.06%,187
2025-09-05 14:25,62.02,62.04,61.99,62.01,0,0.00%,268
2025-09-05 14:30,62.01,62.02,61.95,61.95,-0.06,-0.10%,369
2025-09-05 14:35,61.96,61.97,61.93,61.97,0.02,0.03%,217
2025-09-05 14:40,61.98,62.03,61.98,62.02,0.05,0.08%,257
2025-09-05 14:45,62.01,62.06,62.01,62.03,0.01,0.02%,182
2025-09-05 14:50,62.03,62.07,62.03,62.07,0.04,0.06%,174
2025-09-05 14:55,62.07,62.07,61.96,62.02,-0.05,-0.08%,448
2025-09-05 15:00,62.03,62.06,62.01,62.03,0.01,0.02%,391
2025-09-05 15:05,62.04,62.06,62.03,62.04,0.01,0.02%,131
2025-09-05 15:10,62.04,62.04,62.01,62.03,-0.01,-0.02%,126
2025-09-05 15:15,62.04,62.05,62.02,62.02,-0.01,-0.02%,137
2025-09-05 15:20,62.01,62.03,61.95,62.02,0,0.00%,420
2025-09-05 15:25,62.02,62.03,62.01,62.02,0,0.00%,39
2025-09-05 15:30,62.01,62.04,61.99,62.03,0.01,0.02%,185
2025-09-05 15:35,62.04,62.04,62,62.02,-0.01,-0.02%,106
2025-09-05 15:40,62.01,62.02,61.96,61.98,-0.04,-0.06%,170
2025-09-05 15:45,61.97,62,61.97,61.98,0,0.00%,90
2025-09-05 15:50,61.97,62,61.9,61.97,-0.01,-0.02%,243
2025-09-05 15:55,61.97,61.98,61.95,61.97,0,0.00%,209
2025-09-07 17:00,62,62.39,61.9,62.02,0.05,0.08%,1841
2025-09-07 17:05,62.01,62.16,61.99,62.01,-0.01,-0.02%,565
2025-09-07 17:10,62.01,62.11,61.97,61.98,-0.03,-0.05%,487
2025-09-07 17:15,61.98,62.05,61.98,62.03,0.05,0.08%,137
2025-09-07 17:20,62.03,62.05,61.95,61.98,-0.05,-0.08%,174
2025-09-07 17:25,61.98,62,61.91,61.91,-0.07,-0.11%,102
2025-09-07 17:30,61.92,61.96,61.9,61.93,0.02,0.03%,136
2025-09-07 17:35,61.93,61.93,61.85,61.88,-0.05,-0.08%,229
2025-09-07 17:40,61.88,61.92,61.87,61.92,0.04,0.06%,133
2025-09-07 17:45,61.92,61.94,61.86,61.93,0.01,0.02%,143
2025-09-07 17:50,61.93,61.97,61.91,61.93,0,0.00%,126
2025-09-07 17:55,61.92,61.97,61.92,61.97,0.04,0.06%,71
2025-09-07 18:00,61.96,61.98,61.92,61.98,0.01,0.02%,155
2025-09-07 18:05,61.98,62.09,61.98,62.05,0.07,0.11%,230
2025-09-07 18:10,62.05,62.06,62.02,62.03,-0.02,-0.03%,88
2025-09-07 18:15,62.04,62.1,62.04,62.08,0.05,0.08%,74
2025-09-07 18:20,62.08,62.12,62.08,62.09,0.01,0.02%,32
2025-09-07 18:25,62.11,62.13,62.06,62.06,-0.03,-0.05%,306
2025-09-07 18:30,62.07,62.09,62,62.04,-0.02,-0.03%,231
2025-09-07 18:35,62.04,62.08,62.04,62.07,0.03,0.05%,43
2025-09-07 18:40,62.08,62.15,62.07,62.13,0.06,0.10%,97
2025-09-07 18:45,62.13,62.16,62.11,62.16,0.03,0.05%,60
2025-09-07 18:50,62.15,62.21,62.15,62.19,0.03,0.05%,185
2025-09-07 18:55,62.2,62.23,62.19,62.22,0.03,0.05%,39
2025-09-07 19:00,62.22,62.29,62.19,62.2,-0.02,-0.03%,436
2025-09-07 19:05,62.21,62.24,62.2,62.2,0,0.00%,142
2025-09-07 19:10,62.23,62.23,62.17,62.19,-0.01,-0.02%,155
2025-09-07 19:15,62.2,62.21,62.16,62.19,0,0.00%,130
2025-09-07 19:20,62.2,62.2,62.15,62.15,-0.04,-0.06%,93
2025-09-07 19:25,62.15,62.19,62.15,62.17,0.02,0.03%,67
2025-09-07 19:30,62.17,62.21,62.16,62.21,0.04,0.06%,100
2025-09-07 19:35,62.2,62.2,62.12,62.17,-0.04,-0.06%,131
2025-09-07 19:40,62.17,62.19,62.16,62.18,0.01,0.02%,48
2025-09-07 19:45,62.19,62.19,62.16,62.16,-0.02,-0.03%,48
2025-09-07 19:50,62.17,62.2,62.17,62.2,0.04,0.06%,30
2025-09-07 19:55,62.2,62.23,62.19,62.21,0.01,0.02%,75
2025-09-07 20:00,62.2,62.24,62.11,62.23,0.02,0.03%,375
2025-09-07 20:05,62.23,62.37,62.23,62.36,0.13,0.21%,809
2025-09-07 20:10,62.36,62.45,62.36,62.4,0.04,0.06%,658
2025-09-07 20:15,62.4,62.44,62.37,62.44,0.04,0.06%,242
2025-09-07 20:20,62.43,62.5,62.38,62.48,0.04,0.06%,410
2025-09-07 20:25,62.49,62.51,62.46,62.49,0.01,0.02%,187
2025-09-07 20:30,62.48,62.56,62.48,62.53,0.04,0.06%,317
2025-09-07 20:35,62.53,62.62,62.51,62.58,0.05,0.08%,430
2025-09-07 20:40,62.59,62.69,62.57,62.66,0.08,0.13%,403
2025-09-07 20:45,62.66,62.69,62.63,62.67,0.01,0.02%,274
2025-09-07 20:50,62.66,62.7,62.63,62.65,-0.02,-0.03%,221
2025-09-07 20:55,62.63,62.64,62.58,62.6,-0.05,-0.08%,191
2025-09-07 21:00,62.61,62.64,62.57,62.57,-0.03,-0.05%,260
2025-09-07 21:05,62.58,62.6,62.52,62.54,-0.03,-0.05%,191
2025-09-07 21:10,62.54,62.56,62.52,62.56,0.02,0.03%,98
2025-09-07 21:15,62.55,62.55,62.52,62.55,-0.01,-0.02%,69
2025-09-07 21:20,62.54,62.55,62.51,62.54,-0.01,-0.02%,63
2025-09-07 21:25,62.53,62.57,62.52,62.55,0.01,0.02%,129
2025-09-07 21:30,62.55,62.6,62.55,62.58,0.03,0.05%,99
2025-09-07 21:35,62.59,62.62,62.58,62.59,0.01,0.02%,93
2025-09-07 21:40,62.59,62.65,62.59,62.61,0.02,0.03%,251
2025-09-07 21:45,62.61,62.62,62.58,62.62,0.01,0.02%,94
2025-09-07 21:50,62.61,62.62,62.59,62.59,-0.03,-0.05%,49
2025-09-07 21:55,62.6,62.64,62.58,62.62,0.03,0.05%,97
2025-09-07 22:00,62.63,62.64,62.59,62.6,-0.02,-0.03%,92
2025-09-07 22:05,62.59,62.62,62.59,62.6,0,0.00%,45
2025-09-07 22:10,62.6,62.6,62.58,62.59,-0.01,-0.02%,77
2025-09-07 22:15,62.59,62.62,62.59,62.62,0.03,0.05%,64
2025-09-07 22:20,62.61,62.64,62.59,62.64,0.02,0.03%,83
2025-09-07 22:25,62.64,62.65,62.61,62.63,-0.01,-0.02%,135
2025-09-07 22:30,62.62,62.63,62.59,62.61,-0.02,-0.03%,160
2025-09-07 22:35,62.61,62.63,62.6,62.6,-0.01,-0.02%,79
2025-09-07 22:40,62.61,62.62,62.6,62.61,0.01,0.02%,69
2025-09-07 22:45,62.62,62.64,62.61,62.62,0.01,0.02%,83
2025-09-07 22:50,62.62,62.62,62.6,62.62,0,0.00%,64
2025-09-07 22:55,62.62,62.62,62.61,62.62,0,0.00%,30
2025-09-07 23:00,62.62,62.65,62.62,62.64,0.02,0.03%,108
2025-09-07 23:05,62.64,62.65,62.62,62.63,-0.01,-0.02%,154
2025-09-07 23:10,62.63,62.63,62.6,62.61,-0.02,-0.03%,75
2025-09-07 23:15,62.61,62.61,62.56,62.61,0,0.00%,174
2025-09-07 23:20,62.61,62.61,62.57,62.6,-0.01,-0.02%,92
2025-09-07 23:25,62.6,62.61,62.6,62.61,0.01,0.02%,36
2025-09-07 23:30,62.61,62.61,62.57,62.58,-0.03,-0.05%,63
2025-09-07 23:35,62.58,62.59,62.56,62.58,0,0.00%,59
2025-09-07 23:40,62.58,62.59,62.57,62.58,0,0.00%,27
2025-09-07 23:45,62.57,62.59,62.57,62.59,0.01,0.02%,33
2025-09-07 23:50,62.58,62.6,62.57,62.6,0.01,0.02%,80
2025-09-07 23:55,62.59,62.59,62.58,62.59,-0.01,-0.02%,13
2025-09-08 0:00,62.59,62.61,62.57,62.58,-0.01,-0.02%,67
2025-09-08 0:05,62.58,62.6,62.58,62.6,0.02,0.03%,67
2025-09-08 0:10,62.6,62.65,62.6,62.64,0.04,0.06%,91
2025-09-08 0:15,62.64,62.65,62.61,62.63,-0.01,-0.02%,127
2025-09-08 0:20,62.63,62.63,62.61,62.63,0,0.00%,53
2025-09-08 0:25,62.62,62.63,62.59,62.62,-0.01,-0.02%,107
2025-09-08 0:30,62.62,62.65,62.61,62.62,0,0.00%,205
2025-09-08 0:35,62.62,62.65,62.6,62.62,0,0.00%,86
2025-09-08 0:40,62.61,62.65,62.6,62.65,0.03,0.05%,104
2025-09-08 0:45,62.65,62.8,62.64,62.79,0.14,0.22%,630
2025-09-08 0:50,62.79,62.81,62.74,62.79,0,0.00%,283
2025-09-08 0:55,62.78,62.85,62.76,62.82,0.03,0.05%,308
2025-09-08 1:00,62.82,62.83,62.75,62.75,-0.07,-0.11%,204
2025-09-08 1:05,62.75,62.85,62.73,62.85,0.1,0.16%,309
2025-09-08 1:10,62.84,62.96,62.83,62.96,0.11,0.18%,727
2025-09-08 1:15,62.96,63.06,62.95,62.97,0.01,0.02%,854
2025-09-08 1:20,62.97,63,62.96,63,0.03,0.05%,252
2025-09-08 1:25,63,63.05,62.97,63.02,0.02,0.03%,512
2025-09-08 1:30,63.03,63.05,63.01,63.04,0.02,0.03%,398
2025-09-08 1:35,63.04,63.08,63.04,63.05,0.01,0.02%,391
2025-09-08 1:40,63.05,63.07,63.01,63.02,-0.03,-0.05%,274
2025-09-08 1:45,63.01,63.03,62.96,62.96,-0.06,-0.10%,352
2025-09-08 1:50,62.96,63.07,62.96,63.02,0.06,0.10%,408
2025-09-08 1:55,63.03,63.04,62.97,62.98,-0.04,-0.06%,335
2025-09-08 2:00,62.97,63.01,62.91,62.99,0.01,0.02%,656
2025-09-08 2:05,63,63.03,62.97,62.98,-0.01,-0.02%,397
2025-09-08 2:10,62.97,62.99,62.96,62.98,0,0.00%,232
2025-09-08 2:15,62.98,63.01,62.94,62.96,-0.02,-0.03%,372
2025-09-08 2:20,62.96,62.98,62.88,62.9,-0.06,-0.10%,505
2025-09-08 2:25,62.91,62.95,62.89,62.9,0,0.00%,312
2025-09-08 2:30,62.9,62.9,62.83,62.88,-0.02,-0.03%,473
2025-09-08 2:35,62.89,62.91,62.84,62.84,-0.04,-0.06%,267
2025-09-08 2:40,62.85,62.93,62.84,62.88,0.04,0.06%,320
2025-09-08 2:45,62.87,62.89,62.84,62.86,-0.02,-0.03%,341
2025-09-08 2:50,62.86,62.87,62.8,62.82,-0.04,-0.06%,372
2025-09-08 2:55,62.81,62.83,62.79,62.8,-0.02,-0.03%,255
2025-09-08 3:00,62.8,62.83,62.75,62.79,-0.01,-0.02%,583
2025-09-08 3:05,62.79,62.85,62.76,62.83,0.04,0.06%,319
2025-09-08 3:10,62.82,62.9,62.82,62.89,0.06,0.10%,425
2025-09-08 3:15,62.89,62.91,62.87,62.88,-0.01,-0.02%,257
2025-09-08 3:20,62.89,62.91,62.81,62.85,-0.03,-0.05%,303
2025-09-08 3:25,62.85,62.91,62.8,62.91,0.06,0.10%,578
2025-09-08 3:30,62.91,62.94,62.83,62.93,0.02,0.03%,764
2025-09-08 3:35,62.92,62.92,62.79,62.92,-0.01,-0.02%,478
2025-09-08 3:40,62.92,62.94,62.87,62.92,0,0.00%,426
2025-09-08 3:45,62.91,62.95,62.87,62.91,-0.01,-0.02%,342
2025-09-08 3:50,62.92,62.95,62.88,62.94,0.03,0.05%,266
2025-09-08 3:55,62.93,63,62.9,62.91,-0.03,-0.05%,396
2025-09-08 4:00,62.91,62.98,62.89,62.91,0,0.00%,244
2025-09-08 4:05,62.92,63.05,62.91,63.02,0.11,0.17%,466
2025-09-08 4:10,63.03,63.13,63,63.1,0.08,0.13%,407
2025-09-08 4:15,63.11,63.12,63.07,63.11,0.01,0.02%,430
2025-09-08 4:20,63.11,63.13,63.08,63.12,0.01,0.02%,395
2025-09-08 4:25,63.11,63.11,63.04,63.07,-0.05,-0.08%,309
2025-09-08 4:30,63.07,63.09,63.03,63.03,-0.04,-0.06%,322
2025-09-08 4:35,63.03,63.05,62.99,63.04,0.01,0.02%,351
2025-09-08 4:40,63.03,63.12,63.03,63.11,0.07,0.11%,324
2025-09-08 4:45,63.11,63.13,63.08,63.13,0.02,0.03%,532
2025-09-08 4:50,63.13,63.16,63.1,63.14,0.01,0.02%,559
2025-09-08 4:55,63.15,63.17,63.13,63.13,-0.01,-0.02%,430
2025-09-08 5:00,63.12,63.16,63.08,63.14,0.01,0.02%,787
2025-09-08 5:05,63.14,63.21,63.14,63.14,0,0.00%,718
2025-09-08 5:10,63.15,63.17,63.11,63.12,-0.02,-0.03%,397
2025-09-08 5:15,63.11,63.13,63.09,63.12,0,0.00%,273
2025-09-08 5:20,63.13,63.15,63.11,63.13,0.01,0.02%,178
2025-09-08 5:25,63.14,63.14,63.06,63.07,-0.06,-0.10%,335
2025-09-08 5:30,63.06,63.09,63.01,63.09,0.02,0.03%,363
2025-09-08 5:35,63.08,63.24,62.98,63.13,0.04,0.06%,1734
2025-09-08 5:40,63.12,63.16,63.07,63.13,0,0.00%,297
2025-09-08 5:45,63.13,63.19,63.05,63.06,-0.07,-0.11%,467
2025-09-08 5:50,63.07,63.1,62.98,63.08,0.02,0.03%,350
2025-09-08 5:55,63.08,63.17,63.07,63.14,0.06,0.10%,259
2025-09-08 6:00,63.13,63.17,63.11,63.16,0.02,0.03%,226
2025-09-08 6:05,63.16,63.17,63.09,63.12,-0.04,-0.06%,330
2025-09-08 6:10,63.12,63.12,63.04,63.1,-0.02,-0.03%,367
2025-09-08 6:15,63.11,63.15,63.09,63.15,0.05,0.08%,358
2025-09-08 6:20,63.14,63.17,63.09,63.12,-0.03,-0.05%,277
2025-09-08 6:25,63.12,63.13,63.07,63.13,0.01,0.02%,344
2025-09-08 6:30,63.13,63.13,63.04,63.06,-0.07,-0.11%,266
2025-09-08 6:35,63.05,63.06,62.99,63,-0.06,-0.10%,459
2025-09-08 6:40,63,63.03,62.95,63,0,0.00%,576
2025-09-08 6:45,63,63.19,62.98,63.19,0.19,0.30%,547
2025-09-08 6:50,63.18,63.34,63.18,63.3,0.11,0.17%,1379
2025-09-08 6:55,63.3,63.31,63.2,63.21,-0.09,-0.14%,548
2025-09-08 7:00,63.21,63.26,63.19,63.23,0.02,0.03%,572
2025-09-08 7:05,63.24,63.24,63.18,63.21,-0.02,-0.03%,344
2025-09-08 7:10,63.21,63.24,63.18,63.22,0.01,0.02%,500
2025-09-08 7:15,63.22,63.23,63.17,63.22,0,0.00%,388
2025-09-08 7:20,63.22,63.25,63.2,63.23,0.01,0.02%,384
2025-09-08 7:25,63.24,63.25,63.2,63.21,-0.02,-0.03%,408
2025-09-08 7:30,63.22,63.23,63.04,63.14,-0.07,-0.11%,1011
2025-09-08 7:35,63.14,63.16,63.08,63.13,-0.01,-0.02%,340
2025-09-08 7:40,63.12,63.12,63.08,63.11,-0.02,-0.03%,456
2025-09-08 7:45,63.1,63.14,63.05,63.09,-0.02,-0.03%,557
2025-09-08 7:50,63.08,63.13,63.05,63.07,-0.02,-0.03%,565
2025-09-08 7:55,63.07,63.07,62.96,62.99,-0.08,-0.13%,993
2025-09-08 8:00,63,63.02,62.86,62.97,-0.02,-0.03%,1900
2025-09-08 8:05,62.98,63.06,62.88,62.91,-0.06,-0.10%,1856
2025-09-08 8:10,62.91,62.95,62.82,62.88,-0.03,-0.05%,1330
2025-09-08 8:15,62.87,62.93,62.77,62.8,-0.08,-0.13%,1186
2025-09-08 8:20,62.8,62.84,62.78,62.84,0.04,0.06%,933
2025-09-08 8:25,62.83,62.85,62.77,62.78,-0.06,-0.10%,644
2025-09-08 8:30,62.78,62.8,62.71,62.78,0,0.00%,1272
2025-09-08 8:35,62.78,62.81,62.49,62.52,-0.26,-0.41%,3124
2025-09-08 8:40,62.51,62.59,62.43,62.44,-0.08,-0.13%,1917
2025-09-08 8:45,62.44,62.45,62.26,62.29,-0.15,-0.24%,2606
2025-09-08 8:50,62.29,62.3,62.03,62.18,-0.11,-0.18%,2860
2025-09-08 8:55,62.17,62.19,62.05,62.09,-0.09,-0.14%,1964
2025-09-08 9:00,62.09,62.19,61.95,62.19,0.1,0.16%,2541
2025-09-08 9:05,62.19,62.35,62.18,62.25,0.06,0.10%,1758
2025-09-08 9:10,62.25,62.32,62.2,62.23,-0.02,-0.03%,917
2025-09-08 9:15,62.23,62.28,62.2,62.25,0.02,0.03%,780
2025-09-08 9:20,62.25,62.27,62.16,62.21,-0.04,-0.06%,836
2025-09-08 9:25,62.21,62.25,62.17,62.18,-0.03,-0.05%,554
2025-09-08 9:30,62.18,62.19,62.12,62.13,-0.05,-0.08%,709
2025-09-08 9:35,62.14,62.24,62.14,62.16,0.03,0.05%,1024
2025-09-08 9:40,62.16,62.29,62.15,62.27,0.11,0.18%,722
2025-09-08 9:45,62.27,62.34,62.19,62.32,0.05,0.08%,1023
2025-09-08 9:50,62.34,62.41,62.31,62.4,0.08,0.13%,1148
2025-09-08 9:55,62.39,62.43,62.21,62.23,-0.17,-0.27%,918
2025-09-08 10:00,62.23,62.42,62.23,62.41,0.18,0.29%,925
2025-09-08 10:05,62.42,62.42,62.36,62.4,-0.01,-0.02%,699
2025-09-08 10:10,62.41,62.55,62.4,62.55,0.15,0.24%,2036
2025-09-08 10:15,62.56,62.6,62.48,62.6,0.05,0.08%,1255
2025-09-08 10:20,62.6,62.61,62.54,62.61,0.01,0.02%,965
2025-09-08 10:25,62.6,62.65,62.49,62.49,-0.12,-0.19%,1372
2025-09-08 10:30,62.5,62.58,62.4,62.58,0.09,0.14%,1549
2025-09-08 10:35,62.57,62.57,62.45,62.45,-0.13,-0.21%,897
2025-09-08 10:40,62.46,62.46,62.35,62.39,-0.06,-0.10%,1104
2025-09-08 10:45,62.39,62.48,62.38,62.45,0.06,0.10%,573
2025-09-08 10:50,62.46,62.51,62.41,62.49,0.04,0.06%,818
2025-09-08 10:55,62.5,62.53,62.44,62.45,-0.04,-0.06%,779
2025-09-08 11:00,62.44,62.53,62.4,62.45,0,0.00%,765
2025-09-08 11:05,62.44,62.54,62.42,62.43,-0.02,-0.03%,862
2025-09-08 11:10,62.42,62.42,62.34,62.36,-0.07,-0.11%,602
2025-09-08 11:15,62.36,62.36,62.28,62.29,-0.07,-0.11%,763
2025-09-08 11:20,62.3,62.34,62.26,62.31,0.02,0.03%,695
2025-09-08 11:25,62.3,62.32,62.29,62.31,0,0.00%,461
2025-09-08 11:30,62.3,62.31,62.26,62.3,-0.01,-0.02%,479
2025-09-08 11:35,62.3,62.3,62.23,62.27,-0.03,-0.05%,513
2025-09-08 11:40,62.27,62.32,62.26,62.28,0.01,0.02%,296
2025-09-08 11:45,62.27,62.27,62.22,62.22,-0.06,-0.10%,403
2025-09-08 11:50,62.23,62.28,62.18,62.23,0.01,0.02%,543
2025-09-08 11:55,62.23,62.25,62.22,62.23,0,0.00%,282
2025-09-08 12:00,62.23,62.33,62.23,62.27,0.04,0.06%,577
2025-09-08 12:05,62.27,62.34,62.27,62.32,0.05,0.08%,404
2025-09-08 12:10,62.31,62.32,62.29,62.32,0,0.00%,147
2025-09-08 12:15,62.32,62.33,62.29,62.31,-0.01,-0.02%,379
2025-09-08 12:20,62.31,62.37,62.31,62.32,0.01,0.02%,482
2025-09-08 12:25,62.32,62.39,62.3,62.39,0.07,0.11%,590
2025-09-08 12:30,62.38,62.44,62.33,62.33,-0.06,-0.10%,511
2025-09-08 12:35,62.33,62.37,62.32,62.37,0.04,0.06%,263
2025-09-08 12:40,62.37,62.38,62.35,62.37,0,0.00%,288
2025-09-08 12:45,62.37,62.39,62.27,62.29,-0.08,-0.13%,818
2025-09-08 12:50,62.29,62.29,62.19,62.26,-0.03,-0.05%,884
2025-09-08 12:55,62.26,62.28,62.21,62.22,-0.04,-0.06%,662
2025-09-08 13:00,62.23,62.24,62.17,62.21,-0.01,-0.02%,720
2025-09-08 13:05,62.22,62.24,62.17,62.19,-0.02,-0.03%,480
2025-09-08 13:10,62.2,62.23,62.18,62.2,0.01,0.02%,588
2025-09-08 13:15,62.21,62.24,62.19,62.23,0.03,0.05%,772
2025-09-08 13:20,62.23,62.34,62.22,62.33,0.1,0.16%,938
2025-09-08 13:25,62.33,62.41,62.22,62.25,-0.08,-0.13%,7257
2025-09-08 13:30,62.25,62.37,62.24,62.36,0.11,0.18%,2087
2025-09-08 13:35,62.37,62.37,62.32,62.37,0.01,0.02%,438
2025-09-08 13:40,62.36,62.37,62.34,62.37,0,0.00%,347
2025-09-08 13:45,62.37,62.38,62.36,62.36,-0.01,-0.02%,200
2025-09-08 13:50,62.36,62.38,62.35,62.35,-0.01,-0.02%,136
2025-09-08 13:55,62.35,62.36,62.32,62.33,-0.02,-0.03%,339
2025-09-08 14:00,62.33,62.35,62.31,62.33,0,0.00%,140
2025-09-08 14:05,62.32,62.37,62.32,62.36,0.03,0.05%,231
2025-09-08 14:10,62.36,62.37,62.34,62.36,0,0.00%,137
2025-09-08 14:15,62.36,62.41,62.35,62.41,0.05,0.08%,510
2025-09-08 14:20,62.41,62.41,62.37,62.37,-0.04,-0.06%,162
2025-09-08 14:25,62.37,62.39,62.37,62.38,0.01,0.02%,102
2025-09-08 14:30,62.38,62.39,62.35,62.37,-0.01,-0.02%,155
2025-09-08 14:35,62.36,62.39,62.35,62.39,0.02,0.03%,164
2025-09-08 14:40,62.39,62.39,62.37,62.37,-0.02,-0.03%,139
2025-09-08 14:45,62.37,62.38,62.35,62.36,-0.01,-0.02%,244
2025-09-08 14:50,62.36,62.37,62.35,62.37,0.01,0.02%,142
2025-09-08 14:55,62.37,62.38,62.35,62.36,-0.01,-0.02%,233
2025-09-08 15:00,62.37,62.4,62.37,62.38,0.02,0.03%,106
2025-09-08 15:05,62.39,62.4,62.37,62.39,0.01,0.02%,199
2025-09-08 15:10,62.39,62.42,62.38,62.42,0.03,0.05%,175
2025-09-08 15:15,62.42,62.45,62.41,62.45,0.03,0.05%,143
2025-09-08 15:20,62.45,62.47,62.44,62.45,0,0.00%,111
2025-09-08 15:25,62.45,62.46,62.43,62.43,-0.02,-0.03%,188
2025-09-08 15:30,62.43,62.46,62.43,62.43,0,0.00%,107
2025-09-08 15:35,62.43,62.44,62.43,62.43,0,0.00%,30
2025-09-08 15:40,62.43,62.46,62.43,62.45,0.02,0.03%,208
2025-09-08 15:45,62.46,62.46,62.44,62.44,-0.01,-0.02%,155
2025-09-08 15:50,62.44,62.45,62.41,62.44,0,0.00%,160
2025-09-08 15:55,62.44,62.46,62.44,62.46,0.02,0.03%,93
2025-09-08 17:00,62.43,62.45,62.4,62.45,-0.01,-0.02%,47
2025-09-08 17:05,62.44,62.45,62.44,62.45,0,0.00%,7
2025-09-08 17:10,62.45,62.45,62.45,62.45,0,0.00%,6
2025-09-08 17:15,62.44,62.44,62.42,62.43,-0.02,-0.03%,51
2025-09-08 17:20,62.43,62.44,62.43,62.43,0,0.00%,5
2025-09-08 17:25,62.43,62.44,62.43,62.44,0.01,0.02%,5
2025-09-08 17:30,62.44,62.46,62.44,62.44,0,0.00%,25
2025-09-08 17:35,62.44,62.44,62.42,62.42,-0.02,-0.03%,29
2025-09-08 17:40,62.42,62.42,62.4,62.42,0,0.00%,57
2025-09-08 17:45,62.42,62.44,62.42,62.44,0.02,0.03%,37
2025-09-08 17:50,62.43,62.45,62.43,62.45,0.01,0.02%,29
2025-09-08 17:55,62.45,62.45,62.43,62.44,-0.01,-0.02%,38
2025-09-08 18:00,62.44,62.45,62.44,62.45,0.01,0.02%,19
2025-09-08 18:05,62.46,62.47,62.46,62.47,0.02,0.03%,17
2025-09-08 18:10,62.46,62.48,62.45,62.46,-0.01,-0.02%,27
2025-09-08 18:15,62.46,62.47,62.46,62.46,0,0.00%,13
2025-09-08 18:20,62.45,62.48,62.45,62.48,0.02,0.03%,50
2025-09-08 18:30,62.47,62.48,62.47,62.47,-0.01,-0.02%,13
2025-09-08 18:35,62.48,62.48,62.47,62.47,0,0.00%,3
2025-09-08 18:40,62.47,62.47,62.45,62.45,-0.02,-0.03%,9
2025-09-08 18:45,62.44,62.45,62.44,62.45,0,0.00%,5
2025-09-08 18:50,62.46,62.46,62.45,62.45,0,0.00%,6
2025-09-08 18:55,62.45,62.45,62.45,62.45,0,0.00%,1
2025-09-08 19:00,62.45,62.5,62.44,62.48,0.03,0.05%,669
2025-09-08 19:05,62.48,62.5,62.43,62.47,-0.01,-0.02%,128
2025-09-08 19:10,62.46,62.46,62.43,62.43,-0.04,-0.06%,53
2025-09-08 19:15,62.44,62.45,62.43,62.45,0.02,0.03%,39
2025-09-08 19:20,62.44,62.44,62.39,62.41,-0.04,-0.06%,224
2025-09-08 19:25,62.41,62.42,62.39,62.42,0.01,0.02%,68
2025-09-08 19:30,62.42,62.43,62.4,62.4,-0.02,-0.03%,25
2025-09-08 19:35,62.41,62.43,62.41,62.41,0.01,0.02%,27
2025-09-08 19:40,62.41,62.44,62.41,62.43,0.02,0.03%,43
2025-09-08 19:45,62.43,62.44,62.42,62.42,-0.01,-0.02%,17
2025-09-08 19:50,62.43,62.44,62.42,62.44,0.02,0.03%,21
2025-09-08 19:55,62.44,62.44,62.42,62.43,-0.01,-0.02%,68
2025-09-08 20:00,62.44,62.45,62.37,62.44,0.01,0.02%,170
2025-09-08 20:05,62.44,62.44,62.4,62.42,-0.02,-0.03%,82
2025-09-08 20:10,62.43,62.43,62.4,62.41,-0.01,-0.02%,31
2025-09-08 20:15,62.4,62.46,62.39,62.43,0.02,0.03%,104
2025-09-08 20:20,62.43,62.43,62.38,62.38,-0.05,-0.08%,86
2025-09-08 20:25,62.38,62.42,62.38,62.42,0.04,0.06%,51
2025-09-08 20:30,62.42,62.47,62.42,62.46,0.04,0.06%,86
2025-09-08 20:35,62.46,62.5,62.46,62.49,0.03,0.05%,83
2025-09-08 20:40,62.49,62.54,62.49,62.52,0.03,0.05%,256
2025-09-08 20:45,62.52,62.55,62.48,62.49,-0.03,-0.05%,142
2025-09-08 20:50,62.5,62.54,62.49,62.49,0,0.00%,81
2025-09-08 20:55,62.49,62.51,62.49,62.5,0.01,0.02%,63
2025-09-08 21:00,62.5,62.53,62.49,62.51,0.01,0.02%,122
2025-09-08 21:05,62.51,62.52,62.51,62.51,0,0.00%,40
2025-09-08 21:10,62.51,62.54,62.49,62.54,0.03,0.05%,72
2025-09-08 21:15,62.53,62.62,62.53,62.58,0.04,0.06%,240
2025-09-08 21:20,62.59,62.59,62.54,62.57,-0.01,-0.02%,51
2025-09-08 21:25,62.57,62.59,62.52,62.58,0.01,0.02%,175
2025-09-08 21:30,62.57,62.6,62.57,62.59,0.01,0.02%,58
2025-09-08 21:35,62.59,62.62,62.59,62.61,0.02,0.03%,98
2025-09-08 21:40,62.6,62.6,62.59,62.6,-0.01,-0.02%,32
2025-09-08 21:45,62.6,62.6,62.57,62.58,-0.02,-0.03%,75
2025-09-08 21:50,62.58,62.61,62.57,62.59,0.01,0.02%,124
2025-09-08 21:55,62.58,62.59,62.57,62.57,-0.02,-0.03%,44
2025-09-08 22:00,62.58,62.59,62.58,62.58,0.01,0.02%,17
2025-09-08 22:05,62.59,62.6,62.58,62.6,0.02,0.03%,55
2025-09-08 22:10,62.6,62.64,62.57,62.57,-0.03,-0.05%,160
2025-09-08 22:15,62.57,62.57,62.53,62.56,-0.01,-0.02%,158
2025-09-08 22:20,62.55,62.6,62.55,62.58,0.02,0.03%,44
2025-09-08 22:25,62.58,62.58,62.53,62.54,-0.04,-0.06%,89
2025-09-08 22:30,62.54,62.57,62.54,62.57,0.03,0.05%,68
2025-09-08 22:35,62.57,62.57,62.55,62.55,-0.02,-0.03%,26
2025-09-08 22:40,62.56,62.58,62.56,62.57,0.02,0.03%,35
2025-09-08 22:45,62.58,62.59,62.57,62.58,0.01,0.02%,30
2025-09-08 22:50,62.58,62.6,62.58,62.58,0,0.00%,31
2025-09-08 22:55,62.58,62.58,62.58,62.58,0,0.00%,16
2025-09-08 23:00,62.58,62.58,62.57,62.58,0,0.00%,34
2025-09-08 23:05,62.59,62.65,62.58,62.63,0.05,0.08%,184
2025-09-08 23:10,62.64,62.65,62.64,62.65,0.02,0.03%,54
2025-09-08 23:15,62.65,62.67,62.63,62.63,-0.02,-0.03%,97
2025-09-08 23:20,62.63,62.65,62.63,62.64,0.01,0.02%,25
2025-09-08 23:25,62.64,62.66,62.64,62.66,0.02,0.03%,32
2025-09-08 23:30,62.66,62.67,62.65,62.67,0.01,0.02%,41
2025-09-08 23:35,62.67,62.67,62.66,62.67,0,0.00%,20
2025-09-08 23:40,62.68,62.7,62.66,62.7,0.03,0.05%,98
2025-09-08 23:45,62.7,62.7,62.68,62.69,-0.01,-0.02%,70
2025-09-08 23:50,62.7,62.72,62.7,62.71,0.02,0.03%,81
2025-09-08 23:55,62.72,62.72,62.67,62.72,0.01,0.02%,129
2025-09-09 0:00,62.73,62.74,62.68,62.7,-0.02,-0.03%,114
2025-09-09 0:05,62.69,62.72,62.69,62.72,0.02,0.03%,36
2025-09-09 0:10,62.72,62.72,62.7,62.7,-0.02,-0.03%,52
2025-09-09 0:15,62.7,62.72,62.69,62.72,0.02,0.03%,82
2025-09-09 0:20,62.71,62.72,62.7,62.71,-0.01,-0.02%,21
2025-09-09 0:25,62.72,62.72,62.67,62.69,-0.02,-0.03%,124
2025-09-09 0:30,62.69,62.69,62.65,62.68,-0.01,-0.02%,126
2025-09-09 0:35,62.68,62.69,62.65,62.66,-0.02,-0.03%,90
2025-09-09 0:40,62.67,62.71,62.66,62.69,0.03,0.05%,60
2025-09-09 0:45,62.69,62.69,62.63,62.66,-0.03,-0.05%,102
2025-09-09 0:50,62.66,62.67,62.63,62.67,0.01,0.02%,51
2025-09-09 0:55,62.67,62.67,62.63,62.63,-0.04,-0.06%,55
2025-09-09 1:00,62.64,62.79,62.59,62.78,0.15,0.24%,543
2025-09-09 1:05,62.78,62.81,62.77,62.8,0.02,0.03%,270
2025-09-09 1:10,62.8,62.83,62.75,62.79,-0.01,-0.02%,226
2025-09-09 1:15,62.76,62.76,62.66,62.74,-0.05,-0.08%,233
2025-09-09 1:20,62.74,62.74,62.69,62.7,-0.04,-0.06%,100
2025-09-09 1:25,62.69,62.72,62.68,62.72,0.02,0.03%,86
2025-09-09 1:30,62.71,62.76,62.69,62.76,0.04,0.06%,205
2025-09-09 1:35,62.76,62.87,62.74,62.87,0.11,0.18%,295
2025-09-09 1:40,62.87,62.87,62.75,62.78,-0.09,-0.14%,255
2025-09-09 1:45,62.79,62.81,62.74,62.8,0.02,0.03%,142
2025-09-09 1:50,62.79,62.84,62.76,62.8,0,0.00%,242
2025-09-09 1:55,62.81,62.81,62.76,62.77,-0.03,-0.05%,192
2025-09-09 2:00,62.77,62.8,62.71,62.8,0.03,0.05%,336
2025-09-09 2:05,62.8,62.84,62.78,62.81,0.01,0.02%,290
2025-09-09 2:10,62.81,62.85,62.79,62.81,0,0.00%,226
2025-09-09 2:15,62.81,62.93,62.77,62.9,0.09,0.14%,383
2025-09-09 2:20,62.9,62.94,62.9,62.92,0.02,0.03%,173
2025-09-09 2:25,62.93,62.98,62.92,62.98,0.06,0.10%,343
2025-09-09 2:30,62.97,63,62.93,62.93,-0.05,-0.08%,512
2025-09-09 2:35,62.93,62.96,62.9,62.95,0.02,0.03%,285
2025-09-09 2:40,62.95,62.96,62.9,62.9,-0.05,-0.08%,203
2025-09-09 2:45,62.91,62.91,62.82,62.83,-0.07,-0.11%,357
2025-09-09 2:50,62.84,62.87,62.79,62.85,0.02,0.03%,278
2025-09-09 2:55,62.85,62.92,62.82,62.88,0.03,0.05%,370
2025-09-09 3:00,62.87,62.97,62.86,62.97,0.09,0.14%,361
2025-09-09 3:05,62.97,63.03,62.96,62.97,0,0.00%,588
2025-09-09 3:10,62.96,62.99,62.94,62.98,0.01,0.02%,358
2025-09-09 3:15,62.98,63.02,62.96,63.01,0.03,0.05%,266
2025-09-09 3:20,63.01,63.13,62.97,62.98,-0.03,-0.05%,1219
2025-09-09 3:25,62.98,63.11,62.96,63.08,0.1,0.16%,966
2025-09-09 3:30,63.08,63.16,63.03,63.13,0.05,0.08%,951
2025-09-09 3:35,63.13,63.13,63.08,63.09,-0.04,-0.06%,459
2025-09-09 3:40,63.1,63.15,63.1,63.13,0.04,0.06%,386
2025-09-09 3:45,63.14,63.16,63.1,63.12,-0.01,-0.02%,303
2025-09-09 3:50,63.12,63.12,62.99,63,-0.12,-0.19%,667
2025-09-09 3:55,63,63.03,62.96,62.99,-0.01,-0.02%,500
2025-09-09 4:00,62.99,62.99,62.79,62.82,-0.17,-0.27%,852
2025-09-09 4:05,62.81,62.81,62.69,62.73,-0.09,-0.14%,781
2025-09-09 4:10,62.72,62.87,62.72,62.85,0.12,0.19%,418
2025-09-09 4:15,62.85,62.93,62.85,62.87,0.02,0.03%,341
2025-09-09 4:20,62.86,62.94,62.84,62.94,0.07,0.11%,306
2025-09-09 4:25,62.93,63.03,62.89,62.91,-0.03,-0.05%,477
2025-09-09 4:30,62.91,62.94,62.78,62.85,-0.06,-0.10%,287
2025-09-09 4:35,62.84,62.86,62.79,62.81,-0.04,-0.06%,186
2025-09-09 4:40,62.81,62.83,62.79,62.8,-0.01,-0.02%,199
2025-09-09 4:45,62.81,62.82,62.72,62.74,-0.06,-0.10%,378
2025-09-09 4:50,62.73,62.73,62.64,62.67,-0.07,-0.11%,421
2025-09-09 4:55,62.67,62.71,62.65,62.71,0.04,0.06%,359
2025-09-09 5:00,62.7,62.79,62.65,62.78,0.07,0.11%,610
2025-09-09 5:05,62.77,62.78,62.72,62.75,-0.03,-0.05%,128
2025-09-09 5:10,62.76,62.79,62.72,62.78,0.03,0.05%,180
2025-09-09 5:15,62.79,62.82,62.75,62.78,0,0.00%,203
2025-09-09 5:20,62.78,62.79,62.71,62.74,-0.04,-0.06%,164
2025-09-09 5:25,62.75,62.77,62.69,62.74,0,0.00%,154
2025-09-09 5:30,62.74,62.76,62.71,62.75,0.01,0.02%,147
2025-09-09 5:35,62.76,62.78,62.7,62.7,-0.05,-0.08%,225
2025-09-09 5:40,62.7,62.73,62.69,62.71,0.01,0.02%,107
2025-09-09 5:45,62.7,62.7,62.59,62.67,-0.04,-0.06%,532
2025-09-09 5:50,62.67,62.73,62.66,62.7,0.03,0.05%,335
2025-09-09 5:55,62.7,62.76,62.7,62.74,0.04,0.06%,164
2025-09-09 6:00,62.74,62.83,62.72,62.74,0,0.00%,361
2025-09-09 6:05,62.74,62.76,62.71,62.71,-0.03,-0.05%,165
2025-09-09 6:10,62.71,62.76,62.69,62.76,0.05,0.08%,112
2025-09-09 6:15,62.76,62.83,62.75,62.75,-0.01,-0.02%,408
2025-09-09 6:20,62.76,62.77,62.73,62.77,0.02,0.03%,150
2025-09-09 6:25,62.77,62.79,62.75,62.79,0.02,0.03%,116
2025-09-09 6:30,62.79,62.81,62.77,62.8,0.01,0.02%,240
2025-09-09 6:35,62.79,62.86,62.78,62.81,0.01,0.02%,354
2025-09-09 6:40,62.81,62.81,62.75,62.76,-0.05,-0.08%,167
2025-09-09 6:45,62.76,62.82,62.75,62.82,0.06,0.10%,338
2025-09-09 6:50,62.82,62.87,62.78,62.85,0.03,0.05%,323
2025-09-09 6:55,62.86,62.87,62.8,62.83,-0.02,-0.03%,319
2025-09-09 7:00,62.84,62.86,62.8,62.85,0.02,0.03%,308
2025-09-09 7:05,62.84,62.91,62.81,62.89,0.04,0.06%,718
2025-09-09 7:10,62.89,62.94,62.89,62.9,0.01,0.02%,366
2025-09-09 7:15,62.9,62.93,62.89,62.92,0.02,0.03%,384
2025-09-09 7:20,62.93,62.98,62.92,62.96,0.04,0.06%,507
2025-09-09 7:25,62.96,62.98,62.92,62.93,-0.03,-0.05%,365
2025-09-09 7:30,62.94,62.98,62.92,62.92,-0.01,-0.02%,549
2025-09-09 7:35,62.93,62.93,62.78,62.83,-0.09,-0.14%,1073
2025-09-09 7:40,62.84,62.85,62.8,62.82,-0.01,-0.02%,385
2025-09-09 7:45,62.83,62.89,62.82,62.87,0.05,0.08%,414
2025-09-09 7:50,62.88,63.04,62.87,62.92,0.05,0.08%,1610
2025-09-09 7:55,62.91,62.92,62.79,62.85,-0.07,-0.11%,974
2025-09-09 8:00,62.85,63.52,62.82,63.36,0.51,0.81%,8623
2025-09-09 8:05,63.37,63.37,62.92,63.1,-0.26,-0.41%,7240
2025-09-09 8:10,63.1,63.27,63.09,63.26,0.16,0.25%,2121
2025-09-09 8:15,63.26,63.43,63.14,63.17,-0.09,-0.14%,3439
2025-09-09 8:20,63.16,63.28,63.13,63.24,0.07,0.11%,1796
2025-09-09 8:25,63.24,63.34,63.13,63.19,-0.05,-0.08%,1879
2025-09-09 8:30,63.19,63.3,63.1,63.22,0.03,0.05%,2182
2025-09-09 8:35,63.23,63.29,63.01,63.05,-0.17,-0.27%,2131
2025-09-09 8:40,63.06,63.24,63.05,63.22,0.17,0.27%,1462
2025-09-09 8:45,63.22,63.24,63.08,63.22,0,0.00%,1196
2025-09-09 8:50,63.22,63.32,63.22,63.26,0.04,0.06%,1502
2025-09-09 8:55,63.26,63.35,63.2,63.32,0.06,0.09%,1104
2025-09-09 9:00,63.32,63.35,63.15,63.16,-0.16,-0.25%,1474
2025-09-09 9:05,63.16,63.16,63.04,63.09,-0.07,-0.11%,1037
2025-09-09 9:10,63.08,63.22,63.07,63.2,0.11,0.17%,987
2025-09-09 9:15,63.2,63.22,63.13,63.2,0,0.00%,786
2025-09-09 9:20,63.2,63.31,63.16,63.29,0.09,0.14%,790
2025-09-09 9:25,63.29,63.3,63.2,63.29,0,0.00%,710
2025-09-09 9:30,63.28,63.46,63.26,63.34,0.05,0.08%,1979
2025-09-09 9:35,63.35,63.35,63.15,63.25,-0.09,-0.14%,1403
2025-09-09 9:40,63.26,63.34,63.25,63.29,0.04,0.06%,727
2025-09-09 9:45,63.3,63.37,63.29,63.34,0.05,0.08%,968
2025-09-09 9:50,63.35,63.36,63.21,63.35,0.01,0.02%,968
2025-09-09 9:55,63.35,63.4,63.32,63.39,0.04,0.06%,761
2025-09-09 10:00,63.39,63.67,63.35,63.48,0.09,0.14%,5004
2025-09-09 10:05,63.48,63.49,63.29,63.3,-0.18,-0.28%,1512
2025-09-09 10:10,63.31,63.42,63.27,63.41,0.11,0.17%,992
2025-09-09 10:15,63.41,63.43,63.29,63.31,-0.1,-0.16%,928
2025-09-09 10:20,63.31,63.37,63.25,63.3,-0.01,-0.02%,822
2025-09-09 10:25,63.29,63.32,63.12,63.19,-0.11,-0.17%,1822
2025-09-09 10:30,63.19,63.2,62.92,62.98,-0.21,-0.33%,3723
2025-09-09 10:35,62.99,63.05,62.98,63.01,0.03,0.05%,831
2025-09-09 10:40,63,63.03,62.94,62.96,-0.05,-0.08%,825
2025-09-09 10:45,62.96,63.02,62.88,63.01,0.05,0.08%,1095
2025-09-09 10:50,63.01,63.01,62.93,62.96,-0.05,-0.08%,776
2025-09-09 10:55,62.96,62.99,62.91,62.93,-0.03,-0.05%,785
2025-09-09 11:00,62.94,62.96,62.82,62.87,-0.06,-0.10%,1344
2025-09-09 11:05,62.88,62.89,62.82,62.84,-0.03,-0.05%,816
2025-09-09 11:10,62.85,62.85,62.75,62.8,-0.04,-0.06%,1627
2025-09-09 11:15,62.8,62.8,62.76,62.8,0,0.00%,722
2025-09-09 11:20,62.8,62.89,62.78,62.85,0.05,0.08%,1197
2025-09-09 11:25,62.85,62.86,62.77,62.79,-0.06,-0.10%,683
2025-09-09 11:30,62.79,62.92,62.79,62.87,0.08,0.13%,872
2025-09-09 11:35,62.88,62.89,62.77,62.81,-0.06,-0.10%,861
2025-09-09 11:40,62.81,62.82,62.79,62.81,0,0.00%,236
2025-09-09 11:45,62.82,62.83,62.71,62.75,-0.06,-0.10%,755
2025-09-09 11:50,62.74,62.78,62.7,62.76,0.01,0.02%,627
2025-09-09 11:55,62.76,62.79,62.73,62.78,0.02,0.03%,280
2025-09-09 12:00,62.78,62.85,62.76,62.78,0,0.00%,654
2025-09-09 12:05,62.78,62.79,62.75,62.78,0,0.00%,434
2025-09-09 12:10,62.78,62.84,62.77,62.81,0.03,0.05%,791
2025-09-09 12:15,62.81,62.85,62.8,62.83,0.02,0.03%,418
2025-09-09 12:20,62.83,62.91,62.82,62.88,0.05,0.08%,637
2025-09-09 12:25,62.89,62.93,62.88,62.9,0.02,0.03%,539
2025-09-09 12:30,62.9,62.91,62.84,62.86,-0.04,-0.06%,680
2025-09-09 12:35,62.85,62.88,62.82,62.83,-0.03,-0.05%,457
2025-09-09 12:40,62.82,62.83,62.73,62.78,-0.05,-0.08%,603
2025-09-09 12:45,62.77,62.8,62.71,62.73,-0.05,-0.08%,637
2025-09-09 12:50,62.73,62.78,62.69,62.7,-0.03,-0.05%,849
2025-09-09 12:55,62.7,62.71,62.67,62.69,-0.01,-0.02%,1076
2025-09-09 13:00,62.69,62.7,62.64,62.68,-0.01,-0.02%,822
2025-09-09 13:05,62.68,62.68,62.61,62.65,-0.03,-0.05%,779
2025-09-09 13:10,62.66,62.7,62.65,62.68,0.03,0.05%,453
2025-09-09 13:15,62.68,62.69,62.6,62.62,-0.06,-0.10%,838
2025-09-09 13:20,62.62,62.69,62.54,62.65,0.03,0.05%,1729
2025-09-09 13:25,62.64,62.66,62.58,62.62,-0.03,-0.05%,4578
2025-09-09 13:30,62.62,62.7,62.56,62.69,0.07,0.11%,2033
2025-09-09 13:35,62.69,62.73,62.67,62.71,0.02,0.03%,403
2025-09-09 13:40,62.72,62.72,62.67,62.7,-0.01,-0.02%,389
2025-09-09 13:45,62.7,62.72,62.69,62.69,-0.01,-0.02%,233
2025-09-09 13:50,62.7,62.72,62.7,62.71,0.02,0.03%,158
2025-09-09 13:55,62.7,62.72,62.7,62.71,0,0.00%,186
2025-09-09 14:00,62.71,62.72,62.7,62.7,-0.01,-0.02%,166
2025-09-09 14:05,62.69,62.73,62.69,62.7,0,0.00%,133
2025-09-09 14:10,62.7,62.73,62.7,62.72,0.02,0.03%,137
2025-09-09 14:15,62.72,62.72,62.7,62.7,-0.02,-0.03%,173
2025-09-09 14:20,62.7,62.71,62.7,62.7,0,0.00%,105
2025-09-09 14:25,62.7,62.73,62.7,62.73,0.03,0.05%,160
2025-09-09 14:30,62.73,62.73,62.69,62.7,-0.03,-0.05%,220
2025-09-09 14:35,62.7,62.71,62.7,62.7,0,0.00%,57
2025-09-09 14:40,62.7,62.77,62.7,62.76,0.06,0.10%,521
2025-09-09 14:45,62.75,62.77,62.73,62.74,-0.02,-0.03%,212
2025-09-09 14:50,62.73,62.74,62.68,62.7,-0.04,-0.06%,240
2025-09-09 14:55,62.7,62.71,62.66,62.67,-0.03,-0.05%,326
2025-09-09 15:00,62.66,62.67,62.63,62.65,-0.02,-0.03%,189
2025-09-09 15:05,62.66,62.69,62.65,62.68,0.03,0.05%,111
2025-09-09 15:10,62.68,62.68,62.65,62.65,-0.03,-0.05%,134
2025-09-09 15:15,62.66,62.68,62.66,62.67,0.02,0.03%,80
2025-09-09 15:20,62.67,62.69,62.67,62.68,0.01,0.02%,152
2025-09-09 15:25,62.69,62.7,62.66,62.67,-0.01,-0.02%,267
2025-09-09 15:30,62.68,62.74,62.63,62.73,0.06,0.10%,320
2025-09-09 15:35,62.73,62.74,62.7,62.72,-0.01,-0.02%,354
2025-09-09 15:40,62.72,62.72,62.68,62.68,-0.04,-0.06%,267
2025-09-09 15:45,62.67,62.72,62.66,62.71,0.03,0.05%,219
2025-09-09 15:50,62.7,62.79,62.67,62.76,0.05,0.08%,220
2025-09-09 15:55,62.77,62.78,62.73,62.77,0.01,0.02%,180
2025-09-09 17:00,62.74,62.77,62.72,62.76,-0.01,-0.02%,104
2025-09-09 17:05,62.75,62.79,62.75,62.79,0.03,0.05%,65
2025-09-09 17:10,62.8,62.8,62.77,62.78,-0.01,-0.02%,66
2025-09-09 17:15,62.79,62.8,62.78,62.78,0,0.00%,41
2025-09-09 17:20,62.78,62.8,62.77,62.8,0.02,0.03%,32
2025-09-09 17:25,62.78,62.8,62.78,62.8,0,0.00%,27
2025-09-09 17:30,62.79,62.81,62.79,62.8,0,0.00%,114
2025-09-09 17:35,62.79,62.8,62.79,62.79,-0.01,-0.02%,40
2025-09-09 17:40,62.8,62.85,62.8,62.84,0.05,0.08%,125
2025-09-09 17:45,62.84,62.91,62.84,62.91,0.07,0.11%,300
2025-09-09 17:50,62.91,63.07,62.91,63.02,0.11,0.17%,496
2025-09-09 17:55,63.02,63.05,62.97,63.05,0.03,0.05%,192
2025-09-09 18:00,63.05,63.06,63.02,63.02,-0.03,-0.05%,96
2025-09-09 18:05,63.01,63.06,62.99,63,-0.02,-0.03%,66
2025-09-09 18:10,62.99,63,62.97,62.99,-0.01,-0.02%,42
2025-09-09 18:15,62.99,63.07,62.98,63.05,0.06,0.10%,191
2025-09-09 18:20,63.06,63.16,63.04,63.07,0.02,0.03%,289
2025-09-09 18:25,63.07,63.09,63.04,63.06,-0.01,-0.02%,58
2025-09-09 18:30,63.06,63.08,63.05,63.06,0,0.00%,24
2025-09-09 18:35,63.08,63.1,63.08,63.08,0.02,0.03%,86
2025-09-09 18:40,63.08,63.11,63.06,63.06,-0.02,-0.03%,101
2025-09-09 18:45,63.06,63.09,63.05,63.07,0.01,0.02%,60
2025-09-09 18:50,63.07,63.11,63.06,63.06,-0.01,-0.02%,77
2025-09-09 18:55,63.06,63.11,63.02,63.02,-0.04,-0.06%,318
2025-09-09 19:00,63.04,63.08,62.94,63.05,0.03,0.05%,552
2025-09-09 19:05,63.04,63.04,62.94,62.98,-0.07,-0.11%,347
2025-09-09 19:10,62.98,62.98,62.93,62.93,-0.05,-0.08%,103
2025-09-09 19:15,62.94,62.97,62.92,62.95,0.02,0.03%,158
2025-09-09 19:20,62.96,63,62.95,62.98,0.03,0.05%,46
2025-09-09 19:25,63,63,62.97,62.99,0.01,0.02%,63
2025-09-09 19:30,62.99,63.02,62.99,63,0.01,0.02%,122
2025-09-09 19:35,63.01,63.04,62.99,63.02,0.02,0.03%,87
2025-09-09 19:40,63.03,63.06,63.02,63.04,0.02,0.03%,168
2025-09-09 19:45,63.03,63.05,62.99,63.02,-0.02,-0.03%,88
2025-09-09 19:50,63.03,63.06,63.03,63.05,0.03,0.05%,90
2025-09-09 19:55,63.06,63.09,63.04,63.08,0.03,0.05%,68
2025-09-09 20:00,63.08,63.13,63.02,63.11,0.03,0.05%,351
2025-09-09 20:05,63.11,63.12,63.07,63.1,-0.01,-0.02%,175
2025-09-09 20:10,63.1,63.13,63.06,63.07,-0.03,-0.05%,188
2025-09-09 20:15,63.07,63.09,63.04,63.04,-0.03,-0.05%,171
2025-09-09 20:20,63.04,63.08,63.02,63.07,0.03,0.05%,205
2025-09-09 20:25,63.08,63.09,63.05,63.05,-0.02,-0.03%,58
2025-09-09 20:30,63.04,63.07,63.02,63.07,0.02,0.03%,47
2025-09-09 20:35,63.07,63.09,63.06,63.08,0.01,0.02%,54
2025-09-09 20:40,63.08,63.11,63.08,63.1,0.02,0.03%,41
2025-09-09 20:45,63.09,63.13,63.09,63.12,0.02,0.03%,51
2025-09-09 20:50,63.12,63.14,63.11,63.12,0,0.00%,96
2025-09-09 20:55,63.12,63.17,63.12,63.13,0.01,0.02%,119
2025-09-09 21:00,63.14,63.18,63.13,63.17,0.04,0.06%,134
2025-09-09 21:05,63.16,63.22,63.16,63.2,0.03,0.05%,184
2025-09-09 21:10,63.21,63.22,63.17,63.18,-0.02,-0.03%,61
2025-09-09 21:15,63.19,63.19,63.17,63.18,0,0.00%,59
2025-09-09 21:20,63.17,63.17,63.14,63.14,-0.04,-0.06%,50
2025-09-09 21:25,63.15,63.17,63.15,63.17,0.03,0.05%,17
2025-09-09 21:30,63.16,63.18,63.16,63.17,0,0.00%,33
2025-09-09 21:35,63.16,63.17,63.15,63.15,-0.02,-0.03%,59
2025-09-09 21:40,63.16,63.16,63.11,63.12,-0.03,-0.05%,121
2025-09-09 21:45,63.12,63.14,63.12,63.13,0.01,0.02%,53
2025-09-09 21:50,63.13,63.15,63.1,63.15,0.02,0.03%,45
2025-09-09 21:55,63.15,63.15,63.12,63.14,-0.01,-0.02%,28
2025-09-09 22:00,63.14,63.17,63.14,63.16,0.02,0.03%,44
2025-09-09 22:05,63.16,63.16,63.13,63.14,-0.02,-0.03%,59
2025-09-09 22:10,63.14,63.16,63.12,63.15,0.01,0.02%,34
2025-09-09 22:15,63.14,63.19,63.14,63.19,0.04,0.06%,49
2025-09-09 22:20,63.19,63.2,63.14,63.2,0.01,0.02%,108
2025-09-09 22:25,63.2,63.23,63.18,63.18,-0.02,-0.03%,105
2025-09-09 22:30,63.18,63.2,63.17,63.2,0.02,0.03%,156
2025-09-09 22:35,63.21,63.21,63.18,63.19,-0.01,-0.02%,62
2025-09-09 22:40,63.19,63.19,63.16,63.17,-0.02,-0.03%,108
2025-09-09 22:45,63.18,63.18,63.15,63.16,-0.01,-0.02%,85
2025-09-09 22:50,63.17,63.19,63.16,63.18,0.02,0.03%,83
2025-09-09 22:55,63.19,63.23,63.19,63.22,0.04,0.06%,86
2025-09-09 23:00,63.21,63.21,63.2,63.21,-0.01,-0.02%,19
2025-09-09 23:05,63.21,63.22,63.21,63.21,0,0.00%,22
2025-09-09 23:10,63.21,63.22,63.2,63.21,0,0.00%,54
2025-09-09 23:15,63.22,63.25,63.22,63.23,0.02,0.03%,151
2025-09-09 23:20,63.24,63.24,63.2,63.23,0,0.00%,95
2025-09-09 23:25,63.22,63.26,63.22,63.23,0,0.00%,91
2025-09-09 23:30,63.23,63.24,63.22,63.22,-0.01,-0.02%,27
2025-09-09 23:35,63.22,63.25,63.21,63.25,0.03,0.05%,78
2025-09-09 23:40,63.25,63.29,63.24,63.28,0.03,0.05%,138
2025-09-09 23:45,63.27,63.27,63.26,63.26,-0.02,-0.03%,23
2025-09-09 23:50,63.25,63.27,63.25,63.25,-0.01,-0.02%,26
2025-09-09 23:55,63.25,63.29,63.25,63.28,0.03,0.05%,61
2025-09-10 0:00,63.29,63.33,63.28,63.31,0.03,0.05%,199
2025-09-10 0:05,63.32,63.32,63.28,63.28,-0.03,-0.05%,152
2025-09-10 0:10,63.28,63.35,63.28,63.34,0.06,0.09%,137
2025-09-10 0:15,63.33,63.37,63.32,63.34,0,0.00%,197
2025-09-10 0:20,63.35,63.37,63.34,63.34,0,0.00%,100
2025-09-10 0:25,63.35,63.36,63.35,63.36,0.02,0.03%,36
2025-09-10 0:30,63.36,63.38,63.3,63.31,-0.05,-0.08%,129
2025-09-10 0:35,63.32,63.32,63.29,63.3,-0.01,-0.02%,74
2025-09-10 0:40,63.3,63.3,63.23,63.28,-0.02,-0.03%,124
2025-09-10 0:45,63.28,63.32,63.26,63.32,0.04,0.06%,88
2025-09-10 0:50,63.31,63.36,63.31,63.33,0.01,0.02%,95
2025-09-10 0:55,63.33,63.33,63.29,63.29,-0.04,-0.06%,65
2025-09-10 1:00,63.29,63.29,63.23,63.23,-0.06,-0.09%,128
2025-09-10 1:05,63.23,63.25,63.22,63.23,0,0.00%,98
2025-09-10 1:10,63.24,63.24,63.2,63.24,0.01,0.02%,92
2025-09-10 1:15,63.25,63.25,63.14,63.23,-0.01,-0.02%,279
2025-09-10 1:20,63.23,63.34,63.23,63.31,0.08,0.13%,239
2025-09-10 1:25,63.3,63.37,63.29,63.35,0.04,0.06%,199
2025-09-10 1:30,63.36,63.4,63.34,63.39,0.04,0.06%,340
2025-09-10 1:35,63.39,63.44,63.26,63.27,-0.12,-0.19%,404
2025-09-10 1:40,63.27,63.27,63.2,63.2,-0.07,-0.11%,180
2025-09-10 1:45,63.21,63.28,63.21,63.23,0.03,0.05%,174
2025-09-10 1:50,63.23,63.23,63.18,63.22,-0.01,-0.02%,161
2025-09-10 1:55,63.24,63.24,63.19,63.23,0.01,0.02%,177
2025-09-10 2:00,63.24,63.29,63.18,63.22,-0.01,-0.02%,298
2025-09-10 2:05,63.23,63.24,63.17,63.24,0.02,0.03%,252
2025-09-10 2:10,63.24,63.32,63.18,63.3,0.06,0.09%,268
2025-09-10 2:15,63.27,63.29,63.24,63.28,-0.02,-0.03%,137
2025-09-10 2:20,63.28,63.33,63.24,63.24,-0.04,-0.06%,219
2025-09-10 2:25,63.25,63.29,63.11,63.12,-0.12,-0.19%,786
2025-09-10 2:30,63.12,63.14,63.07,63.1,-0.02,-0.03%,474
2025-09-10 2:35,63.1,63.11,63.08,63.1,0,0.00%,173
2025-09-10 2:40,63.09,63.15,63.09,63.12,0.02,0.03%,170
2025-09-10 2:45,63.12,63.13,63.09,63.11,-0.01,-0.02%,69
2025-09-10 2:50,63.11,63.21,63.09,63.19,0.08,0.13%,207
2025-09-10 2:55,63.18,63.2,63.12,63.14,-0.05,-0.08%,209
2025-09-10 3:00,63.15,63.17,63.05,63.1,-0.04,-0.06%,421
2025-09-10 3:05,63.1,63.15,63.09,63.14,0.04,0.06%,215
2025-09-10 3:10,63.14,63.17,63.12,63.17,0.03,0.05%,147
2025-09-10 3:15,63.16,63.25,63.16,63.25,0.08,0.13%,249
2025-09-10 3:20,63.25,63.32,63.22,63.32,0.07,0.11%,272
2025-09-10 3:25,63.32,63.36,63.27,63.27,-0.05,-0.08%,424
2025-09-10 3:30,63.27,63.3,63.19,63.21,-0.06,-0.09%,463
2025-09-10 3:35,63.2,63.21,63.11,63.13,-0.08,-0.13%,324
2025-09-10 3:40,63.13,63.28,63.13,63.27,0.14,0.22%,287
2025-09-10 3:45,63.27,63.32,63.23,63.32,0.05,0.08%,278
2025-09-10 3:50,63.32,63.34,63.25,63.29,-0.03,-0.05%,308
2025-09-10 3:55,63.28,63.3,63.25,63.27,-0.02,-0.03%,168
2025-09-10 4:00,63.27,63.32,63.26,63.3,0.03,0.05%,329
2025-09-10 4:05,63.29,63.33,63.27,63.29,-0.01,-0.02%,209
2025-09-10 4:10,63.29,63.31,63.28,63.28,-0.01,-0.02%,153
2025-09-10 4:15,63.28,63.31,63.26,63.27,-0.01,-0.02%,201
2025-09-10 4:20,63.27,63.28,63.19,63.21,-0.06,-0.09%,276
2025-09-10 4:25,63.22,63.22,62.98,63.03,-0.18,-0.28%,747
2025-09-10 4:30,63.03,63.11,62.98,63.1,0.07,0.11%,438
2025-09-10 4:35,63.09,63.09,63.05,63.08,-0.02,-0.03%,171
2025-09-10 4:40,63.08,63.11,63.06,63.1,0.02,0.03%,169
2025-09-10 4:45,63.1,63.11,63.05,63.06,-0.04,-0.06%,167
2025-09-10 4:50,63.06,63.09,63.03,63.07,0.01,0.02%,263
2025-09-10 4:55,63.07,63.1,63.01,63.03,-0.04,-0.06%,233
2025-09-10 5:00,63.02,63.04,62.94,62.94,-0.09,-0.14%,287
2025-09-10 5:05,62.95,63.02,62.94,63,0.06,0.10%,269
2025-09-10 5:10,63.01,63.07,63,63.04,0.04,0.06%,233
2025-09-10 5:15,63.05,63.14,63.05,63.12,0.08,0.13%,429
2025-09-10 5:20,63.12,63.13,63.08,63.13,0.01,0.02%,174
2025-09-10 5:25,63.13,63.17,63.13,63.15,0.02,0.03%,228
2025-09-10 5:30,63.15,63.17,63.11,63.12,-0.03,-0.05%,188
2025-09-10 5:35,63.13,63.16,63.11,63.16,0.04,0.06%,82
2025-09-10 5:40,63.17,63.22,63.15,63.2,0.04,0.06%,233
2025-09-10 5:45,63.2,63.22,63.12,63.15,-0.05,-0.08%,276
2025-09-10 5:50,63.15,63.23,63.15,63.21,0.06,0.10%,157
2025-09-10 5:55,63.2,63.26,63.2,63.26,0.05,0.08%,194
2025-09-10 6:00,63.26,63.26,63.23,63.24,-0.02,-0.03%,257
2025-09-10 6:05,63.24,63.27,63.2,63.24,0,0.00%,281
2025-09-10 6:10,63.24,63.31,63.21,63.29,0.05,0.08%,467
2025-09-10 6:15,63.3,63.3,63.24,63.26,-0.03,-0.05%,226
2025-09-10 6:20,63.27,63.33,63.26,63.33,0.07,0.11%,277
2025-09-10 6:25,63.33,63.33,63.24,63.27,-0.06,-0.09%,277
2025-09-10 6:30,63.27,63.28,63.24,63.24,-0.03,-0.05%,143
2025-09-10 6:35,63.24,63.24,63.21,63.22,-0.02,-0.03%,124
2025-09-10 6:40,63.22,63.24,63.2,63.21,-0.01,-0.02%,216
2025-09-10 6:45,63.22,63.27,63.21,63.21,0,0.00%,231
2025-09-10 6:50,63.22,63.25,63.21,63.23,0.02,0.03%,211
2025-09-10 6:55,63.23,63.25,63.22,63.23,0,0.00%,200
2025-09-10 7:00,63.24,63.26,63.21,63.25,0.02,0.03%,178
2025-09-10 7:05,63.25,63.36,63.24,63.33,0.08,0.13%,419
2025-09-10 7:10,63.33,63.33,63.28,63.29,-0.04,-0.06%,367
2025-09-10 7:15,63.29,63.48,63.28,63.45,0.16,0.25%,691
2025-09-10 7:20,63.46,63.49,63.4,63.41,-0.04,-0.06%,1176
2025-09-10 7:25,63.41,63.41,63.35,63.38,-0.03,-0.05%,580
2025-09-10 7:30,63.39,63.41,63.28,63.32,-0.06,-0.09%,851
2025-09-10 7:35,63.32,63.34,63.23,63.24,-0.08,-0.13%,685
2025-09-10 7:40,63.24,63.32,63.2,63.32,0.08,0.13%,460
2025-09-10 7:45,63.32,63.32,63.24,63.26,-0.06,-0.09%,338
2025-09-10 7:50,63.25,63.28,63.16,63.22,-0.04,-0.06%,931
2025-09-10 7:55,63.22,63.29,63.18,63.24,0.02,0.03%,685
2025-09-10 8:00,63.25,63.29,63.2,63.28,0.04,0.06%,999
2025-09-10 8:05,63.29,63.32,63.25,63.27,-0.01,-0.02%,764
2025-09-10 8:10,63.28,63.44,63.28,63.38,0.11,0.17%,1710
2025-09-10 8:15,63.37,63.38,63.2,63.21,-0.17,-0.27%,1182
2025-09-10 8:20,63.2,63.25,63.2,63.21,0,0.00%,626
2025-09-10 8:25,63.2,63.21,63.04,63.12,-0.09,-0.14%,1663
2025-09-10 8:30,63.12,63.13,63.05,63.1,-0.02,-0.03%,1111
2025-09-10 8:35,63.1,63.18,63.08,63.11,0.01,0.02%,1158
2025-09-10 8:40,63.1,63.15,63.08,63.15,0.04,0.06%,561
2025-09-10 8:45,63.16,63.27,63.13,63.22,0.07,0.11%,1073
2025-09-10 8:50,63.22,63.22,63.15,63.17,-0.05,-0.08%,826
2025-09-10 8:55,63.17,63.26,63.14,63.24,0.07,0.11%,704
2025-09-10 9:00,63.25,63.33,63.25,63.29,0.05,0.08%,916
2025-09-10 9:05,63.29,63.36,63.26,63.31,0.02,0.03%,934
2025-09-10 9:10,63.31,63.34,63.31,63.32,0.01,0.02%,553
2025-09-10 9:15,63.33,63.39,63.33,63.37,0.05,0.08%,803
2025-09-10 9:20,63.38,63.46,63.37,63.43,0.06,0.09%,1762
2025-09-10 9:25,63.44,63.45,63.34,63.34,-0.09,-0.14%,951
2025-09-10 9:30,63.33,63.33,63.07,63.15,-0.19,-0.30%,4538
2025-09-10 9:35,63.14,63.28,63.09,63.09,-0.06,-0.10%,1895
2025-09-10 9:40,63.09,63.13,62.97,63,-0.09,-0.14%,1963
2025-09-10 9:45,63,63.1,62.98,63.08,0.08,0.13%,1072
2025-09-10 9:50,63.08,63.39,63.04,63.28,0.2,0.32%,2954
2025-09-10 9:55,63.29,63.34,63.25,63.26,-0.02,-0.03%,987
2025-09-10 10:00,63.26,63.31,63.2,63.26,0,0.00%,907
2025-09-10 10:05,63.27,63.76,63.24,63.7,0.44,0.70%,6620
2025-09-10 10:10,63.7,63.75,63.47,63.55,-0.15,-0.24%,5284
2025-09-10 10:15,63.55,63.68,63.54,63.62,0.07,0.11%,2210
2025-09-10 10:20,63.62,63.67,63.56,63.65,0.03,0.05%,1789
2025-09-10 10:25,63.64,63.66,63.55,63.58,-0.07,-0.11%,1509
2025-09-10 10:30,63.58,63.65,63.5,63.56,-0.02,-0.03%,1851
2025-09-10 10:35,63.56,63.68,63.53,63.67,0.11,0.17%,1110
2025-09-10 10:40,63.66,63.8,63.64,63.65,-0.02,-0.03%,2471
2025-09-10 10:45,63.64,63.89,63.64,63.87,0.22,0.35%,2031
2025-09-10 10:50,63.87,63.95,63.81,63.86,-0.01,-0.02%,2436
2025-09-10 10:55,63.86,64,63.84,63.97,0.11,0.17%,2527
2025-09-10 11:00,63.97,64.08,63.97,64.04,0.07,0.11%,2429
2025-09-10 11:05,64.03,64.05,63.94,63.98,-0.06,-0.09%,2110
2025-09-10 11:10,63.99,64.01,63.93,63.97,-0.01,-0.02%,1272
2025-09-10 11:15,63.96,64.01,63.92,64,0.03,0.05%,1120
2025-09-10 11:20,64,64.01,63.95,63.97,-0.03,-0.05%,1098
2025-09-10 11:25,63.97,64.03,63.96,63.99,0.02,0.03%,1368
2025-09-10 11:30,63.98,64.02,63.96,64,0.01,0.02%,991
2025-09-10 11:35,63.99,64.05,63.99,64.01,0.01,0.02%,813
2025-09-10 11:40,64.01,64.01,63.93,63.94,-0.07,-0.11%,950
2025-09-10 11:45,63.93,63.99,63.9,63.97,0.03,0.05%,721
2025-09-10 11:50,63.97,63.98,63.95,63.97,0,0.00%,537
2025-09-10 11:55,63.97,63.99,63.95,63.98,0.01,0.02%,332
2025-09-10 12:00,63.98,63.98,63.86,63.86,-0.12,-0.19%,1003
2025-09-10 12:05,63.86,63.88,63.82,63.84,-0.02,-0.03%,881
2025-09-10 12:10,63.83,63.86,63.79,63.85,0.01,0.02%,774
2025-09-10 12:15,63.85,63.87,63.82,63.84,-0.01,-0.02%,626
2025-09-10 12:20,63.84,63.88,63.81,63.82,-0.02,-0.03%,928
2025-09-10 12:25,63.83,63.92,63.82,63.85,0.03,0.05%,877
2025-09-10 12:30,63.85,63.86,63.74,63.79,-0.06,-0.09%,974
2025-09-10 12:35,63.78,63.84,63.78,63.84,0.05,0.08%,562
2025-09-10 12:40,63.83,63.84,63.72,63.76,-0.08,-0.13%,1276
2025-09-10 12:45,63.76,63.78,63.71,63.72,-0.04,-0.06%,709
2025-09-10 12:50,63.72,63.75,63.72,63.73,0.01,0.02%,515
2025-09-10 12:55,63.73,63.8,63.73,63.76,0.03,0.05%,721
2025-09-10 13:00,63.76,63.8,63.73,63.79,0.03,0.05%,632
2025-09-10 13:05,63.79,63.81,63.74,63.79,0,0.00%,966
2025-09-10 13:10,63.79,63.83,63.78,63.83,0.04,0.06%,576
2025-09-10 13:15,63.83,63.84,63.72,63.72,-0.11,-0.17%,1203
2025-09-10 13:20,63.72,63.75,63.69,63.71,-0.01,-0.02%,1402
2025-09-10 13:25,63.7,63.74,63.63,63.67,-0.04,-0.06%,6520
2025-09-10 13:30,63.67,63.76,63.66,63.75,0.08,0.13%,1626
2025-09-10 13:35,63.75,63.8,63.75,63.8,0.05,0.08%,957
2025-09-10 13:40,63.8,63.81,63.77,63.78,-0.02,-0.03%,357
2025-09-10 13:45,63.78,63.78,63.74,63.77,-0.01,-0.02%,267
2025-09-10 13:50,63.77,63.78,63.74,63.76,-0.01,-0.02%,219
2025-09-10 13:55,63.76,63.77,63.73,63.77,0.01,0.02%,191
2025-09-10 14:00,63.78,63.78,63.74,63.74,-0.03,-0.05%,232
2025-09-10 14:05,63.74,63.83,63.74,63.81,0.07,0.11%,372
2025-09-10 14:10,63.82,63.87,63.8,63.8,-0.01,-0.02%,412
2025-09-10 14:15,63.81,63.84,63.81,63.81,0.01,0.02%,307
2025-09-10 14:20,63.81,63.82,63.78,63.78,-0.03,-0.05%,194
2025-09-10 14:25,63.78,63.79,63.77,63.78,0,0.00%,167
2025-09-10 14:30,63.78,63.8,63.77,63.79,0.01,0.02%,157
2025-09-10 14:35,63.8,63.82,63.78,63.82,0.03,0.05%,233
2025-09-10 14:40,63.82,63.82,63.78,63.81,-0.01,-0.02%,133
2025-09-10 14:45,63.81,63.82,63.78,63.8,-0.01,-0.02%,176
2025-09-10 14:50,63.8,63.82,63.78,63.8,0,0.00%,200
2025-09-10 14:55,63.81,63.83,63.78,63.78,-0.02,-0.03%,329
2025-09-10 15:00,63.78,63.79,63.76,63.78,0,0.00%,150
2025-09-10 15:05,63.77,63.78,63.75,63.76,-0.02,-0.03%,118
2025-09-10 15:10,63.76,63.76,63.72,63.72,-0.04,-0.06%,157
2025-09-10 15:15,63.73,63.74,63.72,63.74,0.02,0.03%,219
2025-09-10 15:20,63.74,63.76,63.72,63.74,0,0.00%,146
2025-09-10 15:25,63.74,63.75,63.73,63.74,0,0.00%,66
2025-09-10 15:30,63.73,63.75,63.73,63.73,-0.01,-0.02%,57
2025-09-10 15:35,63.74,63.75,63.73,63.74,0.01,0.02%,74
2025-09-10 15:40,63.73,63.74,63.72,63.72,-0.02,-0.03%,209
2025-09-10 15:45,63.72,63.73,63.71,63.72,0,0.00%,224
2025-09-10 15:50,63.73,63.74,63.7,63.73,0.01,0.02%,188
2025-09-10 15:55,63.72,63.76,63.71,63.75,0.02,0.03%,237
2025-09-10 17:00,63.8,63.8,63.69,63.71,-0.04,-0.06%,159
2025-09-10 17:05,63.7,63.73,63.69,63.7,-0.01,-0.02%,73
2025-09-10 17:10,63.7,63.72,63.7,63.72,0.02,0.03%,14
2025-09-10 17:15,63.72,63.72,63.7,63.72,0,0.00%,16
2025-09-10 17:20,63.72,63.72,63.72,63.72,0,0.00%,1
2025-09-10 17:25,63.72,63.74,63.72,63.73,0.01,0.02%,57
2025-09-10 17:30,63.74,63.76,63.72,63.75,0.02,0.03%,44
2025-09-10 17:35,63.76,63.77,63.74,63.76,0.01,0.02%,29
2025-09-10 17:40,63.76,63.77,63.75,63.75,-0.01,-0.02%,29
2025-09-10 17:45,63.75,63.77,63.74,63.76,0.01,0.02%,40
2025-09-10 17:50,63.76,63.77,63.76,63.76,0,0.00%,12
2025-09-10 17:55,63.76,63.78,63.76,63.78,0.02,0.03%,18
2025-09-10 18:00,63.76,63.76,63.76,63.76,-0.02,-0.03%,8
2025-09-10 18:05,63.76,63.77,63.76,63.77,0.01,0.02%,19
2025-09-10 18:10,63.77,63.77,63.77,63.77,0,0.00%,10
2025-09-10 18:15,63.77,63.77,63.77,63.77,0,0.00%,10
2025-09-10 18:20,63.77,63.77,63.76,63.76,-0.01,-0.02%,4
2025-09-10 18:25,63.75,63.77,63.75,63.77,0.01,0.02%,2
2025-09-10 18:30,63.77,63.77,63.77,63.77,0,0.00%,1
2025-09-10 18:35,63.77,63.78,63.76,63.76,-0.01,-0.02%,23
2025-09-10 18:40,63.77,63.77,63.77,63.77,0.01,0.02%,5
2025-09-10 18:45,63.77,63.77,63.75,63.76,-0.01,-0.02%,33
2025-09-10 18:50,63.76,63.76,63.76,63.76,0,0.00%,2
2025-09-10 18:55,63.76,63.76,63.75,63.75,-0.01,-0.02%,3
2025-09-10 19:00,63.76,63.79,63.75,63.78,0.03,0.05%,161
2025-09-10 19:05,63.79,63.79,63.76,63.77,-0.01,-0.02%,32
2025-09-10 19:10,63.76,63.76,63.74,63.75,-0.02,-0.03%,30
2025-09-10 19:15,63.75,63.75,63.74,63.75,0,0.00%,27
2025-09-10 19:20,63.75,63.75,63.73,63.73,-0.02,-0.03%,11
2025-09-10 19:25,63.74,63.76,63.73,63.74,0.01,0.02%,48
2025-09-10 19:30,63.74,63.77,63.74,63.76,0.02,0.03%,26
2025-09-10 19:35,63.75,63.75,63.73,63.74,-0.02,-0.03%,30
2025-09-10 19:40,63.74,63.75,63.71,63.74,0,0.00%,52
2025-09-10 19:45,63.74,63.76,63.73,63.74,0,0.00%,55
2025-09-10 19:50,63.74,63.74,63.72,63.73,-0.01,-0.02%,20
2025-09-10 19:55,63.73,63.73,63.71,63.72,-0.01,-0.02%,44
2025-09-10 20:00,63.72,63.72,63.63,63.63,-0.09,-0.14%,239
2025-09-10 20:05,63.64,63.67,63.64,63.65,0.02,0.03%,159
2025-09-10 20:10,63.64,63.65,63.63,63.63,-0.02,-0.03%,78
2025-09-10 20:15,63.63,63.63,63.61,63.63,0,0.00%,49
2025-09-10 20:20,63.63,63.64,63.62,63.63,0,0.00%,42
2025-09-10 20:25,63.64,63.67,63.63,63.66,0.03,0.05%,72
2025-09-10 20:30,63.65,63.65,63.64,63.64,-0.02,-0.03%,32
2025-09-10 20:35,63.64,63.65,63.64,63.64,0,0.00%,44
2025-09-10 20:40,63.64,63.66,63.64,63.66,0.02,0.03%,48
2025-09-10 20:45,63.67,63.69,63.66,63.66,0,0.00%,62
2025-09-10 20:50,63.66,63.68,63.65,63.68,0.02,0.03%,118
2025-09-10 20:55,63.68,63.7,63.68,63.69,0.01,0.02%,72
2025-09-10 21:00,63.69,63.71,63.68,63.69,0,0.00%,55
2025-09-10 21:05,63.69,63.69,63.67,63.69,0,0.00%,31
2025-09-10 21:10,63.69,63.69,63.67,63.67,-0.02,-0.03%,31
2025-09-10 21:15,63.68,63.69,63.66,63.68,0.01,0.02%,23
2025-09-10 21:20,63.68,63.69,63.68,63.68,0,0.00%,4
2025-09-10 21:25,63.69,63.69,63.66,63.68,0,0.00%,60
2025-09-10 21:30,63.69,63.7,63.65,63.65,-0.03,-0.05%,53
2025-09-10 21:35,63.65,63.66,63.62,63.62,-0.03,-0.05%,84
2025-09-10 21:40,63.63,63.63,63.6,63.63,0.01,0.02%,68
2025-09-10 21:45,63.63,63.65,63.62,63.63,0,0.00%,74
2025-09-10 21:50,63.63,63.63,63.6,63.62,-0.01,-0.02%,68
2025-09-10 21:55,63.63,63.65,63.62,63.65,0.03,0.05%,56
2025-09-10 22:00,63.65,63.65,63.64,63.64,-0.01,-0.02%,42
2025-09-10 22:05,63.64,63.64,63.61,63.61,-0.03,-0.05%,46
2025-09-10 22:10,63.61,63.63,63.61,63.62,0.01,0.02%,34
2025-09-10 22:15,63.61,63.63,63.59,63.59,-0.03,-0.05%,68
2025-09-10 22:20,63.59,63.6,63.55,63.57,-0.02,-0.03%,127
2025-09-10 22:25,63.57,63.62,63.57,63.6,0.03,0.05%,56
2025-09-10 22:30,63.59,63.62,63.59,63.62,0.02,0.03%,39
2025-09-10 22:35,63.62,63.64,63.61,63.62,0,0.00%,27
2025-09-10 22:40,63.62,63.62,63.6,63.62,0,0.00%,46
2025-09-10 22:45,63.61,63.61,63.6,63.6,-0.02,-0.03%,34
2025-09-10 22:50,63.59,63.6,63.58,63.6,0,0.00%,51
2025-09-10 22:55,63.6,63.6,63.55,63.56,-0.04,-0.06%,79
2025-09-10 23:00,63.56,63.57,63.53,63.56,0,0.00%,103
2025-09-10 23:05,63.57,63.59,63.57,63.57,0.01,0.02%,51
2025-09-10 23:10,63.56,63.58,63.56,63.56,-0.01,-0.02%,47
2025-09-10 23:15,63.57,63.57,63.54,63.55,-0.01,-0.02%,45
2025-09-10 23:20,63.55,63.56,63.54,63.54,-0.01,-0.02%,44
2025-09-10 23:25,63.54,63.54,63.5,63.52,-0.02,-0.03%,128
2025-09-10 23:30,63.53,63.54,63.52,63.52,0,0.00%,58
2025-09-10 23:35,63.52,63.53,63.52,63.53,0.01,0.02%,50
2025-09-10 23:40,63.53,63.54,63.53,63.53,0,0.00%,44
2025-09-10 23:45,63.54,63.55,63.53,63.54,0.01,0.02%,37
2025-09-10 23:50,63.53,63.54,63.53,63.53,-0.01,-0.02%,24
2025-09-10 23:55,63.54,63.55,63.53,63.53,0,0.00%,38
2025-09-11 0:00,63.52,63.53,63.48,63.5,-0.03,-0.05%,90
2025-09-11 0:05,63.49,63.51,63.47,63.47,-0.03,-0.05%,81
2025-09-11 0:10,63.47,63.47,63.42,63.44,-0.03,-0.05%,205
2025-09-11 0:15,63.44,63.45,63.44,63.44,0,0.00%,33
2025-09-11 0:20,63.44,63.46,63.43,63.46,0.02,0.03%,41
2025-09-11 0:25,63.46,63.48,63.46,63.47,0.01,0.02%,53
2025-09-11 0:30,63.48,63.49,63.42,63.45,-0.02,-0.03%,144
2025-09-11 0:35,63.46,63.46,63.42,63.44,-0.01,-0.02%,55
2025-09-11 0:40,63.44,63.45,63.43,63.44,0,0.00%,27
2025-09-11 0:45,63.44,63.5,63.44,63.46,0.02,0.03%,109
2025-09-11 0:50,63.46,63.5,63.46,63.48,0.02,0.03%,124
2025-09-11 0:55,63.48,63.5,63.47,63.47,-0.01,-0.02%,83
2025-09-11 1:00,63.48,63.56,63.48,63.51,0.04,0.06%,437
2025-09-11 1:05,63.52,63.58,63.51,63.56,0.05,0.08%,176
2025-09-11 1:10,63.57,63.58,63.54,63.54,-0.02,-0.03%,143
2025-09-11 1:15,63.53,63.57,63.53,63.56,0.02,0.03%,78
2025-09-11 1:20,63.57,63.59,63.55,63.56,0,0.00%,103
2025-09-11 1:25,63.57,63.59,63.55,63.58,0.02,0.03%,86
2025-09-11 1:30,63.59,63.61,63.56,63.58,0,0.00%,214
2025-09-11 1:35,63.58,63.6,63.51,63.52,-0.06,-0.09%,193
2025-09-11 1:40,63.52,63.58,63.5,63.57,0.05,0.08%,135
2025-09-11 1:45,63.57,63.6,63.57,63.59,0.02,0.03%,66
2025-09-11 1:50,63.59,63.63,63.59,63.61,0.02,0.03%,117
2025-09-11 1:55,63.6,63.61,63.52,63.57,-0.04,-0.06%,174
2025-09-11 2:00,63.57,63.6,63.51,63.53,-0.04,-0.06%,367
2025-09-11 2:05,63.54,63.56,63.5,63.54,0.01,0.02%,353
2025-09-11 2:10,63.55,63.58,63.52,63.56,0.02,0.03%,183
2025-09-11 2:15,63.55,63.56,63.52,63.52,-0.04,-0.06%,147
2025-09-11 2:20,63.53,63.54,63.49,63.52,0,0.00%,232
2025-09-11 2:25,63.52,63.53,63.5,63.52,0,0.00%,242
2025-09-11 2:30,63.53,63.62,63.5,63.57,0.05,0.08%,335
2025-09-11 2:35,63.56,63.58,63.52,63.57,0,0.00%,183
2025-09-11 2:40,63.57,63.6,63.55,63.58,0.01,0.02%,183
2025-09-11 2:45,63.57,63.57,63.52,63.55,-0.03,-0.05%,194
2025-09-11 2:50,63.54,63.54,63.5,63.53,-0.02,-0.03%,245
2025-09-11 2:55,63.52,63.57,63.49,63.57,0.04,0.06%,370
2025-09-11 3:00,63.58,63.66,63.57,63.61,0.04,0.06%,541
2025-09-11 3:05,63.61,63.62,63.56,63.59,-0.02,-0.03%,330
2025-09-11 3:10,63.59,63.61,63.53,63.57,-0.02,-0.03%,269
2025-09-11 3:15,63.56,63.56,63.39,63.45,-0.12,-0.19%,1067
2025-09-11 3:20,63.45,63.47,63.41,63.43,-0.02,-0.03%,510
2025-09-11 3:25,63.43,63.5,63.34,63.4,-0.03,-0.05%,1091
2025-09-11 3:30,63.39,63.44,63.35,63.38,-0.02,-0.03%,768
2025-09-11 3:35,63.38,63.42,63.32,63.37,-0.01,-0.02%,787
2025-09-11 3:40,63.37,63.37,63.18,63.22,-0.15,-0.24%,964
2025-09-11 3:45,63.22,63.28,63.2,63.27,0.05,0.08%,761
2025-09-11 3:50,63.26,63.29,63.26,63.28,0.01,0.02%,284
2025-09-11 3:55,63.29,63.41,63.27,63.37,0.09,0.14%,710
2025-09-11 4:00,63.37,63.38,63.28,63.38,0.01,0.02%,445
2025-09-11 4:05,63.38,63.4,63.36,63.39,0.01,0.02%,215
2025-09-11 4:10,63.38,63.42,63.36,63.42,0.03,0.05%,233
2025-09-11 4:15,63.42,63.42,63.39,63.42,0,0.00%,274
2025-09-11 4:20,63.42,63.5,63.41,63.49,0.07,0.11%,572
2025-09-11 4:25,63.5,63.56,63.48,63.51,0.02,0.03%,638
2025-09-11 4:30,63.5,63.52,63.42,63.46,-0.05,-0.08%,497
2025-09-11 4:35,63.46,63.5,63.46,63.49,0.03,0.05%,194
2025-09-11 4:40,63.49,63.49,63.4,63.41,-0.08,-0.13%,243
2025-09-11 4:45,63.42,63.44,63.4,63.44,0.03,0.05%,149
2025-09-11 4:50,63.43,63.45,63.38,63.43,-0.01,-0.02%,161
2025-09-11 4:55,63.43,63.43,63.35,63.36,-0.07,-0.11%,209
2025-09-11 5:00,63.36,63.37,63.14,63.17,-0.19,-0.30%,1154
2025-09-11 5:05,63.17,63.24,63.15,63.17,0,0.00%,720
2025-09-11 5:10,63.16,63.22,63.15,63.21,0.04,0.06%,448
2025-09-11 5:15,63.2,63.25,63.19,63.23,0.02,0.03%,342
2025-09-11 5:20,63.23,63.25,63.23,63.24,0.01,0.02%,143
2025-09-11 5:25,63.23,63.27,63.21,63.23,-0.01,-0.02%,241
2025-09-11 5:30,63.22,63.23,63.09,63.1,-0.13,-0.21%,717
2025-09-11 5:35,63.1,63.15,63.09,63.14,0.04,0.06%,290
2025-09-11 5:40,63.13,63.14,63.11,63.13,-0.01,-0.02%,355
2025-09-11 5:45,63.13,63.15,63.1,63.14,0.01,0.02%,494
2025-09-11 5:50,63.13,63.21,63.12,63.16,0.02,0.03%,417
2025-09-11 5:55,63.15,63.18,63.13,63.13,-0.03,-0.05%,268
2025-09-11 6:00,63.14,63.19,63.13,63.18,0.05,0.08%,442
2025-09-11 6:05,63.18,63.18,63.14,63.17,-0.01,-0.02%,207
2025-09-11 6:10,63.16,63.16,63.12,63.13,-0.04,-0.06%,232
2025-09-11 6:15,63.14,63.14,63.05,63.05,-0.08,-0.13%,581
2025-09-11 6:20,63.05,63.08,63.04,63.05,0,0.00%,285
2025-09-11 6:25,63.06,63.09,63.04,63.07,0.02,0.03%,293
2025-09-11 6:30,63.06,63.06,62.86,62.97,-0.1,-0.16%,1751
2025-09-11 6:35,62.97,63.02,62.93,63,0.03,0.05%,681
2025-09-11 6:40,62.99,63.02,62.97,62.97,-0.03,-0.05%,258
2025-09-11 6:45,62.98,63.03,62.98,63.01,0.04,0.06%,483
2025-09-11 6:50,63.01,63.02,62.95,62.97,-0.04,-0.06%,460
2025-09-11 6:55,62.97,63.02,62.96,63.02,0.05,0.08%,382
2025-09-11 7:00,63.01,63.01,62.93,62.97,-0.05,-0.08%,804
2025-09-11 7:05,62.97,63.03,62.96,63.01,0.04,0.06%,693
2025-09-11 7:10,63,63.01,62.95,62.95,-0.06,-0.10%,282
2025-09-11 7:15,62.96,63.01,62.92,62.93,-0.02,-0.03%,510
2025-09-11 7:20,62.93,62.97,62.74,62.86,-0.07,-0.11%,1958
2025-09-11 7:25,62.86,62.94,62.85,62.9,0.04,0.06%,613
2025-09-11 7:30,62.9,62.94,62.74,62.79,-0.11,-0.17%,1763
2025-09-11 7:35,62.79,62.84,62.75,62.8,0.01,0.02%,905
2025-09-11 7:40,62.79,62.84,62.75,62.83,0.03,0.05%,927
2025-09-11 7:45,62.83,62.87,62.82,62.85,0.02,0.03%,668
2025-09-11 7:50,62.85,62.85,62.7,62.76,-0.09,-0.14%,1332
2025-09-11 7:55,62.76,62.8,62.68,62.77,0.01,0.02%,1048
2025-09-11 8:00,62.77,62.77,62.59,62.69,-0.08,-0.13%,2818
2025-09-11 8:05,62.69,62.73,62.41,62.44,-0.25,-0.40%,2687
2025-09-11 8:10,62.44,62.47,62.28,62.42,-0.02,-0.03%,4338
2025-09-11 8:15,62.42,62.58,62.41,62.47,0.05,0.08%,2051
2025-09-11 8:20,62.48,62.5,62.43,62.44,-0.03,-0.05%,1596
2025-09-11 8:25,62.45,62.5,62.42,62.44,0,0.00%,1251
2025-09-11 8:30,62.44,62.47,62.33,62.41,-0.03,-0.05%,2101
2025-09-11 8:35,62.41,62.46,62.39,62.44,0.03,0.05%,1601
2025-09-11 8:40,62.44,62.57,62.4,62.53,0.09,0.14%,2300
2025-09-11 8:45,62.53,62.59,62.48,62.58,0.05,0.08%,1038
2025-09-11 8:50,62.58,62.71,62.51,62.69,0.11,0.18%,1795
2025-09-11 8:55,62.69,62.77,62.65,62.74,0.05,0.08%,1370
2025-09-11 9:00,62.74,62.77,62.66,62.67,-0.07,-0.11%,1458
2025-09-11 9:05,62.67,62.67,62.5,62.51,-0.16,-0.26%,1233
2025-09-11 9:10,62.51,62.62,62.45,62.51,0,0.00%,1666
2025-09-11 9:15,62.51,62.59,62.5,62.57,0.06,0.10%,1253
2025-09-11 9:20,62.58,62.58,62.47,62.49,-0.08,-0.13%,796
2025-09-11 9:25,62.49,62.58,62.46,62.48,-0.01,-0.02%,1026
2025-09-11 9:30,62.49,62.56,62.42,62.46,-0.02,-0.03%,954
2025-09-11 9:35,62.45,62.53,62.4,62.41,-0.05,-0.08%,891
2025-09-11 9:40,62.41,62.49,62.37,62.48,0.07,0.11%,990
2025-09-11 9:45,62.48,62.51,62.4,62.42,-0.06,-0.10%,811
2025-09-11 9:50,62.41,62.55,62.4,62.51,0.09,0.14%,1102
2025-09-11 9:55,62.5,62.55,62.47,62.52,0.01,0.02%,738
2025-09-11 10:00,62.53,62.55,62.45,62.52,0,0.00%,897
2025-09-11 10:05,62.51,62.6,62.47,62.56,0.04,0.06%,1359
2025-09-11 10:10,62.55,62.59,62.54,62.58,0.02,0.03%,708
2025-09-11 10:15,62.57,62.65,62.49,62.52,-0.06,-0.10%,1467
2025-09-11 10:20,62.51,62.64,62.5,62.54,0.02,0.03%,920
2025-09-11 10:25,62.54,62.55,62.45,62.47,-0.07,-0.11%,908
2025-09-11 10:30,62.47,62.48,62.4,62.47,0,0.00%,1015
2025-09-11 10:35,62.47,62.55,62.45,62.52,0.05,0.08%,700
2025-09-11 10:40,62.5,62.5,62.33,62.42,-0.1,-0.16%,1295
2025-09-11 10:45,62.42,62.47,62.4,62.45,0.03,0.05%,654
2025-09-11 10:50,62.45,62.48,62.38,62.46,0.01,0.02%,712
2025-09-11 10:55,62.47,62.56,62.46,62.49,0.03,0.05%,840
2025-09-11 11:00,62.5,62.51,62.42,62.49,0,0.00%,953
2025-09-11 11:05,62.49,62.51,62.4,62.43,-0.06,-0.10%,889
2025-09-11 11:10,62.43,62.46,62.35,62.39,-0.04,-0.06%,915
2025-09-11 11:15,62.39,62.43,62.38,62.41,0.02,0.03%,447
2025-09-11 11:20,62.41,62.43,62.39,62.42,0.01,0.02%,435
2025-09-11 11:25,62.42,62.42,62.38,62.41,-0.01,-0.02%,524
2025-09-11 11:30,62.41,62.44,62.4,62.44,0.03,0.05%,314
2025-09-11 11:35,62.45,62.48,62.39,62.47,0.03,0.05%,507
2025-09-11 11:40,62.47,62.5,62.45,62.49,0.02,0.03%,417
2025-09-11 11:45,62.49,62.5,62.42,62.48,-0.01,-0.02%,459
2025-09-11 11:50,62.48,62.5,62.46,62.49,0.01,0.02%,330
2025-09-11 11:55,62.49,62.49,62.41,62.48,-0.01,-0.02%,403
2025-09-11 12:00,62.48,62.48,62.38,62.43,-0.05,-0.08%,568
2025-09-11 12:05,62.43,62.44,62.39,62.42,-0.01,-0.02%,327
2025-09-11 12:10,62.43,62.48,62.43,62.46,0.04,0.06%,544
2025-09-11 12:15,62.46,62.47,62.45,62.45,-0.01,-0.02%,211
2025-09-11 12:20,62.45,62.47,62.39,62.39,-0.06,-0.10%,530
2025-09-11 12:25,62.39,62.46,62.39,62.43,0.04,0.06%,549
2025-09-11 12:30,62.43,62.5,62.43,62.48,0.05,0.08%,591
2025-09-11 12:35,62.49,62.6,62.48,62.59,0.11,0.18%,750
2025-09-11 12:40,62.59,62.6,62.52,62.54,-0.05,-0.08%,624
2025-09-11 12:45,62.54,62.58,62.52,62.58,0.04,0.06%,557
2025-09-11 12:50,62.57,62.6,62.49,62.5,-0.08,-0.13%,841
2025-09-11 12:55,62.5,62.51,62.42,62.48,-0.02,-0.03%,1052
2025-09-11 13:00,62.48,62.48,62.37,62.37,-0.11,-0.18%,897
2025-09-11 13:05,62.37,62.39,62.24,62.34,-0.03,-0.05%,1665
2025-09-11 13:10,62.34,62.34,62.25,62.31,-0.03,-0.05%,866
2025-09-11 13:15,62.33,62.38,62.33,62.37,0.06,0.10%,848
2025-09-11 13:20,62.38,62.49,62.36,62.48,0.11,0.18%,1515
2025-09-11 13:25,62.47,62.47,62.34,62.36,-0.12,-0.19%,5242
2025-09-11 13:30,62.36,62.4,62.31,62.38,0.02,0.03%,1891
2025-09-11 13:35,62.39,62.41,62.34,62.35,-0.03,-0.05%,386
2025-09-11 13:40,62.34,62.34,62.25,62.31,-0.04,-0.06%,694
2025-09-11 13:45,62.3,62.32,62.29,62.29,-0.02,-0.03%,352
2025-09-11 13:50,62.29,62.3,62.26,62.28,-0.01,-0.02%,203
2025-09-11 13:55,62.29,62.3,62.26,62.28,0,0.00%,409
2025-09-11 14:00,62.28,62.32,62.28,62.29,0.01,0.02%,253
2025-09-11 14:05,62.29,62.3,62.24,62.29,0,0.00%,247
2025-09-11 14:10,62.29,62.3,62.26,62.28,-0.01,-0.02%,202
2025-09-11 14:15,62.28,62.28,62.25,62.26,-0.02,-0.03%,164
2025-09-11 14:20,62.27,62.3,62.26,62.3,0.04,0.06%,270
2025-09-11 14:25,62.3,62.3,62.27,62.27,-0.03,-0.05%,226
2025-09-11 14:30,62.27,62.28,62.26,62.28,0.01,0.02%,97
2025-09-11 14:35,62.27,62.29,62.26,62.27,-0.01,-0.02%,199
2025-09-11 14:40,62.27,62.28,62.26,62.27,0,0.00%,239
2025-09-11 14:45,62.27,62.28,62.22,62.23,-0.04,-0.06%,278
2025-09-11 14:50,62.24,62.25,62.21,62.25,0.02,0.03%,434
2025-09-11 14:55,62.26,62.26,62.23,62.24,-0.01,-0.02%,301
2025-09-11 15:00,62.25,62.3,62.25,62.29,0.05,0.08%,284
2025-09-11 15:05,62.29,62.32,62.29,62.3,0.01,0.02%,148
2025-09-11 15:10,62.29,62.31,62.29,62.29,-0.01,-0.02%,98
2025-09-11 15:15,62.29,62.3,62.29,62.29,0,0.00%,66
2025-09-11 15:20,62.29,62.3,62.28,62.28,-0.01,-0.02%,78
2025-09-11 15:25,62.29,62.29,62.27,62.28,0,0.00%,67
2025-09-11 15:30,62.28,62.29,62.27,62.29,0.01,0.02%,51
2025-09-11 15:35,62.28,62.31,62.28,62.3,0.01,0.02%,170
2025-09-11 15:40,62.31,62.32,62.29,62.3,0,0.00%,116
2025-09-11 15:45,62.3,62.31,62.27,62.29,-0.01,-0.02%,155
2025-09-11 15:50,62.28,62.31,62.27,62.28,-0.01,-0.02%,291
2025-09-11 15:55,62.28,62.3,62.24,62.24,-0.04,-0.06%,253
2025-09-11 17:00,62.27,62.31,62.24,62.3,0.06,0.10%,102
2025-09-11 17:05,62.3,62.31,62.3,62.31,0.01,0.02%,25
2025-09-11 17:10,62.31,62.32,62.3,62.31,0,0.00%,44
2025-09-11 17:15,62.3,62.31,62.29,62.29,-0.02,-0.03%,120
2025-09-11 17:20,62.29,62.3,62.29,62.3,0.01,0.02%,21
2025-09-11 17:25,62.29,62.31,62.29,62.3,0,0.00%,23
2025-09-11 17:30,62.31,62.31,62.28,62.28,-0.02,-0.03%,46
2025-09-11 17:35,62.28,62.28,62.26,62.26,-0.02,-0.03%,16
2025-09-11 17:40,62.27,62.27,62.24,62.24,-0.02,-0.03%,80
2025-09-11 17:45,62.23,62.23,62.18,62.23,-0.01,-0.02%,88
2025-09-11 17:50,62.22,62.24,62.22,62.24,0.01,0.02%,13
2025-09-11 17:55,62.24,62.24,62.23,62.24,0,0.00%,15
2025-09-11 18:00,62.24,62.25,62.23,62.25,0.01,0.02%,8
2025-09-11 18:05,62.25,62.25,62.22,62.23,-0.02,-0.03%,12
2025-09-11 18:10,62.24,62.24,62.19,62.2,-0.03,-0.05%,39
2025-09-11 18:15,62.22,62.22,62.2,62.2,0,0.00%,36
2025-09-11 18:20,62.21,62.21,62.18,62.19,-0.01,-0.02%,25
2025-09-11 18:25,62.2,62.2,62.18,62.19,0,0.00%,42
2025-09-11 18:30,62.19,62.2,62.19,62.2,0.01,0.02%,9
2025-09-11 18:35,62.19,62.21,62.18,62.2,0,0.00%,15
2025-09-11 18:40,62.21,62.21,62.2,62.2,0,0.00%,6
2025-09-11 18:45,62.21,62.21,62.2,62.2,0,0.00%,17
2025-09-11 18:50,62.2,62.21,62.2,62.2,0,0.00%,10
2025-09-11 18:55,62.21,62.21,62.2,62.2,0,0.00%,13
2025-09-11 19:00,62.2,62.2,62.1,62.19,-0.01,-0.02%,425
2025-09-11 19:05,62.19,62.2,62.11,62.12,-0.07,-0.11%,137
2025-09-11 19:10,62.12,62.13,62.08,62.1,-0.02,-0.03%,202
2025-09-11 19:15,62.1,62.11,62.09,62.1,0,0.00%,57
2025-09-11 19:20,62.09,62.1,62.06,62.06,-0.04,-0.06%,116
2025-09-11 19:25,62.06,62.08,62.05,62.05,-0.01,-0.02%,82
2025-09-11 19:30,62.05,62.09,62.05,62.07,0.02,0.03%,72
2025-09-11 19:35,62.07,62.08,62.04,62.06,-0.01,-0.02%,104
2025-09-11 19:40,62.06,62.08,62.05,62.06,0,0.00%,40
2025-09-11 19:45,62.06,62.07,62.05,62.05,-0.01,-0.02%,38
2025-09-11 19:50,62.06,62.09,62.05,62.09,0.04,0.06%,65
2025-09-11 19:55,62.09,62.1,62.05,62.06,-0.03,-0.05%,80
2025-09-11 20:00,62.06,62.1,62.03,62.05,-0.01,-0.02%,242
2025-09-11 20:05,62.06,62.07,62.01,62.07,0.02,0.03%,91
2025-09-11 20:10,62.06,62.07,62.05,62.05,-0.02,-0.03%,51
2025-09-11 20:15,62.06,62.07,62.03,62.06,0.01,0.02%,69
2025-09-11 20:20,62.06,62.07,62.06,62.06,0,0.00%,50
2025-09-11 20:25,62.06,62.06,62,62.03,-0.03,-0.05%,139
2025-09-11 20:30,62.03,62.04,61.97,62.01,-0.02,-0.03%,197
2025-09-11 20:35,62.01,62.02,61.99,62.01,0,0.00%,82
2025-09-11 20:40,62.01,62.01,61.98,62.01,0,0.00%,69
2025-09-11 20:45,62.01,62.02,61.99,61.99,-0.02,-0.03%,107
2025-09-11 20:50,61.99,62,61.92,61.95,-0.04,-0.06%,201
2025-09-11 20:55,61.96,61.97,61.86,61.87,-0.08,-0.13%,501
2025-09-11 21:00,61.88,61.91,61.86,61.87,0,0.00%,139
2025-09-11 21:05,61.86,61.89,61.86,61.86,-0.01,-0.02%,96
2025-09-11 21:10,61.87,61.89,61.86,61.87,0.01,0.02%,179
2025-09-11 21:15,61.87,61.9,61.87,61.88,0.01,0.02%,105
2025-09-11 21:20,61.88,61.9,61.87,61.88,0,0.00%,82
2025-09-11 21:25,61.88,61.92,61.88,61.92,0.04,0.06%,75
2025-09-11 21:30,61.91,61.91,61.87,61.87,-0.05,-0.08%,65
2025-09-11 21:35,61.86,61.87,61.85,61.85,-0.02,-0.03%,108
2025-09-11 21:40,61.85,61.89,61.83,61.87,0.02,0.03%,146
2025-09-11 21:45,61.87,61.88,61.81,61.81,-0.06,-0.10%,147
2025-09-11 21:50,61.81,61.84,61.81,61.81,0,0.00%,87
2025-09-11 21:55,61.81,61.83,61.8,61.8,-0.01,-0.02%,101
2025-09-11 22:00,61.8,61.8,61.76,61.77,-0.03,-0.05%,248
2025-09-11 22:05,61.77,61.8,61.77,61.79,0.02,0.03%,57
2025-09-11 22:10,61.78,61.8,61.77,61.79,0,0.00%,66
2025-09-11 22:15,61.79,61.84,61.79,61.82,0.03,0.05%,112
2025-09-11 22:20,61.82,61.86,61.81,61.85,0.03,0.05%,116
2025-09-11 22:25,61.84,61.84,61.8,61.8,-0.05,-0.08%,125
2025-09-11 22:30,61.81,61.85,61.77,61.78,-0.02,-0.03%,275
2025-09-11 22:35,61.78,61.81,61.78,61.81,0.03,0.05%,82
2025-09-11 22:40,61.81,61.83,61.79,61.83,0.02,0.03%,83
2025-09-11 22:45,61.82,61.86,61.81,61.85,0.02,0.03%,76
2025-09-11 22:50,61.85,61.86,61.83,61.83,-0.02,-0.03%,42
2025-09-11 22:55,61.83,61.85,61.83,61.84,0.01,0.02%,35
2025-09-11 23:00,61.84,61.87,61.84,61.84,0,0.00%,111
2025-09-11 23:05,61.84,61.86,61.84,61.86,0.02,0.03%,32
2025-09-11 23:10,61.87,61.87,61.85,61.85,-0.01,-0.02%,71
2025-09-11 23:15,61.84,61.87,61.84,61.86,0.01,0.02%,16
2025-09-11 23:20,61.86,61.88,61.86,61.87,0.01,0.02%,44
2025-09-11 23:25,61.87,61.88,61.85,61.87,0,0.00%,44
2025-09-11 23:30,61.86,61.88,61.86,61.86,-0.01,-0.02%,51
2025-09-11 23:35,61.87,61.87,61.83,61.84,-0.02,-0.03%,124
2025-09-11 23:40,61.84,61.85,61.84,61.85,0.01,0.02%,42
2025-09-11 23:45,61.84,61.85,61.84,61.84,-0.01,-0.02%,28
2025-09-11 23:50,61.84,61.85,61.81,61.82,-0.02,-0.03%,92
2025-09-11 23:55,61.83,61.83,61.82,61.83,0.01,0.02%,26
2025-09-12 0:00,61.83,61.83,61.8,61.83,0,0.00%,78
2025-09-12 0:05,61.82,61.85,61.82,61.85,0.02,0.03%,40
2025-09-12 0:10,61.86,61.86,61.85,61.86,0.01,0.02%,24
2025-09-12 0:15,61.87,61.9,61.86,61.9,0.04,0.06%,224
2025-09-12 0:20,61.89,61.9,61.88,61.88,-0.02,-0.03%,82
2025-09-12 0:25,61.88,61.88,61.85,61.88,0,0.00%,80
2025-09-12 0:30,61.87,61.88,61.83,61.87,-0.01,-0.02%,82
2025-09-12 0:35,61.87,61.91,61.87,61.88,0.01,0.02%,88
2025-09-12 0:40,61.88,61.9,61.88,61.9,0.02,0.03%,74
2025-09-12 0:45,61.9,61.93,61.88,61.89,-0.01,-0.02%,94
2025-09-12 0:50,61.89,61.9,61.88,61.89,0,0.00%,32
2025-09-12 0:55,61.9,61.91,61.88,61.88,-0.01,-0.02%,70
2025-09-12 1:00,61.87,61.9,61.85,61.87,-0.01,-0.02%,345
2025-09-12 1:05,61.86,61.89,61.75,61.77,-0.1,-0.16%,483
2025-09-12 1:10,61.77,61.84,61.75,61.81,0.04,0.06%,348
2025-09-12 1:15,61.81,61.9,61.81,61.88,0.07,0.11%,202
2025-09-12 1:20,61.87,61.87,61.79,61.81,-0.07,-0.11%,213
2025-09-12 1:25,61.81,61.84,61.81,61.82,0.01,0.02%,94
2025-09-12 1:30,61.82,61.85,61.81,61.82,0,0.00%,59
2025-09-12 1:35,61.83,61.83,61.81,61.82,0,0.00%,55
2025-09-12 1:40,61.81,61.81,61.76,61.8,-0.02,-0.03%,169
2025-09-12 1:45,61.79,61.8,61.7,61.76,-0.04,-0.06%,339
2025-09-12 1:50,61.77,61.78,61.71,61.74,-0.02,-0.03%,208
2025-09-12 1:55,61.74,61.77,61.74,61.74,0,0.00%,158
2025-09-12 2:00,61.74,61.86,61.69,61.85,0.11,0.18%,695
2025-09-12 2:05,61.85,61.92,61.84,61.91,0.06,0.10%,693
2025-09-12 2:10,61.91,61.97,61.89,61.93,0.02,0.03%,466
2025-09-12 2:15,61.93,61.96,61.9,61.96,0.03,0.05%,198
2025-09-12 2:20,61.95,61.97,61.78,61.83,-0.13,-0.21%,427
2025-09-12 2:25,61.83,61.87,61.8,61.86,0.03,0.05%,313
2025-09-12 2:30,61.86,61.93,61.83,61.91,0.05,0.08%,223
2025-09-12 2:35,61.91,61.94,61.84,61.9,-0.01,-0.02%,271
2025-09-12 2:40,61.9,61.97,61.9,61.95,0.05,0.08%,352
2025-09-12 2:45,61.95,62.01,61.91,61.99,0.04,0.06%,393
2025-09-12 2:50,61.98,62.11,61.97,62.1,0.11,0.18%,859
2025-09-12 2:55,62.1,62.15,62.06,62.08,-0.02,-0.03%,520
2025-09-12 3:00,62.09,62.18,62.08,62.11,0.03,0.05%,624
2025-09-12 3:05,62.11,62.15,62.08,62.14,0.03,0.05%,325
2025-09-12 3:10,62.15,62.19,62.14,62.17,0.03,0.05%,428
2025-09-12 3:15,62.17,62.18,62.08,62.11,-0.06,-0.10%,327
2025-09-12 3:20,62.11,62.19,62.11,62.14,0.03,0.05%,337
2025-09-12 3:25,62.14,62.22,62.12,62.22,0.08,0.13%,533
2025-09-12 3:30,62.22,62.33,62.16,62.29,0.07,0.11%,1141
2025-09-12 3:35,62.29,62.33,62.26,62.28,-0.01,-0.02%,511
2025-09-12 3:40,62.27,62.27,62.22,62.27,-0.01,-0.02%,320
2025-09-12 3:45,62.27,62.35,62.25,62.32,0.05,0.08%,535
2025-09-12 3:50,62.32,62.42,62.32,62.41,0.09,0.14%,730
2025-09-12 3:55,62.41,62.45,62.34,62.35,-0.06,-0.10%,663
2025-09-12 4:00,62.35,62.39,62.34,62.39,0.04,0.06%,360
2025-09-12 4:05,62.39,62.5,62.39,62.49,0.1,0.16%,758
2025-09-12 4:10,62.49,62.58,62.47,62.53,0.04,0.06%,1269
2025-09-12 4:15,62.54,62.66,62.52,62.64,0.11,0.18%,1366
2025-09-12 4:20,62.64,62.83,62.64,62.73,0.09,0.14%,1737
2025-09-12 4:25,62.74,62.74,62.69,62.72,-0.01,-0.02%,553
2025-09-12 4:30,62.72,62.8,62.68,62.8,0.08,0.13%,903
2025-09-12 4:35,62.8,62.83,62.78,62.78,-0.02,-0.03%,521
2025-09-12 4:40,62.78,62.82,62.72,62.75,-0.03,-0.05%,1019
2025-09-12 4:45,62.74,62.76,62.63,62.7,-0.05,-0.08%,1042
2025-09-12 4:50,62.7,62.72,62.61,62.63,-0.07,-0.11%,352
2025-09-12 4:55,62.63,62.64,62.56,62.57,-0.06,-0.10%,408
2025-09-12 5:00,62.58,62.66,62.57,62.6,0.03,0.05%,444
2025-09-12 5:05,62.6,62.65,62.59,62.61,0.01,0.02%,405
2025-09-12 5:10,62.61,62.67,62.61,62.66,0.05,0.08%,312
2025-09-12 5:15,62.66,62.71,62.64,62.7,0.04,0.06%,359
2025-09-12 5:20,62.69,62.74,62.67,62.72,0.02,0.03%,380
2025-09-12 5:25,62.71,62.78,62.71,62.74,0.02,0.03%,420
2025-09-12 5:30,62.74,62.78,62.73,62.78,0.04,0.06%,298
2025-09-12 5:35,62.77,62.78,62.73,62.75,-0.03,-0.05%,246
2025-09-12 5:40,62.75,62.82,62.74,62.79,0.04,0.06%,493
2025-09-12 5:45,62.79,62.89,62.77,62.88,0.09,0.14%,965
2025-09-12 5:50,62.87,62.99,62.86,62.98,0.1,0.16%,965
2025-09-12 5:55,62.98,63.03,62.97,62.99,0.01,0.02%,1346
2025-09-12 6:00,62.99,63.09,62.95,63.08,0.09,0.14%,958
2025-09-12 6:05,63.07,63.13,63.06,63.11,0.03,0.05%,878
2025-09-12 6:10,63.11,63.15,63.08,63.1,-0.01,-0.02%,751
2025-09-12 6:15,63.1,63.13,63.06,63.08,-0.02,-0.03%,489
2025-09-12 6:20,63.08,63.15,63.06,63.09,0.01,0.02%,544
2025-09-12 6:25,63.1,63.18,63.09,63.16,0.07,0.11%,685
2025-09-12 6:30,63.16,63.23,63.14,63.19,0.03,0.05%,1052
2025-09-12 6:35,63.2,63.31,63.18,63.29,0.1,0.16%,1507
2025-09-12 6:40,63.29,63.38,63.27,63.29,0,0.00%,1108
2025-09-12 6:45,63.29,63.33,63.25,63.31,0.02,0.03%,1070
2025-09-12 6:50,63.31,63.33,63.27,63.31,0,0.00%,1111
2025-09-12 6:55,63.31,63.44,63.3,63.43,0.12,0.19%,1210
2025-09-12 7:00,63.44,63.53,63.41,63.47,0.04,0.06%,1841
2025-09-12 7:05,63.48,63.51,63.41,63.5,0.03,0.05%,1031
2025-09-12 7:10,63.49,63.55,63.47,63.48,-0.02,-0.03%,1313
2025-09-12 7:15,63.49,63.54,63.44,63.46,-0.02,-0.03%,962
2025-09-12 7:20,63.46,63.67,63.46,63.53,0.07,0.11%,2835
2025-09-12 7:25,63.53,63.98,63.53,63.77,0.24,0.38%,8091
2025-09-12 7:30,63.78,63.9,63.23,63.39,-0.38,-0.60%,6770
2025-09-12 7:35,63.39,63.66,63.36,63.45,0.06,0.09%,6157
2025-09-12 7:40,63.46,63.59,63.38,63.56,0.11,0.17%,2494
2025-09-12 7:45,63.55,63.61,63.48,63.54,-0.02,-0.03%,969
2025-09-12 7:50,63.53,63.65,63.51,63.6,0.06,0.09%,1123
2025-09-12 7:55,63.6,63.66,63.51,63.52,-0.08,-0.13%,1281
2025-09-12 8:00,63.53,63.53,63.29,63.52,0,0.00%,4466
2025-09-12 8:05,63.52,63.55,63.38,63.45,-0.07,-0.11%,1590
2025-09-12 8:10,63.46,63.56,63.42,63.5,0.05,0.08%,1441
2025-09-12 8:15,63.5,63.52,63.31,63.32,-0.18,-0.28%,1147
2025-09-12 8:20,63.32,63.36,63.16,63.24,-0.08,-0.13%,2255
2025-09-12 8:25,63.25,63.28,63.19,63.25,0.01,0.02%,862
2025-09-12 8:30,63.25,63.51,63.2,63.45,0.2,0.32%,3431
2025-09-12 8:35,63.45,63.53,63.37,63.4,-0.05,-0.08%,1846
2025-09-12 8:40,63.39,63.44,63.29,63.36,-0.04,-0.06%,1347
2025-09-12 8:45,63.35,63.35,63.3,63.35,-0.01,-0.02%,989
2025-09-12 8:50,63.35,63.4,63.28,63.29,-0.06,-0.09%,999
2025-09-12 8:55,63.29,63.39,63.28,63.37,0.08,0.13%,828
2025-09-12 9:00,63.36,63.38,63.3,63.32,-0.05,-0.08%,729
2025-09-12 9:05,63.32,63.37,63.26,63.3,-0.02,-0.03%,907
2025-09-12 9:10,63.3,63.44,63.29,63.38,0.08,0.13%,1184
2025-09-12 9:15,63.38,63.46,63.37,63.45,0.07,0.11%,587
2025-09-12 9:20,63.45,63.47,63.42,63.46,0.01,0.02%,514
2025-09-12 9:25,63.46,63.5,63.41,63.49,0.03,0.05%,1126
2025-09-12 9:30,63.48,63.5,63.33,63.37,-0.12,-0.19%,985
2025-09-12 9:35,63.38,63.38,63.28,63.34,-0.03,-0.05%,1244
2025-09-12 9:40,63.33,63.33,63.22,63.28,-0.06,-0.09%,1234
2025-09-12 9:45,63.27,63.31,63.18,63.18,-0.1,-0.16%,936
2025-09-12 9:50,63.18,63.23,63.18,63.19,0.01,0.02%,1058
2025-09-12 9:55,63.19,63.33,63.19,63.32,0.13,0.21%,1359
2025-09-12 10:00,63.31,63.41,63.29,63.38,0.06,0.09%,1218
2025-09-12 10:05,63.39,63.43,63.35,63.38,0,0.00%,874
2025-09-12 10:10,63.37,63.41,63.35,63.39,0.01,0.02%,789
2025-09-12 10:15,63.38,63.5,63.38,63.48,0.09,0.14%,961
2025-09-12 10:20,63.48,63.52,63.39,63.39,-0.09,-0.14%,794
2025-09-12 10:25,63.39,63.44,63.34,63.38,-0.01,-0.02%,982
2025-09-12 10:30,63.38,63.45,63.38,63.42,0.04,0.06%,895
2025-09-12 10:35,63.42,63.46,63.37,63.39,-0.03,-0.05%,597
2025-09-12 10:40,63.38,63.39,63.25,63.26,-0.13,-0.21%,1124
2025-09-12 10:45,63.26,63.29,63.22,63.24,-0.02,-0.03%,861
2025-09-12 10:50,63.24,63.32,63.23,63.26,0.02,0.03%,759
2025-09-12 10:55,63.26,63.3,63.21,63.24,-0.02,-0.03%,669
2025-09-12 11:00,63.25,63.27,63.23,63.26,0.02,0.03%,712
2025-09-12 11:05,63.26,63.3,63.21,63.29,0.03,0.05%,714
2025-09-12 11:10,63.29,63.3,63.24,63.25,-0.04,-0.06%,596
2025-09-12 11:15,63.25,63.27,63.19,63.22,-0.03,-0.05%,575
2025-09-12 11:20,63.21,63.21,63.11,63.18,-0.04,-0.06%,735
2025-09-12 11:25,63.19,63.2,62.98,62.99,-0.19,-0.30%,2870
2025-09-12 11:30,62.99,63,62.82,62.82,-0.17,-0.27%,2027
2025-09-12 11:35,62.82,62.85,62.78,62.82,0,0.00%,1475
2025-09-12 11:40,62.82,62.84,62.73,62.76,-0.06,-0.10%,1006
2025-09-12 11:45,62.76,62.81,62.73,62.77,0.01,0.02%,1281
2025-09-12 11:50,62.77,62.77,62.59,62.59,-0.18,-0.29%,1809
2025-09-12 11:55,62.59,62.62,62.56,62.56,-0.03,-0.05%,1250
2025-09-12 12:00,62.55,62.6,62.53,62.55,-0.01,-0.02%,1218
2025-09-12 12:05,62.55,62.63,62.53,62.61,0.06,0.10%,1046
2025-09-12 12:10,62.61,62.66,62.59,62.62,0.01,0.02%,845
2025-09-12 12:15,62.62,62.62,62.57,62.6,-0.02,-0.03%,733
2025-09-12 12:20,62.61,62.61,62.56,62.6,0,0.00%,675
2025-09-12 12:25,62.6,62.61,62.53,62.53,-0.07,-0.11%,673
2025-09-12 12:30,62.52,62.56,62.52,62.56,0.03,0.05%,734
2025-09-12 12:35,62.56,62.62,62.55,62.55,-0.01,-0.02%,1084
2025-09-12 12:40,62.55,62.58,62.45,62.48,-0.07,-0.11%,1192
2025-09-12 12:45,62.48,62.56,62.47,62.53,0.05,0.08%,990
2025-09-12 12:50,62.54,62.58,62.52,62.56,0.03,0.05%,1165
2025-09-12 12:55,62.57,62.6,62.52,62.52,-0.04,-0.06%,860
2025-09-12 13:00,62.52,62.61,62.5,62.57,0.05,0.08%,1378
2025-09-12 13:05,62.57,62.59,62.52,62.52,-0.05,-0.08%,658
2025-09-12 13:10,62.53,62.59,62.52,62.57,0.05,0.08%,846
2025-09-12 13:15,62.58,62.69,62.57,62.65,0.08,0.13%,1601
2025-09-12 13:20,62.66,62.73,62.63,62.69,0.04,0.06%,1852
2025-09-12 13:25,62.7,62.74,62.63,62.67,-0.02,-0.03%,7412
2025-09-12 13:30,62.67,62.7,62.55,62.62,-0.05,-0.08%,2067
2025-09-12 13:35,62.61,62.63,62.57,62.58,-0.04,-0.06%,361
2025-09-12 13:40,62.57,62.59,62.55,62.55,-0.03,-0.05%,472
2025-09-12 13:45,62.55,62.58,62.55,62.55,0,0.00%,400
2025-09-12 13:50,62.55,62.58,62.55,62.56,0.01,0.02%,378
2025-09-12 13:55,62.56,62.58,62.54,62.55,-0.01,-0.02%,254
2025-09-12 14:00,62.55,62.6,62.5,62.51,-0.04,-0.06%,644
2025-09-12 14:05,62.51,62.56,62.49,62.5,-0.01,-0.02%,447
2025-09-12 14:10,62.5,62.55,62.5,62.55,0.05,0.08%,326
2025-09-12 14:15,62.56,62.6,62.55,62.58,0.03,0.05%,223
2025-09-12 14:20,62.59,62.59,62.56,62.56,-0.02,-0.03%,185
2025-09-12 14:25,62.55,62.56,62.51,62.52,-0.04,-0.06%,339
2025-09-12 14:30,62.52,62.56,62.5,62.56,0.04,0.06%,318
2025-09-12 14:35,62.56,62.58,62.55,62.57,0.01,0.02%,187
2025-09-12 14:40,62.57,62.61,62.56,62.6,0.03,0.05%,183
2025-09-12 14:45,62.6,62.6,62.54,62.55,-0.05,-0.08%,155
2025-09-12 14:50,62.54,62.55,62.51,62.53,-0.02,-0.03%,351
2025-09-12 14:55,62.53,62.54,62.5,62.51,-0.02,-0.03%,250
2025-09-12 15:00,62.51,62.56,62.5,62.55,0.04,0.06%,190
2025-09-12 15:05,62.55,62.57,62.53,62.54,-0.01,-0.02%,211
2025-09-12 15:10,62.55,62.58,62.54,62.58,0.04,0.06%,313
2025-09-12 15:15,62.58,62.6,62.57,62.59,0.01,0.02%,103
2025-09-12 15:20,62.59,62.62,62.58,62.61,0.02,0.03%,661
2025-09-12 15:25,62.62,62.69,62.61,62.67,0.06,0.10%,1180
2025-09-12 15:30,62.67,62.67,62.61,62.62,-0.05,-0.08%,181
2025-09-12 15:35,62.61,62.62,62.59,62.6,-0.02,-0.03%,150
2025-09-12 15:40,62.6,62.6,62.55,62.57,-0.03,-0.05%,228
2025-09-12 15:45,62.56,62.61,62.56,62.59,0.02,0.03%,157
2025-09-12 15:50,62.59,62.6,62.57,62.59,0,0.00%,135
2025-09-12 15:55,62.58,62.61,62.56,62.6,0.01,0.02%,204
